{
  "Parsing sum": {
    "UAS": [
      73.03,
      76.14,
      72.21,
      72.87,
      70.53,
      72.17,
      74.71,
      71.98,
      74.1,
      72.99
    ],
    "LAS": [
      66.64,
      70.09,
      65.64,
      66.17,
      64.41,
      66.8,
      69.76,
      65.63,
      67.98,
      67.14
    ]
  },
  "Parsing average": {
    "UAS": 73.07300000000001,
    "LAS": 67.026
  },
  "Parsing std": {
    "UAS": 1.578065271146918,
    "LAS": 1.8083768043930104
  },
  "Tokenizer tokens sum": {
    "f1": [
      96.35,
      94.67,
      93.56,
      95.05,
      92.45,
      93.06,
      95.02,
      95.41,
      93.09,
      95.22
    ]
  },
  "Tokenizer tokens average f1": 94.388,
  "Tokenizer tokens std": 1.2646106120067127,
  "Tokenizer multiword sum": {
    "f1": [
      94.74,
      85.71,
      92.31,
      85.71,
      59.26,
      88.0,
      94.74,
      86.96,
      95.65,
      78.79
    ]
  },
  "Tokenizer multiword tokens average f1": 86.18699999999998,
  "Tokenizer multiword tokens std": 10.839565438193954,
  "Tokenizer words sum": {
    "f1": [
      96.19,
      94.6,
      93.55,
      94.98,
      92.08,
      93.09,
      94.94,
      95.28,
      93.11,
      95.09
    ]
  },
  "Tokenizer words average f1": 94.29100000000001,
  "Tokenizer words std": 1.2688091529724503,
  "Tokenizer sentences sum": {
    "f1": [
      69.47,
      61.6,
      58.46,
      61.42,
      50.38,
      52.27,
      63.16,
      60.77,
      55.09,
      61.83
    ]
  },
  "Tokenizer sentences average f1": 59.44500000000001,
  "Tokenizer sentences std": 5.616260618359276,
  "Tagging sum": {
    "upostag": [
      90.14,
      89.93,
      88.28,
      88.95,
      87.43,
      88.12,
      90.53,
      90.24,
      87.96,
      89.02
    ],
    "xpostag": [
      89.73,
      89.62,
      87.46,
      87.76,
      86.45,
      87.41,
      89.46,
      88.66,
      87.07,
      88.2
    ],
    "feats": [
      88.77,
      88.7,
      86.33,
      86.94,
      85.22,
      86.62,
      88.7,
      87.49,
      86.27,
      87.75
    ],
    "alltags": [
      86.84,
      87.09,
      84.95,
      85.23,
      83.67,
      84.8,
      87.26,
      86.25,
      84.82,
      85.8
    ],
    "lemmas": [
      93.71,
      92.3,
      90.63,
      92.22,
      89.47,
      89.62,
      92.51,
      92.8,
      90.21,
      92.54
    ]
  },
  "Tagging average f1": {
    "upostag": 89.06,
    "xpostag": 88.18200000000002,
    "feats": 87.279,
    "alltags": 85.671,
    "lemmas": 91.601
  },
  "Tagging std": {
    "upostag": 1.097937460271151,
    "xpostag": 1.1478462924586694,
    "feats": 1.2126779365428313,
    "alltags": 1.1765339868538547,
    "lemmas": 1.4835576609398549
  }
}