{
  "Parsing sum": {
    "UAS": [
      73.77,
      77.09,
      74.64,
      74.08,
      76.67,
      75.13,
      74.7,
      71.19,
      73.72,
      73.91
    ],
    "LAS": [
      68.39,
      71.72,
      69.56,
      68.98,
      70.87,
      69.86,
      69.76,
      66.23,
      68.98,
      67.76
    ]
  },
  "Parsing average": {
    "UAS": 74.49,
    "LAS": 69.21100000000001
  },
  "Parsing std": {
    "UAS": 1.6497272501841038,
    "LAS": 1.5514971264341195
  },
  "Tokenizer tokens sum": {
    "f1": [
      94.05,
      95.31,
      92.97,
      94.25,
      94.94,
      94.37,
      94.23,
      93.15,
      94.13,
      94.92
    ]
  },
  "Tokenizer tokens average f1": 94.232,
  "Tokenizer tokens std": 0.7425900618780188,
  "Tokenizer multiword sum": {
    "f1": [
      85.33,
      86.32,
      73.42,
      87.8,
      92.54,
      90.91,
      90.91,
      81.69,
      86.67,
      88.42
    ]
  },
  "Tokenizer multiword tokens average f1": 86.40099999999998,
  "Tokenizer multiword tokens std": 5.540847207582769,
  "Tokenizer words sum": {
    "f1": [
      93.82,
      95.09,
      92.66,
      94.09,
      94.8,
      94.29,
      94.2,
      92.79,
      93.96,
      94.84
    ]
  },
  "Tokenizer words average f1": 94.054,
  "Tokenizer words std": 0.8117498246244215,
  "Tokenizer sentences sum": {
    "f1": [
      62.25,
      67.5,
      56.27,
      58.11,
      66.19,
      62.39,
      58.63,
      57.25,
      62.75,
      64.16
    ]
  },
  "Tokenizer sentences average f1": 61.54999999999999,
  "Tokenizer sentences std": 3.8457509019696,
  "Tagging sum": {
    "upostag": [
      89.09,
      90.28,
      88.47,
      90.06,
      89.88,
      89.94,
      89.45,
      87.48,
      89.8,
      89.84
    ],
    "xpostag": [
      88.25,
      89.61,
      87.19,
      89.44,
      89.65,
      88.75,
      88.92,
      86.56,
      88.76,
      88.88
    ],
    "feats": [
      85.45,
      86.92,
      85.27,
      86.32,
      87.19,
      86.02,
      86.49,
      84.9,
      86.39,
      85.87
    ],
    "alltags": [
      84.36,
      86.14,
      84.39,
      85.21,
      86.19,
      85.17,
      85.32,
      83.51,
      85.49,
      85.1
    ],
    "lemmas": [
      90.94,
      91.83,
      88.95,
      90.76,
      92.03,
      90.33,
      91.54,
      89.42,
      90.54,
      91.06
    ]
  },
  "Tagging average f1": {
    "upostag": 89.429,
    "xpostag": 88.601,
    "feats": 86.082,
    "alltags": 85.088,
    "lemmas": 90.74000000000001
  },
  "Tagging std": {
    "upostag": 0.8645544774301054,
    "xpostag": 1.0181295486222655,
    "feats": 0.7266788989796112,
    "alltags": 0.8209452546370604,
    "lemmas": 0.9882419856605069
  }
}