{
  "Parsing sum": {
    "UAS": [
      71.38,
      73.54,
      69.45,
      71.01,
      66.53,
      69.17,
      71.99,
      70.53,
      70.32,
      70.74
    ],
    "LAS": [
      65.06,
      67.79,
      63.04,
      64.53,
      60.73,
      63.64,
      66.89,
      64.12,
      64.44,
      64.82
    ]
  },
  "Parsing average": {
    "UAS": 70.46599999999998,
    "LAS": 64.506
  },
  "Parsing std": {
    "UAS": 1.862132588667568,
    "LAS": 1.948926770188034
  },
  "Tokenizer tokens sum": {
    "f1": [
      96.35,
      94.67,
      93.56,
      95.05,
      92.45,
      93.06,
      94.9,
      95.41,
      93.09,
      95.22
    ]
  },
  "Tokenizer tokens average f1": 94.376,
  "Tokenizer tokens std": 1.2585017547332464,
  "Tokenizer multiword sum": {
    "f1": [
      94.74,
      85.71,
      92.31,
      85.71,
      59.26,
      88.0,
      94.74,
      86.96,
      95.65,
      78.79
    ]
  },
  "Tokenizer multiword tokens average f1": 86.18699999999998,
  "Tokenizer multiword tokens std": 10.839565438193954,
  "Tokenizer words sum": {
    "f1": [
      96.19,
      94.6,
      93.55,
      94.98,
      92.08,
      93.09,
      94.82,
      95.28,
      93.11,
      95.09
    ]
  },
  "Tokenizer words average f1": 94.279,
  "Tokenizer words std": 1.262541088440293,
  "Tokenizer sentences sum": {
    "f1": [
      74.29,
      68.07,
      64.68,
      68.33,
      58.52,
      59.74,
      69.71,
      66.95,
      62.66,
      68.07
    ]
  },
  "Tokenizer sentences average f1": 66.102,
  "Tokenizer sentences std": 4.776346348878443,
  "Tagging sum": {
    "upostag": [
      90.21,
      90.0,
      88.28,
      89.1,
      87.35,
      88.04,
      90.64,
      90.18,
      87.72,
      88.87
    ],
    "xpostag": [
      89.8,
      89.7,
      87.3,
      87.9,
      86.37,
      87.33,
      89.65,
      88.59,
      86.91,
      88.05
    ],
    "feats": [
      88.77,
      88.7,
      86.17,
      87.01,
      85.31,
      86.54,
      88.81,
      87.49,
      86.27,
      87.82
    ],
    "lemmas": [
      93.71,
      92.38,
      90.55,
      92.15,
      89.55,
      89.54,
      92.47,
      92.8,
      90.21,
      92.62
    ]
  },
  "Tagging average f1": {
    "upostag": 89.039,
    "xpostag": 88.16,
    "feats": 87.28899999999999,
    "lemmas": 91.598
  },
  "Tagging std": {
    "upostag": 1.1718309510239857,
    "xpostag": 1.2356284950492926,
    "feats": 1.232246818710529,
    "lemmas": 1.4937261388145338
  }
}