{
  "Parsing sum": {
    "UAS": [
      74.7,
      76.95,
      73.01,
      74.77,
      73.52,
      70.54,
      77.25,
      74.31,
      73.82,
      75.74
    ],
    "LAS": [
      68.84,
      71.63,
      66.79,
      68.64,
      68.66,
      64.19,
      71.37,
      68.78,
      68.17,
      70.23
    ]
  },
  "Parsing average": {
    "UAS": 74.46099999999998,
    "LAS": 68.72999999999999
  },
  "Parsing std": {
    "UAS": 1.9596170260764942,
    "LAS": 2.169126808444152
  },
  "Tokenizer tokens sum": {
    "f1": [
      94.12,
      95.33,
      93.86,
      96.3,
      94.76,
      93.54,
      95.41,
      94.4,
      94.54,
      94.17
    ]
  },
  "Tokenizer tokens average f1": 94.643,
  "Tokenizer tokens std": 0.8310776137040363,
  "Tokenizer multiword sum": {
    "f1": [
      88.57,
      85.19,
      84.44,
      80.0,
      90.48,
      90.2,
      79.31,
      77.14,
      93.33,
      85.71
    ]
  },
  "Tokenizer multiword tokens average f1": 85.437,
  "Tokenizer multiword tokens std": 5.346899516957882,
  "Tokenizer words sum": {
    "f1": [
      93.95,
      95.19,
      93.71,
      96.1,
      94.63,
      93.46,
      94.82,
      93.86,
      94.44,
      93.99
    ]
  },
  "Tokenizer words average f1": 94.415,
  "Tokenizer words std": 0.8003228515209758,
  "Tokenizer sentences sum": {
    "f1": [
      56.59,
      64.58,
      53.33,
      69.44,
      61.84,
      51.46,
      67.15,
      58.88,
      54.11,
      56.1
    ]
  },
  "Tokenizer sentences average f1": 59.348,
  "Tokenizer sentences std": 6.151351793621374,
  "Tagging sum": {
    "upostag": [
      89.64,
      90.71,
      89.39,
      91.63,
      89.72,
      88.81,
      90.99,
      89.79,
      89.85,
      89.59
    ],
    "xpostag": [
      89.07,
      90.12,
      88.51,
      90.71,
      89.03,
      88.01,
      90.05,
      88.43,
      89.36,
      88.53
    ],
    "feats": [
      85.87,
      87.68,
      85.68,
      88.66,
      86.9,
      85.73,
      87.9,
      86.15,
      86.98,
      86.14
    ],
    "lemmas": [
      90.66,
      92.85,
      90.55,
      93.17,
      91.11,
      90.55,
      92.34,
      91.24,
      91.57,
      90.7
    ]
  },
  "Tagging average f1": {
    "upostag": 90.01200000000001,
    "xpostag": 89.182,
    "feats": 86.76899999999999,
    "lemmas": 91.474
  },
  "Tagging std": {
    "upostag": 0.8413322768086311,
    "xpostag": 0.8724906876293839,
    "feats": 1.032746607622389,
    "lemmas": 0.9823690186935305
  }
}