pair	gold_file	pred_file	sent_id	token_id	form	gold_head	pred_head	gold_deprel	pred_deprel
fold-1	test-1.conllu	test-1.out.conllu	MooreFP1994:1:4:31	4	ayuíri	3	3	ccomp	xcomp
fold-1	test-1.conllu	test-1.out.conllu	Navarro2016:0:0:30	1	Igara	2	0	nsubj	root
fold-1	test-1.conllu	test-1.out.conllu	Navarro2016:0:0:30	2	pisasú	0	1	root	amod
fold-1	test-1.conllu	test-1.out.conllu	Navarro2016:0:0:85	1	Mayé	3	5	det	advmod
fold-1	test-1.conllu	test-1.out.conllu	Navarro2016:0:0:85	2	waá	1	3	fixed	nmod:poss
fold-1	test-1.conllu	test-1.out.conllu	Navarro2016:0:0:142	3	nhaã	4	2	det	obj
fold-1	test-1.conllu	test-1.out.conllu	Navarro2016:0:0:200	3	Paulo	2	2	flat	nmod
fold-1	test-1.conllu	test-1.out.conllu	Avila2021:0:0:8	3	yandé	2	2	obj	nsubj
fold-1	test-1.conllu	test-1.out.conllu	Avila2021:3:1:12	10	aité	12	12	nsubj	det
fold-1	test-1.conllu	test-1.out.conllu	Avila2021:3:1:12	12	kana	3	3	parataxis	appos
fold-1	test-1.conllu	test-1.out.conllu	Avila2021:0:0:14	8	rã	7	7	fixed	case
fold-1	test-1.conllu	test-1.out.conllu	Avila2021:0:0:21	4	yawara	2	6	obj	nmod:poss
fold-1	test-1.conllu	test-1.out.conllu	Avila2021:0:0:21	6	rupiára	4	2	nmod	obj
fold-1	test-1.conllu	test-1.out.conllu	Avila2021:0:0:44	9	mamé	6	6	ccomp	advmod
fold-1	test-1.conllu	test-1.out.conllu	Avila2021:0:0:44	12	ruka	9	6	nsubj	obj
fold-1	test-1.conllu	test-1.out.conllu	Avila2021:9:1:58	3	apekatú	1	1	ccomp	advmod
fold-1	test-1.conllu	test-1.out.conllu	Avila2021:9:1:58	4	uikú	3	1	cop	aux
fold-1	test-1.conllu	test-1.out.conllu	Avila2021:0:0:77	13	mira-itá	11	11	iobj	obl
fold-1	test-1.conllu	test-1.out.conllu	Avila2021:0:0:92	14	usasá	5	2	advcl	parataxis
fold-1	test-1.conllu	test-1.out.conllu	Avila2021:0:0:98	2	waá	1	1	fixed	nsubj
fold-1	test-1.conllu	test-1.out.conllu	Avila2021:0:0:98	5	umaramunha	9	0	advcl	root
fold-1	test-1.conllu	test-1.out.conllu	Avila2021:0:0:98	9	usuú	0	5	root	parataxis
fold-1	test-1.conllu	test-1.out.conllu	Avila2021:0:0:98	20	pitunawasú	19	19	xcomp	obj
fold-1	test-1.conllu	test-1.out.conllu	Avila2021:0:0:98	23	iké	19	24	advmod	nmod:poss
fold-1	test-1.conllu	test-1.out.conllu	Avila2021:0:0:98	29	yamaã	19	19	advcl	parataxis
fold-1	test-1.conllu	test-1.out.conllu	Avila2021:0:0:104	2	ambeú	12	0	advcl	root
fold-1	test-1.conllu	test-1.out.conllu	Avila2021:0:0:104	4	indé	2	2	obl	iobj
fold-1	test-1.conllu	test-1.out.conllu	Avila2021:0:0:104	12	umendari	0	2	root	parataxis
fold-1	test-1.conllu	test-1.out.conllu	Avila2021:0:0:104	14	nhaã	12	12	obl	obj
fold-1	test-1.conllu	test-1.out.conllu	Avila2021:0:0:104	18	tetamawara-itá	14	15	nmod	obl
fold-1	test-1.conllu	test-1.out.conllu	Avila2021:0:0:105	1	Mayé	3	6	det	advmod
fold-1	test-1.conllu	test-1.out.conllu	Avila2021:0:0:105	2	waá	1	3	fixed	nmod:poss
fold-1	test-1.conllu	test-1.out.conllu	Avila2021:0:0:122	6	rundewara-itá	0	15	root	nmod:poss
fold-1	test-1.conllu	test-1.out.conllu	Avila2021:0:0:122	8	aintá	6	15	expl	nsubj
fold-1	test-1.conllu	test-1.out.conllu	Avila2021:0:0:122	13	rundewara-itá	15	15	nsubj	nmod:poss
fold-1	test-1.conllu	test-1.out.conllu	Avila2021:0:0:122	15	rakakwerawara	6	0	conj	root
fold-1	test-1.conllu	test-1.out.conllu	Avila2021:0:0:122	17	aintá	15	15	expl	nsubj
fold-1	test-1.conllu	test-1.out.conllu	Avila2021:0:0:124	17	ixé	16	16	obl	iobj
fold-1	test-1.conllu	test-1.out.conllu	Avila2021:0:0:125	2	aikwé	3	0	advmod	root
fold-1	test-1.conllu	test-1.out.conllu	Avila2021:0:0:125	3	urikú	0	2	root	parataxis
fold-1	test-1.conllu	test-1.out.conllu	Avila2021:13:2:131	7	upitá	4	1	acl:relcl	parataxis
fold-1	test-1.conllu	test-1.out.conllu	Avila2021:13:2:131	10	rangawa	7	7	nsubj	obj
fold-1	test-1.conllu	test-1.out.conllu	Avila2021:0:0:135	2	nhaã	1	8	det	nsubj
fold-1	test-1.conllu	test-1.out.conllu	Avila2021:0:0:135	4	waá	3	3	nsubj	obj
fold-1	test-1.conllu	test-1.out.conllu	Avila2021:0:0:142	2	piaiwasawa	3	3	obj	nsubj
fold-1	test-1.conllu	test-1.out.conllu	Avila2021:0:0:142	11	akwáu	3	3	parataxis	advcl
fold-1	test-1.conllu	test-1.out.conllu	Avila2021:0:0:142	12	indé	14	11	nsubj	obj
fold-1	test-1.conllu	test-1.out.conllu	Avila2021:0:0:142	14	pitúa	11	11	ccomp	obj
fold-1	test-1.conllu	test-1.out.conllu	Avila2021:0:0:142	16	waá	15	15	nsubj	obj
fold-1	test-1.conllu	test-1.out.conllu	Avila2021:0:0:142	17	taína	15	15	obj	obl
fold-1	test-1.conllu	test-1.out.conllu	Avila2021:0:0:155	6	penhẽ	5	5	iobj	obl
fold-1	test-1.conllu	test-1.out.conllu	Avila2021:0:0:179	19	xake	12	12	discourse	conj
fold-1	test-1.conllu	test-1.out.conllu	Avila2021:0:0:191	1	Kunhamukú	3	4	acl:relcl	advcl
fold-1	test-1.conllu	test-1.out.conllu	Avila2021:21:1:200	4	uyana	2	2	xcomp	parataxis
fold-1	test-1.conllu	test-1.out.conllu	Avila2021:22:2:211	15	umusãi	10	2	acl:relcl	parataxis
fold-1	test-1.conllu	test-1.out.conllu	Avila2021:0:0:220	13	ixé	14	12	nsubj	obj
fold-1	test-1.conllu	test-1.out.conllu	Avila2021:0:0:220	14	amanú	12	12	ccomp	parataxis
fold-1	test-1.conllu	test-1.out.conllu	Avila2021:0:0:228	3	umuyasuka	1	0	advcl:relcl	root
fold-1	test-1.conllu	test-1.out.conllu	Avila2021:0:0:228	13	umuyasuka	0	3	root	parataxis
fold-1	test-1.conllu	test-1.out.conllu	Avila2021:0:0:250	4	amú-tetamawara	1	1	nsubj	obj
fold-1	test-1.conllu	test-1.out.conllu	Avila2021:0:0:260	4	ara	0	7	root	obl
fold-1	test-1.conllu	test-1.out.conllu	Avila2021:0:0:260	7	muyuí	4	0	vocative	root
fold-1	test-1.conllu	test-1.out.conllu	Avila2021:0:0:265	5	umaã	11	0	advcl	root
fold-1	test-1.conllu	test-1.out.conllu	Avila2021:0:0:265	11	sukuriú	0	12	root	nsubj
fold-1	test-1.conllu	test-1.out.conllu	Avila2021:0:0:265	12	umamana	11	5	acl:relcl	parataxis
fold-1	test-1.conllu	test-1.out.conllu	Avila2021:0:0:287	7	umeẽ	3	3	ccomp	advcl
fold-1	test-1.conllu	test-1.out.conllu	Avila2021:26:2:303	1	Aité	3	3	det	nsubj
fold-1	test-1.conllu	test-1.out.conllu	Avila2021:26:2:303	7	amú	3	3	parataxis	conj
fold-1	test-1.conllu	test-1.out.conllu	Avila2021:0:0:305	15	aintá	16	16	expl	nsubj
fold-1	test-1.conllu	test-1.out.conllu	Avila2021:0:0:367	2	kuẽma	4	3	obl	nmod:poss
fold-1	test-1.conllu	test-1.out.conllu	Avila2021:0:0:367	8	puxiwera	4	4	parataxis	conj
fold-1	test-1.conllu	test-1.out.conllu	Avila2021:0:0:370	2	uwiké	8	0	advcl	root
fold-1	test-1.conllu	test-1.out.conllu	Avila2021:0:0:370	3	sawa	2	2	nsubj	obj
fold-1	test-1.conllu	test-1.out.conllu	Avila2021:0:0:370	8	yarikuté	0	2	root	parataxis
fold-1	test-1.conllu	test-1.out.conllu	Avila2021:0:0:391	4	upuãmu	7	0	advcl	root
fold-1	test-1.conllu	test-1.out.conllu	Avila2021:0:0:391	7	asú	0	4	root	parataxis
fold-1	test-1.conllu	test-1.out.conllu	Avila2021:33:1:420	1	Usika	8	0	advcl	root
fold-1	test-1.conllu	test-1.out.conllu	Avila2021:33:1:420	8	usikari	0	1	root	parataxis
fold-1	test-1.conllu	test-1.out.conllu	Avila2021:36:1:452	12	Oh	13	8	discourse	ccomp
fold-1	test-1.conllu	test-1.out.conllu	Avila2021:36:1:452	13	mikura	8	12	ccomp	conj
fold-1	test-1.conllu	test-1.out.conllu	Avila2021:0:0:547	3	iwaté	0	10	root	acl:relcl
fold-1	test-1.conllu	test-1.out.conllu	Avila2021:0:0:547	10	waá	13	0	nsubj	root
fold-1	test-1.conllu	test-1.out.conllu	Avila2021:0:0:547	13	ara	7	10	acl:relcl	obl
fold-1	test-1.conllu	test-1.out.conllu	Avila2021:0:0:552	8	umunhã	5	2	acl:relcl	advcl
fold-1	test-1.conllu	test-1.out.conllu	Avila2021:0:0:590	11	panakú	10	12	obj	nmod:poss
fold-1	test-1.conllu	test-1.out.conllu	Avila2021:0:0:597	17	upitá	16	16	parataxis	ccomp
fold-1	test-1.conllu	test-1.out.conllu	Avila2021:45:2:616	3	utikanga	2	2	ccomp	parataxis
fold-1	test-1.conllu	test-1.out.conllu	Avila2021:0:0:642	3	Santa	4	1	amod	ccomp
fold-1	test-1.conllu	test-1.out.conllu	Avila2021:0:0:654	4	mirá	3	6	obj	nmod:poss
fold-1	test-1.conllu	test-1.out.conllu	Avila2021:0:0:654	10	umaité	0	13	root	advcl
fold-1	test-1.conllu	test-1.out.conllu	Avila2021:0:0:654	13	umanú	10	0	ccomp	root
fold-1	test-1.conllu	test-1.out.conllu	Avila2021:0:0:654	21	hê	19	19	discourse	conj
fold-1	test-1.conllu	test-1.out.conllu	Avila2021:0:0:666	7	yandé	5	5	nsubj	parataxis
fold-1	test-1.conllu	test-1.out.conllu	Avila2021:0:0:726	3	Jesus	1	4	obj	nmod:poss
fold-1	test-1.conllu	test-1.out.conllu	Avila2021:0:0:726	4	Cristo	3	1	flat	obj
fold-1	test-1.conllu	test-1.out.conllu	Avila2021:0:0:726	9	masuí	7	7	csubj	obl
fold-1	test-1.conllu	test-1.out.conllu	NTLN2019:0:0:10	14	kunhã	4	4	dislocated	nsubj
fold-1	test-1.conllu	test-1.out.conllu	NTLN2019:0:0:10	18	uyuká	16	16	ccomp	advcl
fold-1	test-1.conllu	test-1.out.conllu	NTLN2019:0:0:11	4	ambeú	2	2	csubj	parataxis
fold-1	test-1.conllu	test-1.out.conllu	NTLN2019:0:0:11	16	ambeú	14	14	csubj	parataxis
fold-1	test-1.conllu	test-1.out.conllu	NTLN2019:0:0:11	18	Repuãmu	16	16	ccomp	parataxis
fold-1	test-1.conllu	test-1.out.conllu	NTLN2019:2:10:21	3	usupiri	10	0	advcl	root
fold-1	test-1.conllu	test-1.out.conllu	NTLN2019:2:10:21	10	axari	0	3	root	parataxis
fold-1	test-1.conllu	test-1.out.conllu	NTLN2019:2:10:21	12	aintá	13	13	expl	nsubj
fold-1	test-1.conllu	test-1.out.conllu	NTLN2019:2:10:21	13	uri	10	10	ccomp	parataxis
fold-1	test-1.conllu	test-1.out.conllu	NTLN2019:2:10:21	17	aintá	13	13	nsubj	obj
fold-1	test-1.conllu	test-1.out.conllu	NTLN2019:0:0:24	4	penhẽ	6	1	dislocated	nsubj
fold-1	test-1.conllu	test-1.out.conllu	NTLN2019:0:0:24	8	penhẽ	6	6	nsubj	obj
fold-1	test-1.conllu	test-1.out.conllu	NTLN2019:0:0:24	19	aintá	20	20	expl	nsubj
fold-1	test-1.conllu	test-1.out.conllu	NTLN2019:0:0:36	15	yapurandú	10	10	ccomp	parataxis
fold-1	test-1.conllu	test-1.out.conllu	NTLN2019:0:0:36	16	waá	15	15	obl	obj
fold-1	test-1.conllu	test-1.out.conllu	NTLN2019:0:0:36	23	pura-itá	15	15	dislocated	obj
fold-1	test-1.conllu	test-1.out.conllu	NTLN2019:0:0:36	28	mundawasú	29	26	nsubj	obj
fold-1	test-1.conllu	test-1.out.conllu	NTLN2019:0:0:36	31	waá	26	29	ccomp	obj
fold-1	test-1.conllu	test-1.out.conllu	NTLN2019:5:5:41	4	usú	3	3	ccomp	xcomp
fold-1	test-1.conllu	test-1.out.conllu	NTLN2019:5:5:41	8	umbeú	3	4	conj	xcomp
fold-1	test-1.conllu	test-1.out.conllu	NTLN2019:5-8:22:22	2	sasiára	3	0	advcl	root
fold-1	test-1.conllu	test-1.out.conllu	NTLN2019:5-8:22:22	3	remanduári	0	2	root	parataxis
fold-1	test-1.conllu	test-1.out.conllu	NTLN2019:5-8:22:22	13	uputari	9	9	ccomp	advcl
fold-1	test-1.conllu	test-1.out.conllu	NTLN2019:5-8:22:22	22	piá	20	16	nmod	obl
fold-1	test-1.conllu	test-1.out.conllu	Cruz2011:0:0:27	2	aria	4	4	vocative	nsubj
fold-1	test-1.conllu	test-1.out.conllu	Cruz2011:0:0:27	5	indé	4	4	obl	nsubj
fold-1	test-1.conllu	test-1.out.conllu	Cruz2011:0:0:67	2	Arikú	9	0	ccomp	root
fold-1	test-1.conllu	test-1.out.conllu	Cruz2011:0:0:67	6	mamãe	2	9	vocative	ccomp
fold-1	test-1.conllu	test-1.out.conllu	Cruz2011:0:0:67	9	unheẽ	0	2	root	parataxis
fold-1	test-1.conllu	test-1.out.conllu	Cruz2011:0:0:71	5	patrão	2	2	nsubj	obj
fold-1	test-1.conllu	test-1.out.conllu	Cruz2011:0:0:102	4	yandé	3	3	iobj	obl
fold-1	test-1.conllu	test-1.out.conllu	Cruz2011:0:0:104	1	Manungara	5	5	obj	nsubj
fold-1	test-1.conllu	test-1.out.conllu	Cruz2011:0:0:104	6	penhẽ	5	5	iobj	obl
fold-1	test-1.conllu	test-1.out.conllu	Cruz2011:0:0:116	6	nẽ	5	7	obj	advmod
fold-1	test-1.conllu	test-1.out.conllu	Cruz2011:0:0:116	7	manungara	6	5	fixed	obj
fold-1	test-1.conllu	test-1.out.conllu	Cruz2011:0:0:123	4	Aline	2	2	vocative	obj
fold-1	test-1.conllu	test-1.out.conllu	Cruz2011:0:0:152	3	upurakí	1	1	parataxis	xcomp
fold-1	test-1.conllu	test-1.out.conllu	TerraPreta2013:1:6:6	9	aintá	10	10	expl	nsubj
fold-1	test-1.conllu	test-1.out.conllu	TerraPreta2013:1:6:6	24	ara	25	25	obl	nsubj
fold-1	test-1.conllu	test-1.out.conllu	Casasnovas2006:1:1:1	11	suú	8	15	obj	nsubj
fold-1	test-1.conllu	test-1.out.conllu	Casasnovas2006:1:1:1	15	umbaú	8	8	advcl	ccomp
fold-1	test-1.conllu	test-1.out.conllu	Casasnovas2006:4:10:45	19	apigá	20	17	nmod:poss	obj
fold-1	test-1.conllu	test-1.out.conllu	Casasnovas2006:6:7:66	1	Awá	6	4	dislocated	nsubj
fold-1	test-1.conllu	test-1.out.conllu	Casasnovas2006:6:7:66	4	uruyari	1	0	acl:relcl	root
fold-1	test-1.conllu	test-1.out.conllu	Casasnovas2006:6:7:66	6	tauyuká	0	4	root	parataxis
fold-1	test-1.conllu	test-1.out.conllu	Casasnovas2006:8:15:83	9	surí	6	6	advcl	parataxis
fold-1	test-1.conllu	test-1.out.conllu	Casasnovas2006:9:1:85	9	waá	11	11	obj	nsubj
fold-1	test-1.conllu	test-1.out.conllu	Casasnovas2006:9:5:89	8	manha	9	5	nsubj	obj
fold-1	test-1.conllu	test-1.out.conllu	Casasnovas2006:9:5:89	9	umundú	6	8	advcl:relcl	acl:relcl
fold-1	test-1.conllu	test-1.out.conllu	Casasnovas2006:9:5:89	10	waá	9	9	obl	obj
fold-1	test-1.conllu	test-1.out.conllu	Casasnovas2006:9:22:106	14	arã	13	13	case	fixed
fold-1	test-1.conllu	test-1.out.conllu	Casasnovas2006:9:24:108	7	uikú	8	8	cop	aux
fold-1	test-1.conllu	test-1.out.conllu	Casasnovas2006:9:24:108	8	anhuíra	12	0	advcl	root
fold-1	test-1.conllu	test-1.out.conllu	Casasnovas2006:9:24:108	12	umaã	0	8	root	parataxis
fold-1	test-1.conllu	test-1.out.conllu	Casasnovas2006:9:24:108	13	suixawa	14	12	nsubj	obj
fold-1	test-1.conllu	test-1.out.conllu	Casasnovas2006:9:24:108	14	uxari	12	12	ccomp	parataxis
fold-1	test-1.conllu	test-1.out.conllu	Casasnovas2006:9:24:108	16	i	15	15	obl	iobj
fold-1	test-1.conllu	test-1.out.conllu	Casasnovas2006:9:24:108	19	pepú	15	15	nsubj	obj
fold-1	test-1.conllu	test-1.out.conllu	Casasnovas2006:9:25:109	8	pepú	6	9	obj	nsubj
fold-1	test-1.conllu	test-1.out.conllu	Casasnovas2006:10:6:125	16	maã	18	8	obl	parataxis
fold-1	test-1.conllu	test-1.out.conllu	Casasnovas2006:10:6:125	18	uyatikutikú	11	16	ccomp	acl:relcl
fold-1	test-1.conllu	test-1.out.conllu	Casasnovas2006:10:8:127	16	wainambí	14	14	vocative	obj
fold-1	test-1.conllu	test-1.out.conllu	Casasnovas2006:10:8:127	21	reruyari	14	14	advcl	parataxis
fold-1	test-1.conllu	test-1.out.conllu	Casasnovas2006:11:26:157	3	umbawa	1	1	advcl	parataxis
fold-1	test-1.conllu	test-1.out.conllu	Casasnovas2006:12:14:180	5	murasí	0	10	root	obl
fold-1	test-1.conllu	test-1.out.conllu	Casasnovas2006:12:14:180	9	ta	10	10	expl	nsubj
fold-1	test-1.conllu	test-1.out.conllu	Casasnovas2006:12:14:180	10	upurandú	5	0	acl	root
fold-1	test-1.conllu	test-1.out.conllu	Casasnovas2006:12:14:180	13	Adana	10	10	iobj	obj
fold-1	test-1.conllu	test-1.out.conllu	Casasnovas2006:12:18:184	6	upurandú	12	0	advcl	root
fold-1	test-1.conllu	test-1.out.conllu	Casasnovas2006:12:18:184	12	upisika	0	6	root	parataxis
fold-1	test-1.conllu	test-1.out.conllu	Casasnovas2006:12:18:184	13	igara	12	14	obj	nsubj
fold-1	test-1.conllu	test-1.out.conllu	Casasnovas2006:12:19:185	1	Usika	10	0	advcl	root
fold-1	test-1.conllu	test-1.out.conllu	Casasnovas2006:12:19:185	10	usikari	0	1	root	parataxis
fold-1	test-1.conllu	test-1.out.conllu	Casasnovas2006:12:22:188	5	aintá	6	1	det	obj
fold-1	test-1.conllu	test-1.out.conllu	Casasnovas2006:12:22:188	6	mukũi	1	8	obj	nummod
fold-1	test-1.conllu	test-1.out.conllu	Casasnovas2006:12:22:188	8	ta	13	13	expl	nsubj
fold-1	test-1.conllu	test-1.out.conllu	Casasnovas2006:12:22:188	13	pitera	6	1	acl:relcl	obl
fold-1	test-1.conllu	test-1.out.conllu	Casasnovas2006:12:23:189	2	piaiwasawa	6	6	obl	nsubj
fold-1	test-1.conllu	test-1.out.conllu	Casasnovas2006:12:29:195	11	kapuãmu	9	9	obj	xcomp
fold-1	test-1.conllu	test-1.out.conllu	Casasnovas2006:7:1:1	7	ramunha	5	5	iobj	obj
fold-1	test-1.conllu	test-1.out.conllu	Casasnovas2006:7:1:1	9	tuyué	7	5	appos	iobj
fold-1	test-1.conllu	test-1.out.conllu	Casasnovas2006:7:1:1	15	puxiwera	17	5	amod	ccomp
fold-1	test-1.conllu	test-1.out.conllu	Casasnovas2006:7:1:1	17	marandúa	5	15	ccomp	nsubj
fold-1	test-1.conllu	test-1.out.conllu	Casasnovas2006:7:1:1	18	yandé	17	15	dislocated	nsubj
fold-1	test-1.conllu	test-1.out.conllu	Casasnovas2006:7:2:2	5	ara	6	6	obl	nsubj
fold-1	test-1.conllu	test-1.out.conllu	Casasnovas2006:7:10:10	10	piaíwa	5	5	parataxis	advcl
fold-1	test-1.conllu	test-1.out.conllu	Casasnovas2006:0:0:21	2	apigá	11	3	dislocated	nsubj
fold-1	test-1.conllu	test-1.out.conllu	Casasnovas2006:0:0:21	3	usasá	2	0	acl:relcl	root
fold-1	test-1.conllu	test-1.out.conllu	Casasnovas2006:0:0:21	11	mú	0	3	root	obj
fold-1	test-1.conllu	test-1.out.conllu	Rodrigues1890:1-1-2:150:150	3	xaú	2	2	parataxis	xcomp
fold-1	test-1.conllu	test-1.out.conllu	Rodrigues1890:1-1-3:3:103	2	ara	3	3	obl	nsubj
fold-1	test-1.conllu	test-1.out.conllu	Rodrigues1890:1-1-3:3:103	6	kamunú	3	3	xcomp	parataxis
fold-1	test-1.conllu	test-1.out.conllu	Rodrigues1890:1-1-3:3:103	7	ukaíma	3	6	parataxis	xcomp
fold-1	test-1.conllu	test-1.out.conllu	Rodrigues1890:1-1-8:4:4	4	awa	5	1	nsubj	obj
fold-1	test-1.conllu	test-1.out.conllu	Rodrigues1890:1-1-8:4:4	5	wasú	1	4	parataxis	amod
fold-1	test-1.conllu	test-1.out.conllu	Rodrigues1890:1-1-8:4:4	9	pé	10	7	nsubj	obj
fold-1	test-1.conllu	test-1.out.conllu	Rodrigues1890:1-1-8:4:4	10	uyuíri	7	7	ccomp	parataxis
fold-1	test-1.conllu	test-1.out.conllu	Rodrigues1890:1-1-8:4:4	16	pú	10	10	conj	parataxis
fold-1	test-1.conllu	test-1.out.conllu	Rodrigues1890:1-1-9:155:155	4	aintá	2	2	nsubj	obj
fold-1	test-1.conllu	test-1.out.conllu	Rodrigues1890:1-2-2:101:101	12	ukwáu	11	17	acl:relcl	advcl
fold-1	test-1.conllu	test-1.out.conllu	Rodrigues1890:1-2-2:101:101	16	kwatukasawa	12	17	obj	nsubj
fold-1	test-1.conllu	test-1.out.conllu	Rodrigues1890:1-2-2:101:101	28	kurumiwasú-itá	27	27	iobj	obl
fold-1	test-1.conllu	test-1.out.conllu	Rodrigues1890:1-2-2:101:101	33	taína-itá	32	32	iobj	obl
fold-1	test-1.conllu	test-1.out.conllu	Rodrigues1890:1-2-3:130:130	13	itawasú	11	14	obj	nsubj
fold-1	test-1.conllu	test-1.out.conllu	Rodrigues1890:1-2-3:130:130	19	pewa	21	14	xcomp	parataxis
fold-1	test-1.conllu	test-1.out.conllu	Rodrigues1890:1-2-3:130:130	24	ikú	25	26	cop	aux
fold-1	test-1.conllu	test-1.out.conllu	Rodrigues1890:1-2-3:130:130	25	aape	11	26	parataxis	advmod
fold-1	test-1.conllu	test-1.out.conllu	Rodrigues1890:1-2-3:130:130	27	upaĩ	26	32	nsubj	obj
fold-1	test-1.conllu	test-1.out.conllu	Rodrigues1890:2-11:30:30	2	Indé	0	7	root	nsubj
fold-1	test-1.conllu	test-1.out.conllu	Rodrigues1890:2-11:30:30	5	ruaya	2	2	appos	nsubj
fold-1	test-1.conllu	test-1.out.conllu	Rodrigues1890:2-11:30:30	7	remaã	2	0	parataxis	root
fold-1	test-1.conllu	test-1.out.conllu	Rodrigues1890:2-11:30:30	8	siusí	9	9	obj	nsubj
fold-1	test-1.conllu	test-1.out.conllu	Rodrigues1890:2-11:30:30	11	rerasú	9	7	parataxis	xcomp
fold-1	test-1.conllu	test-1.out.conllu	Rodrigues1890:2-14:30:536	14	paya	16	15	obj	nmod:poss
fold-1	test-1.conllu	test-1.out.conllu	Rodrigues1890:2-14:30:536	16	mukuna	12	12	ccomp	parataxis
fold-1	test-1.conllu	test-1.out.conllu	Stradelli1929:0:0:800	4	unheẽ	6	1	acl:relcl	obj
fold-1	test-1.conllu	test-1.out.conllu	Stradelli1929:0:0:800	5	seẽ	4	4	compound	acl:relcl
fold-1	test-1.conllu	test-1.out.conllu	Stradelli1929:0:0:800	6	waá	1	5	obj	nsubj
fold-1	test-1.conllu	test-1.out.conllu	Magalhaes1876:1:23:23	10	teapú	11	8	nsubj	acl:relcl
fold-1	test-1.conllu	test-1.out.conllu	Magalhaes1876:1:23:23	11	waá	8	10	acl:relcl	nsubj
fold-1	test-1.conllu	test-1.out.conllu	Magalhaes1876:2:4:47	13	aikú	17	11	cop	aux
fold-1	test-1.conllu	test-1.out.conllu	Magalhaes1876:2:4:47	17	wira	11	11	advcl	obl
fold-1	test-1.conllu	test-1.out.conllu	Magalhaes1876:2:12:55	2	tapiira	3	1	nmod:poss	obj
fold-1	test-1.conllu	test-1.out.conllu	Magalhaes1876:2:30:73	11	paraná	12	12	vocative	nsubj
fold-1	test-1.conllu	test-1.out.conllu	Magalhaes1876:2:37:80	2	renuné	1	3	obl	nmod:poss
fold-1	test-1.conllu	test-1.out.conllu	Magalhaes1876:2:37:80	3	tapiira	4	1	nmod:poss	obl
fold-1	test-1.conllu	test-1.out.conllu	Amorim1928:19:6:6	8	aikwé	2	10	ccomp	advmod
fold-1	test-1.conllu	test-1.out.conllu	Amorim1928:19:6:6	10	xamaã	8	2	parataxis	ccomp
fold-1	test-1.conllu	test-1.out.conllu	Amorim1928:19:6:6	14	mira	19	10	nsubj	obj
fold-1	test-1.conllu	test-1.out.conllu	Amorim1928:19:6:6	16	waá	15	15	nsubj	obj
fold-1	test-1.conllu	test-1.out.conllu	Amorim1928:19:6:6	17	sikusawa	15	19	obj	nsubj
fold-1	test-1.conllu	test-1.out.conllu	Amorim1928:7-1:64:64	5	wirá-payé	4	4	nsubj	obj
fold-1	test-1.conllu	test-1.out.conllu	Amorim1928:7-1:64:64	10	uikú	12	6	cop	aux
fold-1	test-1.conllu	test-1.out.conllu	Amorim1928:7-1:64:64	12	pisá	6	6	ccomp	obl
fold-1	test-1.conllu	test-1.out.conllu	Amorim1928:2:116:116	4	tapurú	2	5	conj	nsubj
fold-1	test-1.conllu	test-1.out.conllu	Amorim1928:5:286:286	4	urikú	9	0	advcl	root
fold-1	test-1.conllu	test-1.out.conllu	Amorim1928:5:286:286	9	sakwena	0	4	root	parataxis
fold-1	test-1.conllu	test-1.out.conllu	Amorim1928:10:74:74	11	usemu	5	5	conj	parataxis
fold-1	test-1.conllu	test-1.out.conllu	Amorim1928:10:80:80	1	Paraman	6	5	nsubj	vocative
fold-1	test-1.conllu	test-1.out.conllu	Amorim1928:10:80:80	5	sasiára	6	6	xcomp	advcl
fold-1	test-1.conllu	test-1.out.conllu	Sympson1877:0:0:100	4	kunhã	1	1	obj	nsubj
fold-1	test-1.conllu	test-1.out.conllu	Sympson1877:0:0:100	6	waá	5	5	nsubj	obj
fold-1	test-1.conllu	test-1.out.conllu	Hartt1938:0:0:92-1	3	rupirunawa	0	4	root	nsubj
fold-1	test-1.conllu	test-1.out.conllu	Hartt1938:0:0:92-1	4	kwaá	3	0	nsubj	root
fold-1	test-1.conllu	test-1.out.conllu	Hartt1938:0:0:92-2	3	rupirunawa	0	4	root	nsubj
fold-1	test-1.conllu	test-1.out.conllu	Hartt1938:0:0:92-2	4	kwaá	3	0	nsubj	root
fold-1	test-1.conllu	test-1.out.conllu	Hartt1938:0:0:135	2	usú	1	0	acl	root
fold-1	test-1.conllu	test-1.out.conllu	Hartt1938:0:0:135	6	kunhada	0	2	root	obj
fold-1	test-1.conllu	test-1.out.conllu	Hartt1938:0:0:180	2	urikú	1	1	ccomp	parataxis
fold-1	test-1.conllu	test-1.out.conllu	Hartt1938:0:0:240	3	i	4	4	nsubj	expl
fold-1	test-1.conllu	test-1.out.conllu	Hartt1938:0:0:240	5	waá	2	4	obj	nsubj
fold-1	test-1.conllu	test-1.out.conllu	Hartt1938:0:0:297	2	pe	3	3	obj	expl
fold-1	test-1.conllu	test-1.out.conllu	Hartt1938:0:0:343	6	i	7	7	expl	nsubj
fold-1	test-1.conllu	test-1.out.conllu	Hartt1938:0:0:343	8	ikú	7	7	aux	cop
fold-1	test-1.conllu	test-1.out.conllu	Hartt1938:0:0:366	1	Uií	2	4	nmod:poss	advmod
fold-1	test-1.conllu	test-1.out.conllu	Hartt1938:0:0:366	2	pituna	4	4	obl	nsubj
fold-1	test-1.conllu	test-1.out.conllu	Hartt1938:0:0:366	3	se	4	4	nsubj	expl
fold-1	test-1.conllu	test-1.out.conllu	Hartt1938:0:0:366	5	xaikú	7	4	cop	aux
fold-1	test-1.conllu	test-1.out.conllu	Hartt1938:0:0:366	7	retama	4	4	ccomp	obl
fold-1	test-1.conllu	test-1.out.conllu	Hartt1938:0:0:404	2	akayú	5	5	obj	nsubj
fold-1	test-1.conllu	test-1.out.conllu	Hartt1938:0:0:441	4	tĩ	1	1	nsubj	obj
fold-1	test-1.conllu	test-1.out.conllu	Hartt1938:0:0:474	1	Igara	4	2	nsubj	nmod:poss
fold-1	test-1.conllu	test-1.out.conllu	Hartt1938:0:0:496	5	revenderi	3	1	acl	ccomp
fold-1	test-1.conllu	test-1.out.conllu	Hartt1938:0:0:527	1	Se	2	2	obj	nsubj
fold-1	test-1.conllu	test-1.out.conllu	Hartt1938:0:0:527	3	iné	2	2	nsubj	obj
fold-1	test-1.conllu	test-1.out.conllu	Hartt1938:0:0:531	2	epurakari	1	1	xcomp	parataxis
fold-1	test-1.conllu	test-1.out.conllu	Hartt1938:0:0:587	7	yanéu	5	5	obl	nsubj
fold-1	test-1.conllu	test-1.out.conllu	Hartt1938:0:0:605	1	Wirané	2	2	obl	advmod
fold-1	test-1.conllu	test-1.out.conllu	Hartt1938:0:0:639	1	Musapiri	2	2	obl	nsubj
fold-1	test-1.conllu	test-1.out.conllu	Hartt1938:0:0:656	5	í	1	1	obl	obj
fold-1	test-1.conllu	test-1.out.conllu	Hartt1938:0:0:682	5	nheenga	6	6	obj	nsubj
fold-1	test-1.conllu	test-1.out.conllu	Hartt1938:0:0:847	7	vizinho	3	1	nmod	obl
fold-1	test-1.conllu	test-1.out.conllu	Aguiar1898:3:3:31	7	apigawa	6	6	xcomp	obj
fold-1	test-1.conllu	test-1.out.conllu	Aguiar1898:6:2-2:60-2	3	uruyari	1	1	xcomp	parataxis
fold-1	test-1.conllu	test-1.out.conllu	Aguiar1898:6:2-2:60-2	6	useruka	3	3	conj	parataxis
fold-1	test-1.conllu	test-1.out.conllu	Aguiar1898:11:1:75	9	maã	1	1	obl	parataxis
fold-1	test-1.conllu	test-1.out.conllu	Aguiar1898:13-1:6:6	3	ne	5	1	acl:relcl	obl
fold-1	test-1.conllu	test-1.out.conllu	Aguiar1898:21-1:5:149	3	kandéa	2	2	iobj	obl
fold-1	test-1.conllu	test-1.out.conllu	Aguiar1898:21-1:5:149	5	ara	2	9	obj	nmod:poss
fold-1	test-1.conllu	test-1.out.conllu	Aguiar1898:21-1:5:149	7	amú	9	5	orphan	iobj
fold-1	test-1.conllu	test-1.out.conllu	Aguiar1898:21-1:5:149	9	pituna	2	2	conj	obj
fold-1	test-1.conllu	test-1.out.conllu	Aguiar1898:21-8:20:220	7	rupitá	2	2	iobj	obl
fold-1	test-1.conllu	test-1.out.conllu	Avila2021:0:0:729	1	mirití	4	4	dislocated	nsubj
fold-1	test-1.conllu	test-1.out.conllu	Avila2021:0:0:729	8	waturá	5	9	conj	nsubj
fold-1	test-1.conllu	test-1.out.conllu	Avila2021:0:0:729	9	yamuyapumi	4	4	advcl	conj
fold-1	test-1.conllu	test-1.out.conllu	MelgueiroCM2019:0:0:4	3	waá	2	2	obj	nsubj
fold-1	test-1.conllu	test-1.out.conllu	Hartt1872:0:0:713	11	seraíma	9	9	advcl	obj
fold-2	test-2.conllu	test-2.out.conllu	Navarro2016:0:0:80	2	kuya	5	5	obj	obl
fold-2	test-2.conllu	test-2.out.conllu	Navarro2016:3:6:95	5	usú	2	2	conj	parataxis
fold-2	test-2.conllu	test-2.out.conllu	Navarro2016:0:0:130	2	Maria	1	1	obl	iobj
fold-2	test-2.conllu	test-2.out.conllu	Navarro2016:0:0:155	4	tuxawa	5	1	nmod:poss	nsubj
fold-2	test-2.conllu	test-2.out.conllu	Navarro2016:0:0:161	6	umbaá	3	3	parataxis	advmod
fold-2	test-2.conllu	test-2.out.conllu	Navarro2016:4:5:172	5	amú	6	6	amod	det
fold-2	test-2.conllu	test-2.out.conllu	Navarro2016:4:5:172	6	nheenga-itá	3	11	obj	nmod:poss
fold-2	test-2.conllu	test-2.out.conllu	Navarro2016:4:5:172	7	São	3	11	obl	nmod
fold-2	test-2.conllu	test-2.out.conllu	Navarro2016:4:5:172	11	Baniwa	6	3	appos	obj
fold-2	test-2.conllu	test-2.out.conllu	Avila2021:2:2:11	3	pirantá	1	1	xcomp	obj
fold-2	test-2.conllu	test-2.out.conllu	Avila2021:2:2:11	7	aité	9	10	dislocated	nsubj
fold-2	test-2.conllu	test-2.out.conllu	Avila2021:7:2:48	10	waá	9	9	obl	obj
fold-2	test-2.conllu	test-2.out.conllu	Avila2021:0:0:110	15	mayé	18	8	nsubj	advmod
fold-2	test-2.conllu	test-2.out.conllu	Avila2021:0:0:110	18	piá	8	15	parataxis	obl
fold-2	test-2.conllu	test-2.out.conllu	Avila2021:0:0:112	8	kwayé	4	3	conj	advmod
fold-2	test-2.conllu	test-2.out.conllu	Avila2021:0:0:112	14	kwá-itá	4	3	conj	parataxis
fold-2	test-2.conllu	test-2.out.conllu	Avila2021:0:0:112	20	nheenga	15	14	obj	nsubj
fold-2	test-2.conllu	test-2.out.conllu	Avila2021:0:0:127	15	noivo	13	13	nsubj	obj
fold-2	test-2.conllu	test-2.out.conllu	Avila2021:0:0:149	1	Yamusaka	4	0	advcl	root
fold-2	test-2.conllu	test-2.out.conllu	Avila2021:0:0:149	4	yaxari	0	1	root	xcomp
fold-2	test-2.conllu	test-2.out.conllu	Avila2021:0:0:154	4	umbeú	2	0	advcl	root
fold-2	test-2.conllu	test-2.out.conllu	Avila2021:0:0:154	9	yumimisawa	4	10	obj	nsubj
fold-2	test-2.conllu	test-2.out.conllu	Avila2021:0:0:154	10	umanú	0	4	root	ccomp
fold-2	test-2.conllu	test-2.out.conllu	Avila2021:0:0:178	4	yawareté-itá	8	0	dislocated	root
fold-2	test-2.conllu	test-2.out.conllu	Avila2021:0:0:178	8	upitá	0	4	root	acl:relcl
fold-2	test-2.conllu	test-2.out.conllu	Avila2021:0:0:202	5	uruyari	4	0	xcomp	root
fold-2	test-2.conllu	test-2.out.conllu	Avila2021:0:0:202	15	pemuyukwawa	0	5	root	parataxis
fold-2	test-2.conllu	test-2.out.conllu	Avila2021:0:0:202	20	i	18	18	obl	iobj
fold-2	test-2.conllu	test-2.out.conllu	Avila2021:0:0:204	14	pú	11	11	nsubj	obj
fold-2	test-2.conllu	test-2.out.conllu	Avila2021:0:0:236	7	aintá	8	5	nsubj	obj
fold-2	test-2.conllu	test-2.out.conllu	Avila2021:0:0:258	10	ximirikú-ima	6	6	advcl	nsubj
fold-2	test-2.conllu	test-2.out.conllu	Avila2021:0:0:258	12	Adana-ima	6	6	advcl	parataxis
fold-2	test-2.conllu	test-2.out.conllu	Avila2021:0:0:261	6	pituna	3	2	conj	obl
fold-2	test-2.conllu	test-2.out.conllu	Avila2021:0:0:261	9	aé	12	13	det	nsubj
fold-2	test-2.conllu	test-2.out.conllu	Avila2021:0:0:292	4	taxí	2	5	conj	nsubj
fold-2	test-2.conllu	test-2.out.conllu	Avila2021:0:0:292	10	taíra-itá	12	7	nmod:poss	obj
fold-2	test-2.conllu	test-2.out.conllu	Avila2021:0:0:353	8	aintá	9	7	nsubj	obj
fold-2	test-2.conllu	test-2.out.conllu	Avila2021:0:0:353	9	usenúi	7	7	ccomp	xcomp
fold-2	test-2.conllu	test-2.out.conllu	Avila2021:0:0:361	1	Iauhixa	7	7	vocative	nsubj
fold-2	test-2.conllu	test-2.out.conllu	Avila2021:0:0:361	5	murutinga	4	7	amod	advcl
fold-2	test-2.conllu	test-2.out.conllu	Avila2021:0:0:376	5	uwiyé	11	0	advcl	root
fold-2	test-2.conllu	test-2.out.conllu	Avila2021:0:0:376	6	waá	5	5	mark	obl
fold-2	test-2.conllu	test-2.out.conllu	Avila2021:0:0:376	7	upé	6	6	fixed	case
fold-2	test-2.conllu	test-2.out.conllu	Avila2021:0:0:376	11	uyukitika	0	5	root	parataxis
fold-2	test-2.conllu	test-2.out.conllu	Avila2021:0:0:376	12	xibuí	11	11	obj	obl
fold-2	test-2.conllu	test-2.out.conllu	Avila2021:0:0:376	20	uputarisá	25	11	advcl	parataxis
fold-2	test-2.conllu	test-2.out.conllu	Avila2021:0:0:376	38	hum	34	34	discourse	ccomp
fold-2	test-2.conllu	test-2.out.conllu	Avila2021:0:0:376	40	hum	34	38	discourse	conj
fold-2	test-2.conllu	test-2.out.conllu	Avila2021:0:0:382	10	maniáka	9	11	obj	nmod:poss
fold-2	test-2.conllu	test-2.out.conllu	Avila2021:0:0:431	3	rukawara	0	8	root	nsubj
fold-2	test-2.conllu	test-2.out.conllu	Avila2021:0:0:431	4	aikú	3	8	cop	aux
fold-2	test-2.conllu	test-2.out.conllu	Avila2021:0:0:431	8	asemu	3	0	parataxis	root
fold-2	test-2.conllu	test-2.out.conllu	Avila2021:0:0:458	13	manha	14	10	nmod:poss	obj
fold-2	test-2.conllu	test-2.out.conllu	Avila2021:0:0:463	12	remaã	5	5	advcl	parataxis
fold-2	test-2.conllu	test-2.out.conllu	Avila2021:0:0:479	9	ta	10	10	nsubj	expl
fold-2	test-2.conllu	test-2.out.conllu	Avila2021:0:0:489	9	lamparina	4	13	conj	nsubj
fold-2	test-2.conllu	test-2.out.conllu	Avila2021:0:0:489	13	yakasari	1	1	advcl	conj
fold-2	test-2.conllu	test-2.out.conllu	Avila2021:0:0:519	8	umuruayana	1	1	advcl	parataxis
fold-2	test-2.conllu	test-2.out.conllu	Avila2021:0:0:519	9	kwá	8	8	obj	nsubj
fold-2	test-2.conllu	test-2.out.conllu	Avila2021:0:0:528	5	maã	6	6	obj	nsubj
fold-2	test-2.conllu	test-2.out.conllu	Avila2021:0:0:532	4	usikari	1	1	xcomp	parataxis
fold-2	test-2.conllu	test-2.out.conllu	Avila2021:0:0:532	5	uyusupari	6	4	acl:relcl	xcomp
fold-2	test-2.conllu	test-2.out.conllu	Avila2021:0:0:548	4	usasawa	1	1	csubj	parataxis
fold-2	test-2.conllu	test-2.out.conllu	Avila2021:0:0:548	5	rewiké	3	4	acl	advcl
fold-2	test-2.conllu	test-2.out.conllu	Avila2021:0:0:619	9	buya	5	5	nsubj	obj
fold-2	test-2.conllu	test-2.out.conllu	Avila2021:0:0:635	2	pituna	4	3	obl	nmod:poss
fold-2	test-2.conllu	test-2.out.conllu	Avila2021:0:0:635	10	yuruparí	8	8	obj	nsubj
fold-2	test-2.conllu	test-2.out.conllu	Avila2021:0:0:695	9	iké	3	3	parataxis	advmod
fold-2	test-2.conllu	test-2.out.conllu	NTLN2019:2:5:16	8	unheẽ	3	3	xcomp	parataxis
fold-2	test-2.conllu	test-2.out.conllu	NTLN2019:2:5:16	13	puranga	11	11	obj	ccomp
fold-2	test-2.conllu	test-2.out.conllu	NTLN2019:2:5:16	22	puranga	19	21	obj	acl:relcl
fold-2	test-2.conllu	test-2.out.conllu	NTLN2019:5:2:38	11	utumuna	6	6	conj	parataxis
fold-2	test-2.conllu	test-2.out.conllu	NTLN2019:5:2:38	16	pú	14	14	obl	obj
fold-2	test-2.conllu	test-2.out.conllu	NTLN2019:5:2:38	19	upurandú	14	14	conj	parataxis
fold-2	test-2.conllu	test-2.out.conllu	NTLN2019:0:0:43	11	indé	10	12	iobj	nsubj
fold-2	test-2.conllu	test-2.out.conllu	NTLN2019:9:1:50	2	Paulo	1	3	nmod	nsubj
fold-2	test-2.conllu	test-2.out.conllu	NTLN2019:10-4:22:22	4	pemanduarisawa	1	1	obj	parataxis
fold-2	test-2.conllu	test-2.out.conllu	NTLN2019:10-4:22:22	6	kwá	4	12	nmod	nsubj
fold-2	test-2.conllu	test-2.out.conllu	NTLN2019:10-4:22:22	9	sesé	6	12	acl:relcl	obl
fold-2	test-2.conllu	test-2.out.conllu	NTLN2019:10-4:22:22	12	i	13	4	expl	obj
fold-2	test-2.conllu	test-2.out.conllu	NTLN2019:10-4:22:22	15	aé	6	17	conj	nsubj
fold-2	test-2.conllu	test-2.out.conllu	NTLN2019:10-4:22:22	18	penhẽ	17	19	obj	nsubj
fold-2	test-2.conllu	test-2.out.conllu	Cruz2011:2-1:3:3	3	mira-itá	1	5	nmod	nsubj
fold-2	test-2.conllu	test-2.out.conllu	TerraPreta2013:1:7:7	4	sumuara	3	3	iobj	obl
fold-2	test-2.conllu	test-2.out.conllu	TerraPreta2013:1:7:7	9	usika	7	3	acl:relcl	ccomp
fold-2	test-2.conllu	test-2.out.conllu	TerraPreta2013:1:7:7	13	umunhã	3	9	ccomp	parataxis
fold-2	test-2.conllu	test-2.out.conllu	Casasnovas2006:1:6:6	18	upaka	21	17	acl:relcl	ccomp
fold-2	test-2.conllu	test-2.out.conllu	Casasnovas2006:2:6:20	6	akití	2	2	advmod	parataxis
fold-2	test-2.conllu	test-2.out.conllu	Casasnovas2006:2:6:20	10	yautí	12	8	nmod:poss	obj
fold-2	test-2.conllu	test-2.out.conllu	Casasnovas2006:3:6:30	4	ukaú	3	0	acl:relcl	root
fold-2	test-2.conllu	test-2.out.conllu	Casasnovas2006:3:6:30	13	ukiri	0	4	root	parataxis
fold-2	test-2.conllu	test-2.out.conllu	Casasnovas2006:3:6:30	14	uyenú	13	13	parataxis	xcomp
fold-2	test-2.conllu	test-2.out.conllu	Casasnovas2006:4:2:37	10	aikwé	9	1	advcl:relcl	ccomp
fold-2	test-2.conllu	test-2.out.conllu	Casasnovas2006:5:10:58	3	nhaã	4	4	det	nmod:poss
fold-2	test-2.conllu	test-2.out.conllu	Casasnovas2006:5:10:58	8	siía	9	9	det	nmod:poss
fold-2	test-2.conllu	test-2.out.conllu	Casasnovas2006:5:10:58	9	viáji	6	6	obl	obj
fold-2	test-2.conllu	test-2.out.conllu	Casasnovas2006:5:10:58	24	puranga	17	20	ccomp	acl:relcl
fold-2	test-2.conllu	test-2.out.conllu	Casasnovas2006:5:10:58	26	remaraúna	24	17	parataxis	ccomp
fold-2	test-2.conllu	test-2.out.conllu	Casasnovas2006:6:6:65	3	uruyari	1	0	acl:relcl	root
fold-2	test-2.conllu	test-2.out.conllu	Casasnovas2006:6:6:65	9	usasá	0	3	root	parataxis
fold-2	test-2.conllu	test-2.out.conllu	Casasnovas2006:9:19:103	12	kurumĩ	10	13	appos	nsubj
fold-2	test-2.conllu	test-2.out.conllu	Casasnovas2006:9:19:103	13	mirĩ	12	7	amod	parataxis
fold-2	test-2.conllu	test-2.out.conllu	Casasnovas2006:9:29:113	12	maã	14	14	obj	nsubj
fold-2	test-2.conllu	test-2.out.conllu	Casasnovas2006:9:29:113	16	taína	14	14	nsubj	obj
fold-2	test-2.conllu	test-2.out.conllu	Casasnovas2006:11:6:137	6	ara	8	7	obl	nmod:poss
fold-2	test-2.conllu	test-2.out.conllu	Casasnovas2006:11:11:142	1	Wakurawá	7	7	iobj	obl
fold-2	test-2.conllu	test-2.out.conllu	Casasnovas2006:11:22:153	2	ambá	7	0	ccomp	root
fold-2	test-2.conllu	test-2.out.conllu	Casasnovas2006:11:22:153	7	unheẽ	0	2	root	parataxis
fold-2	test-2.conllu	test-2.out.conllu	Casasnovas2006:11:22:153	11	Teyú	7	7	nsubj	obj
fold-2	test-2.conllu	test-2.out.conllu	Casasnovas2006:11:28:159	3	yamaã	7	0	ccomp	root
fold-2	test-2.conllu	test-2.out.conllu	Casasnovas2006:11:28:159	7	unheẽ	0	3	root	parataxis
fold-2	test-2.conllu	test-2.out.conllu	Casasnovas2006:12:12:178	7	Adana	6	10	advcl:relcl	nsubj
fold-2	test-2.conllu	test-2.out.conllu	Casasnovas2006:12:12:178	9	aintá	10	10	expl	nsubj
fold-2	test-2.conllu	test-2.out.conllu	Casasnovas2006:12:12:178	14	ta	15	15	nsubj	expl
fold-2	test-2.conllu	test-2.out.conllu	Casasnovas2006:12:12:178	15	uyuputari	10	10	ccomp	xcomp
fold-2	test-2.conllu	test-2.out.conllu	Casasnovas2006:12:27:193	8	pirantá	6	6	xcomp	obj
fold-2	test-2.conllu	test-2.out.conllu	Casasnovas2006:12:27:193	12	aité	14	15	dislocated	nsubj
fold-2	test-2.conllu	test-2.out.conllu	Rodrigues1890:1-1-1:13:103	2	Eẽ	0	6	root	advmod
fold-2	test-2.conllu	test-2.out.conllu	Rodrigues1890:1-1-1:13:103	6	miarerú	2	0	vocative	root
fold-2	test-2.conllu	test-2.out.conllu	Rodrigues1890:1-1-8:16:16	8	kuẽma	15	2	advcl	parataxis
fold-2	test-2.conllu	test-2.out.conllu	Rodrigues1890:1-1-12:500:500	6	maã	5	8	fixed	nsubj
fold-2	test-2.conllu	test-2.out.conllu	Rodrigues1890:1-1-12:500:500	8	katú	2	2	ccomp	advcl
fold-2	test-2.conllu	test-2.out.conllu	Rodrigues1890:1-1-12:500:500	9	marandúa	8	8	nsubj	obj
fold-2	test-2.conllu	test-2.out.conllu	Rodrigues1890:2-7:2:102	7	igara	5	8	obj	nsubj
fold-2	test-2.conllu	test-2.out.conllu	Rodrigues1890:2-7:2:102	10	amaã	8	8	xcomp	parataxis
fold-2	test-2.conllu	test-2.out.conllu	Rodrigues1890:2-9:6:106	2	kirimbawa	0	6	root	advcl
fold-2	test-2.conllu	test-2.out.conllu	Rodrigues1890:2-9:6:106	6	rewewé	2	0	xcomp	root
fold-2	test-2.conllu	test-2.out.conllu	Rodrigues1890:4-3-10:1:1	3	makira	1	1	obj	nsubj
fold-2	test-2.conllu	test-2.out.conllu	Rodrigues1890:4-5-10:2:2	1	Antiantí	2	2	nsubj	nmod:poss
fold-2	test-2.conllu	test-2.out.conllu	Rodrigues1890:4-5-10:2:2	2	wirá	0	3	root	nsubj
fold-2	test-2.conllu	test-2.out.conllu	Rodrigues1890:4-5-10:2:2	3	purapuranga	2	0	amod	root
fold-2	test-2.conllu	test-2.out.conllu	Stradelli1929:0:0:101	2	pisasú	1	0	amod	root
fold-2	test-2.conllu	test-2.out.conllu	Stradelli1929:0:0:101	3	amú	4	4	nmod:poss	nsubj
fold-2	test-2.conllu	test-2.out.conllu	Stradelli1929:0:0:101	5	pukú	0	4	root	amod
fold-2	test-2.conllu	test-2.out.conllu	Magalhaes1876:1:3:3	1	Intí	0	7	root	advmod
fold-2	test-2.conllu	test-2.out.conllu	Magalhaes1876:1:3:3	7	unheẽ	1	0	parataxis	root
fold-2	test-2.conllu	test-2.out.conllu	Magalhaes1876:1:24:24	3	apekatú	9	0	advcl	root
fold-2	test-2.conllu	test-2.out.conllu	Magalhaes1876:1:24:24	9	uyumuatiri	0	3	root	advcl
fold-2	test-2.conllu	test-2.out.conllu	Magalhaes1876:2:1:44	7	mira	2	8	parataxis	nsubj
fold-2	test-2.conllu	test-2.out.conllu	Magalhaes1876:2:7:50	3	yuruparí	1	1	nmod	conj
fold-2	test-2.conllu	test-2.out.conllu	Magalhaes1876:8:10:716	9	upurasí	8	8	xcomp	parataxis
fold-2	test-2.conllu	test-2.out.conllu	Magalhaes1876:8:10:716	12	i	13	13	nsubj	expl
fold-2	test-2.conllu	test-2.out.conllu	Magalhaes1876:8:10:716	13	purã	11	11	ccomp	xcomp
fold-2	test-2.conllu	test-2.out.conllu	Amorim1928:19:150:150	18	reyuká	15	15	ccomp	advcl
fold-2	test-2.conllu	test-2.out.conllu	Amorim1928:21:39:39	6	sé	9	9	xcomp	advcl
fold-2	test-2.conllu	test-2.out.conllu	Amorim1928:21:39:39	9	upitá	2	2	advcl	parataxis
fold-2	test-2.conllu	test-2.out.conllu	Amorim1928:7:100-101:100-101	7	tayera	8	2	nmod:poss	obj
fold-2	test-2.conllu	test-2.out.conllu	Amorim1928:7:100-101:100-101	8	kérupi	2	9	obj	nsubj
fold-2	test-2.conllu	test-2.out.conllu	Amorim1928:2:15:15	12	kunhã-etá	8	14	obj	nmod:poss
fold-2	test-2.conllu	test-2.out.conllu	Amorim1928:2:15:15	14	rimbiú	8	8	advcl	obj
fold-2	test-2.conllu	test-2.out.conllu	Amorim1928:6:238-239:238-239	9	ramunha	19	12	vocative	nsubj
fold-2	test-2.conllu	test-2.out.conllu	Amorim1928:6:238-239:238-239	12	supí	19	5	advcl	ccomp
fold-2	test-2.conllu	test-2.out.conllu	Amorim1928:6:238-239:238-239	14	maã	12	15	nsubj	obj
fold-2	test-2.conllu	test-2.out.conllu	Amorim1928:6:238-239:238-239	15	rembeú	14	12	acl:relcl	parataxis
fold-2	test-2.conllu	test-2.out.conllu	Amorim1928:6:238-239:238-239	19	xapitá	5	15	ccomp	parataxis
fold-2	test-2.conllu	test-2.out.conllu	Amorim1928:6:238-239:238-239	24	indé	22	25	obj	nsubj
fold-2	test-2.conllu	test-2.out.conllu	Amorim1928:6:238-239:238-239	25	reyuká	24	22	xcomp	ccomp
fold-2	test-2.conllu	test-2.out.conllu	Amorim1928:18:29-30:29-30	7	tuwí	8	5	nmod:poss	obj
fold-2	test-2.conllu	test-2.out.conllu	Amorim1928:18:29-30:29-30	10	uyumuaíwa	5	5	ccomp	parataxis
fold-2	test-2.conllu	test-2.out.conllu	Amorim1928:18:29-30:29-30	25	umaã	18	18	advcl	parataxis
fold-2	test-2.conllu	test-2.out.conllu	Amorim1928:18:29-30:29-30	26	indé	25	25	obj	advcl
fold-2	test-2.conllu	test-2.out.conllu	Amorim1928:30:33:33	1	Amurupí	5	5	xcomp	advmod
fold-2	test-2.conllu	test-2.out.conllu	Hartt1938:0:0:46	2	ne	3	6	nmod:poss	nsubj
fold-2	test-2.conllu	test-2.out.conllu	Hartt1938:0:0:234	1	Yawara	4	3	dislocated	nsubj
fold-2	test-2.conllu	test-2.out.conllu	Hartt1938:0:0:234	3	tumira	4	0	nsubj	root
fold-2	test-2.conllu	test-2.out.conllu	Hartt1938:0:0:234	4	reté	0	3	root	advmod
fold-2	test-2.conllu	test-2.out.conllu	Hartt1938:0:0:304	5	ixéu	4	6	iobj	nmod:poss
fold-2	test-2.conllu	test-2.out.conllu	Hartt1938:0:0:322	3	pirá	1	1	obj	nsubj
fold-2	test-2.conllu	test-2.out.conllu	Hartt1938:0:0:354	7	wirané	8	8	obl	advmod
fold-2	test-2.conllu	test-2.out.conllu	Hartt1938:0:0:417	5	wirané	1	8	parataxis	advmod
fold-2	test-2.conllu	test-2.out.conllu	Hartt1938:0:0:417	8	putari	5	1	advcl	parataxis
fold-2	test-2.conllu	test-2.out.conllu	Hartt1938:0:0:556	1	Indawé	4	0	discourse	root
fold-2	test-2.conllu	test-2.out.conllu	Hartt1938:0:0:556	4	pituna	0	1	root	conj
fold-2	test-2.conllu	test-2.out.conllu	Hartt1938:0:0:567	1	Upaĩ	2	3	det	nsubj
fold-2	test-2.conllu	test-2.out.conllu	Hartt1938:0:0:567	2	maã	3	3	nsubj	obj
fold-2	test-2.conllu	test-2.out.conllu	Hartt1938:0:0:567	4	ixéu	3	3	obl	iobj
fold-2	test-2.conllu	test-2.out.conllu	Hartt1938:0:0:713	1	I	2	2	nsubj	expl
fold-2	test-2.conllu	test-2.out.conllu	Hartt1938:0:0:719	8	i	9	9	nsubj	expl
fold-2	test-2.conllu	test-2.out.conllu	Hartt1938:3:33:886	1	Musapiri	0	2	root	nummod
fold-2	test-2.conllu	test-2.out.conllu	Hartt1938:3:33:886	3	amurupí	2	13	nmod	advmod
fold-2	test-2.conllu	test-2.out.conllu	Hartt1938:3:33:886	7	marikawasú	1	10	parataxis	nmod:poss
fold-2	test-2.conllu	test-2.out.conllu	Hartt1938:3:33:886	10	rimbiwa	7	13	conj	obl
fold-2	test-2.conllu	test-2.out.conllu	Hartt1938:3:33:886	13	nhaã	10	0	nsubj	root
fold-2	test-2.conllu	test-2.out.conllu	Hartt1938:3:33:886	27	uikú	28	26	cop	aux
fold-2	test-2.conllu	test-2.out.conllu	Hartt1938:3:33:886	28	kaawasú	26	26	parataxis	obl
fold-2	test-2.conllu	test-2.out.conllu	Hartt1938:3:33:886	31	apira	28	26	conj	obl
fold-2	test-2.conllu	test-2.out.conllu	Hartt1938:3:64:917	7	akayú	6	6	nsubj	obj
fold-2	test-2.conllu	test-2.out.conllu	Hartt1938:3:64:917	10	xamunhã	6	6	conj	parataxis
fold-2	test-2.conllu	test-2.out.conllu	Hartt1938:3:64:917	18	xamunhã	6	10	conj	parataxis
fold-2	test-2.conllu	test-2.out.conllu	Hartt1938:3:66:919-1	1	Ipí	0	5	root	obl
fold-2	test-2.conllu	test-2.out.conllu	Hartt1938:3:66:919-1	5	pirá	1	0	nsubj	root
fold-2	test-2.conllu	test-2.out.conllu	Hartt1938:3:66:919-1	19	sesá-itá	23	20	nsubj	nmod:poss
fold-2	test-2.conllu	test-2.out.conllu	Hartt1938:3:66:919-1	27	pirá	1	23	parataxis	ccomp
fold-2	test-2.conllu	test-2.out.conllu	Aguiar1898:2:1:12	3	pessoa	5	5	nsubj	obl
fold-2	test-2.conllu	test-2.out.conllu	Aguiar1898:3:14-2:42-2	1	Jesu	3	2	nsubj	nmod:poss
fold-2	test-2.conllu	test-2.out.conllu	Aguiar1898:3:14-2:42-2	2	Christu	1	0	flat	root
fold-2	test-2.conllu	test-2.out.conllu	Aguiar1898:3:14-2:42-2	3	Tupana	0	2	root	nsubj
fold-2	test-2.conllu	test-2.out.conllu	Aguiar1898:3:14-2:42-2	6	Apigawa	3	7	conj	nsubj
fold-2	test-2.conllu	test-2.out.conllu	Aguiar1898:3:14-2:42-2	7	reté	6	2	amod	conj
fold-2	test-2.conllu	test-2.out.conllu	Aguiar1898:3:15:43	6	misteriu	4	4	nmod	nsubj
fold-2	test-2.conllu	test-2.out.conllu	Aguiar1898:3:16:44	5	amú	9	3	obl	conj
fold-2	test-2.conllu	test-2.out.conllu	Aguiar1898:3:16:44	9	Raíra	3	11	parataxis	nsubj
fold-2	test-2.conllu	test-2.out.conllu	Aguiar1898:3:16:44	11	rukwera	9	5	nmod	acl:relcl
fold-2	test-2.conllu	test-2.out.conllu	Aguiar1898:5:1:51	6	Yara	4	7	appos	nsubj
fold-2	test-2.conllu	test-2.out.conllu	Aguiar1898:11:8:82	9	puité	2	10	conj	nsubj
fold-2	test-2.conllu	test-2.out.conllu	Aguiar1898:11:8:82	10	yuri	9	2	cc	parataxis
fold-2	test-2.conllu	test-2.out.conllu	Aguiar1898:21-6:1:541	25	suú	15	8	appos	conj
fold-3	test-3.conllu	test-3.out.conllu	MooreFP1994:0:0:26	5	apurakí	4	3	advcl:relcl	acl:relcl
fold-3	test-3.conllu	test-3.out.conllu	MooreFP1994:0:0:26	6	waá	5	5	obl	obj
fold-3	test-3.conllu	test-3.out.conllu	Alencar2021:0:0:19	2	i	3	0	obl	root
fold-3	test-3.conllu	test-3.out.conllu	Alencar2021:0:0:19	3	irumu	0	2	root	case
fold-3	test-3.conllu	test-3.out.conllu	Navarro2016:1:6:6	1	Pedro	7	4	nsubj	nmod:poss
fold-3	test-3.conllu	test-3.out.conllu	Navarro2016:1:6:6	4	mena	1	7	appos	nsubj
fold-3	test-3.conllu	test-3.out.conllu	Navarro2016:0:0:400	6	aintá	2	7	expl	nsubj
fold-3	test-3.conllu	test-3.out.conllu	Navarro2016:0:0:402	1	Apigawa	9	5	dislocated	nsubj
fold-3	test-3.conllu	test-3.out.conllu	Navarro2016:0:0:402	5	umurari	1	0	acl:relcl	root
fold-3	test-3.conllu	test-3.out.conllu	Navarro2016:0:0:402	9	José	0	5	root	parataxis
fold-3	test-3.conllu	test-3.out.conllu	Navarro2016:4:11:178	6	igara	4	4	obl	obj
fold-3	test-3.conllu	test-3.out.conllu	Navarro2016:4:11:178	7	mirá	6	4	nmod	obl
fold-3	test-3.conllu	test-3.out.conllu	Navarro2016:4:11:178	9	upé	6	4	case	obl
fold-3	test-3.conllu	test-3.out.conllu	Navarro2016:0:0:181	1	Apigawa	5	0	nsubj	root
fold-3	test-3.conllu	test-3.out.conllu	Navarro2016:0:0:181	5	paya	0	2	root	obj
fold-3	test-3.conllu	test-3.out.conllu	Navarro2016:0:0:181	8	aé	12	1	nsubj	conj
fold-3	test-3.conllu	test-3.out.conllu	Navarro2016:0:0:181	12	tutira	5	9	conj	obj
fold-3	test-3.conllu	test-3.out.conllu	Navarro2016:0:0:192	1	Uka	2	0	nsubj	root
fold-3	test-3.conllu	test-3.out.conllu	Navarro2016:0:0:192	2	puranga	0	1	root	amod
fold-3	test-3.conllu	test-3.out.conllu	Avila2021:0:0:5	3	pusanga	4	6	obj	nsubj
fold-3	test-3.conllu	test-3.out.conllu	Avila2021:0:0:5	4	yaú	0	6	root	advcl
fold-3	test-3.conllu	test-3.out.conllu	Avila2021:0:0:5	6	uwatari	4	0	advcl	root
fold-3	test-3.conllu	test-3.out.conllu	Avila2021:0:0:5	8	yasí	6	6	nsubj	obj
fold-3	test-3.conllu	test-3.out.conllu	Avila2021:0:0:32	13	makaka	7	7	vocative	parataxis
fold-3	test-3.conllu	test-3.out.conllu	Avila2021:0:0:37	10	membira	8	6	nmod	obl
fold-3	test-3.conllu	test-3.out.conllu	Avila2021:0:0:39	12	ukwawa	9	9	advcl	ccomp
fold-3	test-3.conllu	test-3.out.conllu	Avila2021:0:0:39	14	mayesawa	12	12	ccomp	advmod
fold-3	test-3.conllu	test-3.out.conllu	Avila2021:0:0:39	18	waá	17	17	obj	nsubj
fold-3	test-3.conllu	test-3.out.conllu	Avila2021:0:0:40	4	ayapí	3	3	xcomp	ccomp
fold-3	test-3.conllu	test-3.out.conllu	Avila2021:0:0:106	3	pemaã	1	1	parataxis	ccomp
fold-3	test-3.conllu	test-3.out.conllu	Avila2021:0:0:106	4	siiya	1	3	obj	nsubj
fold-3	test-3.conllu	test-3.out.conllu	Avila2021:0:0:106	8	waá-itá	7	7	obj	nsubj
fold-3	test-3.conllu	test-3.out.conllu	Avila2021:0:0:106	15	aintá	11	17	nmod	obl
fold-3	test-3.conllu	test-3.out.conllu	Avila2021:0:0:114	9	waá	8	8	nsubj	obj
fold-3	test-3.conllu	test-3.out.conllu	Avila2021:0:0:132	6	rayera	4	7	obj	nsubj
fold-3	test-3.conllu	test-3.out.conllu	Avila2021:0:0:132	7	umendari	4	0	xcomp	root
fold-3	test-3.conllu	test-3.out.conllu	Avila2021:0:0:132	8	kirimbawa	7	10	obj	acl:relcl
fold-3	test-3.conllu	test-3.out.conllu	Avila2021:0:0:132	10	waá	8	7	nsubj	obl
fold-3	test-3.conllu	test-3.out.conllu	Avila2021:0:0:132	17	putawa	0	7	root	obj
fold-3	test-3.conllu	test-3.out.conllu	Avila2021:0:0:137	9	reputari	8	4	acl:relcl	parataxis
fold-3	test-3.conllu	test-3.out.conllu	Avila2021:0:0:137	13	maã	8	10	appos	obj
fold-3	test-3.conllu	test-3.out.conllu	Avila2021:0:0:141	1	Nhaã-itá	9	6	obj	nmod:poss
fold-3	test-3.conllu	test-3.out.conllu	Avila2021:0:0:141	5	manusawa	6	2	nmod:poss	obj
fold-3	test-3.conllu	test-3.out.conllu	Avila2021:0:0:141	10	umuyatikú	9	9	xcomp	ccomp
fold-3	test-3.conllu	test-3.out.conllu	Avila2021:0:0:141	15	umaã	10	10	advcl	parataxis
fold-3	test-3.conllu	test-3.out.conllu	Avila2021:18:1:175	3	kirimbawa	1	6	acl	advcl
fold-3	test-3.conllu	test-3.out.conllu	Avila2021:0:0:223	6	upisika	4	2	advcl:relcl	ccomp
fold-3	test-3.conllu	test-3.out.conllu	Avila2021:0:0:254	3	akanga	5	4	nsubj	nmod:poss
fold-3	test-3.conllu	test-3.out.conllu	Avila2021:0:0:254	4	sawa-ima	5	5	xcomp	nsubj
fold-3	test-3.conllu	test-3.out.conllu	Avila2021:0:0:275	8	puranga	0	14	root	advcl
fold-3	test-3.conllu	test-3.out.conllu	Avila2021:0:0:275	14	yayumana	8	0	parataxis	root
fold-3	test-3.conllu	test-3.out.conllu	Avila2021:26:3:304	5	sesewara	2	2	obj	nsubj
fold-3	test-3.conllu	test-3.out.conllu	Avila2021:0:0:310	13	uri	11	11	parataxis	xcomp
fold-3	test-3.conllu	test-3.out.conllu	Avila2021:0:0:310	32	uri	29	29	parataxis	ccomp
fold-3	test-3.conllu	test-3.out.conllu	Avila2021:0:0:311	4	sawa	3	3	nsubj	obj
fold-3	test-3.conllu	test-3.out.conllu	Avila2021:0:0:311	10	kwayentu	8	8	ccomp	advmod
fold-3	test-3.conllu	test-3.out.conllu	Avila2021:0:0:311	12	kurasí-ara	10	8	nsubj	obj
fold-3	test-3.conllu	test-3.out.conllu	Avila2021:27:1:313	5	masariku-iwa	2	9	obj	nmod:poss
fold-3	test-3.conllu	test-3.out.conllu	Avila2021:27:1:313	8	waá	5	7	nmod:poss	nsubj
fold-3	test-3.conllu	test-3.out.conllu	Avila2021:27:1:313	9	supitá	7	2	nsubj	obj
fold-3	test-3.conllu	test-3.out.conllu	Avila2021:0:0:341	3	pirá	1	4	nsubj	nmod:poss
fold-3	test-3.conllu	test-3.out.conllu	Avila2021:0:0:345	3	apukuitawa	2	4	obj	nmod:poss
fold-3	test-3.conllu	test-3.out.conllu	Avila2021:0:0:436	2	kwayewara	0	11	root	advmod
fold-3	test-3.conllu	test-3.out.conllu	Avila2021:0:0:436	4	arawara	2	11	parataxis	vocative
fold-3	test-3.conllu	test-3.out.conllu	Avila2021:0:0:436	5	uikú	4	11	cop	aux
fold-3	test-3.conllu	test-3.out.conllu	Avila2021:0:0:436	11	ukiri	4	0	parataxis	root
fold-3	test-3.conllu	test-3.out.conllu	Avila2021:0:0:436	12	nẽ	11	11	obl	obj
fold-3	test-3.conllu	test-3.out.conllu	Avila2021:0:0:485	3	surí	4	0	xcomp	root
fold-3	test-3.conllu	test-3.out.conllu	Avila2021:0:0:485	4	upitá	0	3	root	ccomp
fold-3	test-3.conllu	test-3.out.conllu	Avila2021:0:0:511	2	piaiwasawa	5	5	obl	nsubj
fold-3	test-3.conllu	test-3.out.conllu	Avila2021:0:0:531	1	Nhaã	7	7	obj	nsubj
fold-3	test-3.conllu	test-3.out.conllu	Avila2021:0:0:557	1	Aiwana	0	3	root	advmod
fold-3	test-3.conllu	test-3.out.conllu	Avila2021:0:0:557	3	upitá	1	0	csubj	root
fold-3	test-3.conllu	test-3.out.conllu	Avila2021:0:0:557	6	sawa	3	3	nsubj	obj
fold-3	test-3.conllu	test-3.out.conllu	Avila2021:0:0:557	7	puxí	3	6	xcomp	amod
fold-3	test-3.conllu	test-3.out.conllu	Avila2021:0:0:557	9	i	10	10	nsubj	expl
fold-3	test-3.conllu	test-3.out.conllu	Avila2021:0:0:557	12	pirá	13	10	nmod:poss	nsubj
fold-3	test-3.conllu	test-3.out.conllu	Avila2021:0:0:559	10	umanú	5	2	acl:relcl	parataxis
fold-3	test-3.conllu	test-3.out.conllu	Avila2021:0:0:559	12	asuí	2	14	parataxis	advmod
fold-3	test-3.conllu	test-3.out.conllu	Avila2021:0:0:559	14	upitá	12	10	csubj	parataxis
fold-3	test-3.conllu	test-3.out.conllu	Avila2021:0:0:559	18	ruaxara	14	14	xcomp	obj
fold-3	test-3.conllu	test-3.out.conllu	Avila2021:0:0:564	3	Kuse-itá	1	8	nmod	vocative
fold-3	test-3.conllu	test-3.out.conllu	Avila2021:0:0:564	5	tuixawa-itá	1	8	acl	obl
fold-3	test-3.conllu	test-3.out.conllu	Avila2021:0:0:564	13	Hinere-itá	19	19	nsubj	vocative
fold-3	test-3.conllu	test-3.out.conllu	Avila2021:0:0:564	16	wiwa-itá	13	19	acl	nsubj
fold-3	test-3.conllu	test-3.out.conllu	Avila2021:0:0:593	3	yautí	1	1	vocative	obj
fold-3	test-3.conllu	test-3.out.conllu	Avila2021:0:0:676	11	penhẽ	12	12	nsubj	nmod:poss
fold-3	test-3.conllu	test-3.out.conllu	Avila2021:0:0:676	12	mira	8	8	ccomp	obj
fold-3	test-3.conllu	test-3.out.conllu	Avila2021:0:0:676	13	yané	12	8	nmod	obl
fold-3	test-3.conllu	test-3.out.conllu	Avila2021:0:0:724	4	aintá	6	3	nmod:poss	nsubj
fold-3	test-3.conllu	test-3.out.conllu	NTLN2019:0:0:4	4	yayumuatiri	11	0	advcl	root
fold-3	test-3.conllu	test-3.out.conllu	NTLN2019:0:0:4	11	umbeú	0	4	root	parataxis
fold-3	test-3.conllu	test-3.out.conllu	NTLN2019:0:0:4	12	aintá	11	11	obl	iobj
fold-3	test-3.conllu	test-3.out.conllu	NTLN2019:0:0:4	15	uputari	11	11	advcl	ccomp
fold-3	test-3.conllu	test-3.out.conllu	NTLN2019:0:0:4	16	usú	15	15	xcomp	parataxis
fold-3	test-3.conllu	test-3.out.conllu	NTLN2019:0:0:4	19	wirandé	16	16	advmod	obl
fold-3	test-3.conllu	test-3.out.conllu	NTLN2019:0:0:4	24	upurungitá	23	23	xcomp	parataxis
fold-3	test-3.conllu	test-3.out.conllu	NTLN2019:0:0:7	3	raíra	0	5	root	vocative
fold-3	test-3.conllu	test-3.out.conllu	NTLN2019:0:0:7	5	teresemu	3	0	parataxis	root
fold-3	test-3.conllu	test-3.out.conllu	NTLN2019:0:0:7	12	puxiwerasawa	8	5	conj	parataxis
fold-3	test-3.conllu	test-3.out.conllu	NTLN2019:0:0:7	17	suanhana	5	12	parataxis	nsubj
fold-3	test-3.conllu	test-3.out.conllu	NTLN2019:0:0:7	19	kwá	17	12	nmod	nsubj
fold-3	test-3.conllu	test-3.out.conllu	NTLN2019:1-9:0:52	5	waá	7	4	dislocated	nsubj
fold-3	test-3.conllu	test-3.out.conllu	NTLN2019:1-9:0:52	7	pira	4	1	nsubj	obj
fold-3	test-3.conllu	test-3.out.conllu	NTLN2019:0:56:56	5	kwá-itá	3	1	nmod	acl:relcl
fold-3	test-3.conllu	test-3.out.conllu	NTLN2019:0:56:56	8	pitunawasú	5	7	acl:relcl	nsubj
fold-3	test-3.conllu	test-3.out.conllu	NTLN2019:0:56:56	9	waá	8	28	mark	obl
fold-3	test-3.conllu	test-3.out.conllu	NTLN2019:0:56:56	10	upé	9	9	fixed	case
fold-3	test-3.conllu	test-3.out.conllu	NTLN2019:0:56:56	11	aintá	3	28	conj	obl
fold-3	test-3.conllu	test-3.out.conllu	NTLN2019:0:56:56	14	kwá-itá	11	28	nmod	dislocated
fold-3	test-3.conllu	test-3.out.conllu	NTLN2019:0:56:56	15	uikú	18	18	aux	cop
fold-3	test-3.conllu	test-3.out.conllu	NTLN2019:0:56:56	16	waá-itá	18	17	nsubj	nmod:poss
fold-3	test-3.conllu	test-3.out.conllu	NTLN2019:0:56:56	20	sasiára	18	14	advcl	acl:relcl
fold-3	test-3.conllu	test-3.out.conllu	NTLN2019:0:56:56	21	waá	20	20	mark	obl
fold-3	test-3.conllu	test-3.out.conllu	NTLN2019:0:56:56	22	upé	21	21	fixed	case
fold-3	test-3.conllu	test-3.out.conllu	NTLN2019:0:56:56	28	uwatá	24	8	ccomp	acl:relcl
fold-3	test-3.conllu	test-3.out.conllu	NTLN2019:0:56:56	37	maã	34	34	ccomp	obl
fold-3	test-3.conllu	test-3.out.conllu	NTLN2019:7-2-5:11:11-1	6	yambué	1	1	parataxis	xcomp
fold-3	test-3.conllu	test-3.out.conllu	NTLN2019:7-2-5:11:11-2	4	yamanduarisawa	2	2	obj	parataxis
fold-3	test-3.conllu	test-3.out.conllu	NTLN2019:7-2-5:11:11-2	9	yamanduarisawa	7	7	obj	ccomp
fold-3	test-3.conllu	test-3.out.conllu	NTLN2019:1-6:6:6	25	umaã	24	11	acl:relcl	conj
fold-3	test-3.conllu	test-3.out.conllu	NTLN2019:1-6:6:6	26	waá	25	25	nsubj	obj
fold-3	test-3.conllu	test-3.out.conllu	NTLN2019:1-6:6:6	30	uxari	13	25	conj	parataxis
fold-3	test-3.conllu	test-3.out.conllu	NTLN2019:1-6:6:6	32	indé	30	30	obl	iobj
fold-3	test-3.conllu	test-3.out.conllu	NTLN2019:1-6:6:6	34	kwá	30	30	obl	obj
fold-3	test-3.conllu	test-3.out.conllu	NTLN2019:1-6:6:6	36	waá	35	35	obj	obl
fold-3	test-3.conllu	test-3.out.conllu	Cruz2011:1:100:28	6	mbira	1	1	vocative	nsubj
fold-3	test-3.conllu	test-3.out.conllu	Cruz2011:0:0:101	9	rapixara	10	7	nmod:poss	obj
fold-3	test-3.conllu	test-3.out.conllu	Casasnovas2006:6:5:64	11	aintá	10	10	iobj	obj
fold-3	test-3.conllu	test-3.out.conllu	Casasnovas2006:6:5:64	16	penhẽ	17	17	obj	nsubj
fold-3	test-3.conllu	test-3.out.conllu	Casasnovas2006:6:5:64	27	maã	17	21	parataxis	obj
fold-3	test-3.conllu	test-3.out.conllu	Casasnovas2006:6:5:64	29	penhẽ	27	27	obl	iobj
fold-3	test-3.conllu	test-3.out.conllu	Casasnovas2006:8:9:77	3	taité	2	0	amod	root
fold-3	test-3.conllu	test-3.out.conllu	Casasnovas2006:8:9:77	5	urirí	0	3	root	parataxis
fold-3	test-3.conllu	test-3.out.conllu	Casasnovas2006:8:9:77	6	upuãmu	5	5	parataxis	xcomp
fold-3	test-3.conllu	test-3.out.conllu	Casasnovas2006:8:9:77	7	usikiesá	6	6	obl	parataxis
fold-3	test-3.conllu	test-3.out.conllu	Casasnovas2006:8:16:84	2	arã	1	1	fixed	case
fold-3	test-3.conllu	test-3.out.conllu	Casasnovas2006:8:16:84	6	timbiú	5	5	nsubj	obj
fold-3	test-3.conllu	test-3.out.conllu	Casasnovas2006:9:6:90	3	timbú	2	4	obj	nsubj
fold-3	test-3.conllu	test-3.out.conllu	Casasnovas2006:11:10:141	1	Sesewara	2	2	obl	nsubj
fold-3	test-3.conllu	test-3.out.conllu	Casasnovas2006:11:10:141	7	teyú	8	2	nsubj	obj
fold-3	test-3.conllu	test-3.out.conllu	Casasnovas2006:11:10:141	8	atiimamanha	2	7	ccomp	amod
fold-3	test-3.conllu	test-3.out.conllu	Casasnovas2006:11:17:148	8	mirĩ	7	0	amod	root
fold-3	test-3.conllu	test-3.out.conllu	Casasnovas2006:11:17:148	13	upunhẽ-punhẽ	0	8	root	parataxis
fold-3	test-3.conllu	test-3.out.conllu	Casasnovas2006:11:17:148	19	usú	13	13	advcl	parataxis
fold-3	test-3.conllu	test-3.out.conllu	Casasnovas2006:11:24:155	3	yamaã	5	0	ccomp	root
fold-3	test-3.conllu	test-3.out.conllu	Casasnovas2006:11:24:155	5	unheẽ	0	3	root	parataxis
fold-3	test-3.conllu	test-3.out.conllu	Casasnovas2006:12:15:181	7	umendari	6	6	xcomp	ccomp
fold-3	test-3.conllu	test-3.out.conllu	Casasnovas2006:12:15:181	14	nhaã	15	15	det	nsubj
fold-3	test-3.conllu	test-3.out.conllu	Casasnovas2006:12:21:187	7	Adana	6	9	obj	nsubj
fold-3	test-3.conllu	test-3.out.conllu	Casasnovas2006:12:21:187	9	uwasemu	6	6	parataxis	ccomp
fold-3	test-3.conllu	test-3.out.conllu	Casasnovas2006:12:31:197	10	ta	11	11	nsubj	expl
fold-3	test-3.conllu	test-3.out.conllu	Casasnovas2006:0:0:20	1	Putira	9	0	nsubj	root
fold-3	test-3.conllu	test-3.out.conllu	Casasnovas2006:0:0:20	6	waá	4	5	nmod:poss	nsubj
fold-3	test-3.conllu	test-3.out.conllu	Casasnovas2006:0:0:20	9	utiní	0	1	root	parataxis
fold-3	test-3.conllu	test-3.out.conllu	Casasnovas2006:0:0:36	2	mbira	5	5	vocative	nsubj
fold-3	test-3.conllu	test-3.out.conllu	Rodrigues1890:1-1-1:10:100	7	maã	9	9	obl	obj
fold-3	test-3.conllu	test-3.out.conllu	Rodrigues1890:1-1-3:4:104	1	Pituna	3	3	obl	nsubj
fold-3	test-3.conllu	test-3.out.conllu	Rodrigues1890:1-1-5:91:91	2	usú	4	0	advcl	root
fold-3	test-3.conllu	test-3.out.conllu	Rodrigues1890:1-1-5:91:91	4	uinú	0	2	root	advcl
fold-3	test-3.conllu	test-3.out.conllu	Rodrigues1890:1-1-8:2:2	2	pituna	3	3	nmod:poss	nsubj
fold-3	test-3.conllu	test-3.out.conllu	Rodrigues1890:1-1-8:2:2	3	ukaamunusawa	4	0	obl	root
fold-3	test-3.conllu	test-3.out.conllu	Rodrigues1890:1-1-8:2:2	4	usendú	0	3	root	xcomp
fold-3	test-3.conllu	test-3.out.conllu	Rodrigues1890:1-1-8:2:2	11	maã	10	10	ccomp	obj
fold-3	test-3.conllu	test-3.out.conllu	Rodrigues1890:1-1-8:2:2	13	uyapisaka	10	11	parataxis	acl:relcl
fold-3	test-3.conllu	test-3.out.conllu	Rodrigues1890:1-1-8:2:2	23	ikú	22	22	cop	aux
fold-3	test-3.conllu	test-3.out.conllu	Rodrigues1890:1-1-8:5:5	2	Awá	0	5	root	obj
fold-3	test-3.conllu	test-3.out.conllu	Rodrigues1890:1-1-8:5:5	5	rewatá	2	0	acl	root
fold-3	test-3.conllu	test-3.out.conllu	Rodrigues1890:1-1-9:160:160	9	ukaíma-itá	2	6	dislocated	obj
fold-3	test-3.conllu	test-3.out.conllu	Rodrigues1890:1-1-12:10:10	5	tuixawa-etá	4	4	iobj	obj
fold-3	test-3.conllu	test-3.out.conllu	Rodrigues1890:1-1-12:10:10	6	unheẽ	4	4	parataxis	iobj
fold-3	test-3.conllu	test-3.out.conllu	Rodrigues1890:1-1-12:10:10	22	katú	16	16	parataxis	ccomp
fold-3	test-3.conllu	test-3.out.conllu	Rodrigues1890:1-1-12:10:10	25	maíwa	16	31	parataxis	nmod:poss
fold-3	test-3.conllu	test-3.out.conllu	Rodrigues1890:1-1-12:10:10	29	anga	16	31	parataxis	nmod:poss
fold-3	test-3.conllu	test-3.out.conllu	Rodrigues1890:1-1-12:10:10	31	raíra	29	22	nmod	conj
fold-3	test-3.conllu	test-3.out.conllu	Rodrigues1890:2-5:6:6	10	yawareté	5	7	nsubj	obj
fold-3	test-3.conllu	test-3.out.conllu	Rodrigues1890:2-11:29:29	2	Awá	4	0	nsubj	root
fold-3	test-3.conllu	test-3.out.conllu	Rodrigues1890:2-11:29:29	4	tenundé	0	2	root	nsubj
fold-3	test-3.conllu	test-3.out.conllu	Rodrigues1890:2-14:6:506	2	muirá	1	3	obj	nsubj
fold-3	test-3.conllu	test-3.out.conllu	Rodrigues1890:2-14:6:506	3	uyawika	1	1	parataxis	ccomp
fold-3	test-3.conllu	test-3.out.conllu	Rodrigues1890:2-15:0:0	2	aé	4	4	obj	nsubj
fold-3	test-3.conllu	test-3.out.conllu	Rodrigues1890:2-15:0:0	5	n	6	6	nsubj	obj
fold-3	test-3.conllu	test-3.out.conllu	Rodrigues1890:2-15:0:0	6	a	4	4	parataxis	xcomp
fold-3	test-3.conllu	test-3.out.conllu	Rodrigues1890:3-6:7:1007	4	aintá	3	3	obl	iobj
fold-3	test-3.conllu	test-3.out.conllu	Magalhaes1876:1:28:28	9	yapirari	6	6	ccomp	parataxis
fold-3	test-3.conllu	test-3.out.conllu	Magalhaes1876:1:30:30	3	suka	6	1	obl	conj
fold-3	test-3.conllu	test-3.out.conllu	Magalhaes1876:1:43:43	5	maã	6	2	nsubj	obj
fold-3	test-3.conllu	test-3.out.conllu	Magalhaes1876:1:43:43	6	ukanhemu	2	5	ccomp	acl:relcl
fold-3	test-3.conllu	test-3.out.conllu	Magalhaes1876:1:43:43	20	yatiri	16	16	advcl	parataxis
fold-3	test-3.conllu	test-3.out.conllu	Magalhaes1876:2:6:49	8	indé	11	2	nsubj	obj
fold-3	test-3.conllu	test-3.out.conllu	Magalhaes1876:2:6:49	11	apigawa	5	2	ccomp	obj
fold-3	test-3.conllu	test-3.out.conllu	Magalhaes1876:2:23:66	10	Paraná	12	7	vocative	ccomp
fold-3	test-3.conllu	test-3.out.conllu	Magalhaes1876:2:23:66	12	maã	7	10	ccomp	nsubj
fold-3	test-3.conllu	test-3.out.conllu	Magalhaes1876:2:23:66	13	paá	12	10	fixed	advmod
fold-3	test-3.conllu	test-3.out.conllu	Magalhaes1876:2:28:71	16	riãwera	6	10	parataxis	obl
fold-3	test-3.conllu	test-3.out.conllu	Magalhaes1876:2:34:77	3	kwá	2	2	obl	iobj
fold-3	test-3.conllu	test-3.out.conllu	Amorim1928:19:4:4	13	umaã	8	11	ccomp	acl:relcl
fold-3	test-3.conllu	test-3.out.conllu	Amorim1928:21:5:1000	8	sé	9	7	advmod	amod
fold-3	test-3.conllu	test-3.out.conllu	Amorim1928:21:5:1000	28	sakusawa	29	26	nmod:poss	obj
fold-3	test-3.conllu	test-3.out.conllu	Amorim1928:21:35:35	6	umuyumunhã	3	3	xcomp	parataxis
fold-3	test-3.conllu	test-3.out.conllu	Amorim1928:21:61:61	2	penhẽ	3	4	nmod:poss	nsubj
fold-3	test-3.conllu	test-3.out.conllu	Amorim1928:21:61:61	3	yawé-yawé	4	4	nsubj	expl
fold-3	test-3.conllu	test-3.out.conllu	Amorim1928:3:438:438	5	amurupí	2	2	xcomp	advmod
fold-3	test-3.conllu	test-3.out.conllu	Amorim1928:3:200:200	8	ikiyú	7	9	obj	nsubj
fold-3	test-3.conllu	test-3.out.conllu	Amorim1928:3:200:200	9	unheengari	7	7	xcomp	parataxis
fold-3	test-3.conllu	test-3.out.conllu	Amorim1928:3:200:200	15	Ikiyú	19	17	vocative	nmod:poss
fold-3	test-3.conllu	test-3.out.conllu	Amorim1928:3:200:200	17	ramunha	15	19	appos	vocative
fold-3	test-3.conllu	test-3.out.conllu	Amorim1928:3:200:200	22	teité	20	23	acl	obj
fold-3	test-3.conllu	test-3.out.conllu	Amorim1928:3:250:250	13	rapiá	9	14	obj	nsubj
fold-3	test-3.conllu	test-3.out.conllu	Amorim1928:29:20:20	3	amurupí	5	5	xcomp	advmod
fold-3	test-3.conllu	test-3.out.conllu	Hartt1938:0:0:27	6	rerasú	2	0	conj	root
fold-3	test-3.conllu	test-3.out.conllu	Hartt1938:0:0:27	9	xarasú	0	6	root	xcomp
fold-3	test-3.conllu	test-3.out.conllu	Hartt1938:0:0:94	3	xawasemu	14	0	advcl	root
fold-3	test-3.conllu	test-3.out.conllu	Hartt1938:0:0:94	14	xamusaka	0	5	root	acl:relcl
fold-3	test-3.conllu	test-3.out.conllu	Hartt1938:0:0:181	2	uikú	3	1	cop	aux
fold-3	test-3.conllu	test-3.out.conllu	Hartt1938:0:0:181	3	ranhẽ	1	1	ccomp	advmod
fold-3	test-3.conllu	test-3.out.conllu	Hartt1938:0:0:226	6	inéu	5	5	iobj	obj
fold-3	test-3.conllu	test-3.out.conllu	Hartt1938:0:0:258	3	apukuitawa	2	4	obj	nmod:poss
fold-3	test-3.conllu	test-3.out.conllu	Hartt1938:0:0:279	2	pituna	3	3	obl	nsubj
fold-3	test-3.conllu	test-3.out.conllu	Hartt1938:0:0:416	1	Kwekatú	0	3	root	nsubj
fold-3	test-3.conllu	test-3.out.conllu	Hartt1938:0:0:416	3	Kurupatiwara-itá	1	0	obl	root
fold-3	test-3.conllu	test-3.out.conllu	Hartt1938:0:0:438	3	se	4	4	expl	nsubj
fold-3	test-3.conllu	test-3.out.conllu	Hartt1938:0:0:557	8	xamutikanga	1	1	conj	parataxis
fold-3	test-3.conllu	test-3.out.conllu	Hartt1938:0:0:693	3	mukú	2	4	goeswith	cc
fold-3	test-3.conllu	test-3.out.conllu	Hartt1938:0:0:748	1	Yané	2	3	det	nsubj
fold-3	test-3.conllu	test-3.out.conllu	Hartt1938:3:37:890	6	aúna	5	5	nsubj	obj
fold-3	test-3.conllu	test-3.out.conllu	Hartt1938:3:37:890	15	imirá	16	13	nmod:poss	obj
fold-3	test-3.conllu	test-3.out.conllu	Hartt1938:3:37:890	16	kambí	13	18	obj	nsubj
fold-3	test-3.conllu	test-3.out.conllu	Aguiar1898:3:11:39	6	Raíra	4	9	nmod	nmod:poss
fold-3	test-3.conllu	test-3.out.conllu	Aguiar1898:3:11:39	9	Apigawa	7	4	xcomp	nsubj
fold-3	test-3.conllu	test-3.out.conllu	Aguiar1898:5:2:52	6	yasaisú	2	2	conj	parataxis
fold-3	test-3.conllu	test-3.out.conllu	Aguiar1898:5:2:52	10	yamunhã	2	6	conj	advcl
fold-3	test-3.conllu	test-3.out.conllu	Aguiar1898:5:2:52	17	ara	2	10	obl	parataxis
fold-3	test-3.conllu	test-3.out.conllu	Aguiar1898:10:1:71	2	Tupana	1	3	obl	nmod:poss
fold-3	test-3.conllu	test-3.out.conllu	Aguiar1898:10:1:71	3	Paya	2	1	nmod	obl
fold-3	test-3.conllu	test-3.out.conllu	Aguiar1898:10:1:71	6	turusú	3	1	conj	parataxis
fold-3	test-3.conllu	test-3.out.conllu	Aguiar1898:10:1:71	9	munhangara	3	10	conj	nmod:poss
fold-3	test-3.conllu	test-3.out.conllu	Aguiar1898:10:1:71	10	iwaka	9	6	nmod	nsubj
fold-3	test-3.conllu	test-3.out.conllu	Aguiar1898:21-5:1:540	13	wirá-itá	9	14	conj	nsubj
fold-3	test-3.conllu	test-3.out.conllu	Aguiar1898:21-5:1:540	14	uwewé	13	6	acl:relcl	parataxis
fold-3	test-3.conllu	test-3.out.conllu	Aguiar1898:21-5:1:540	15	waá	14	14	nsubj	obj
fold-3	test-3.conllu	test-3.out.conllu	Aguiar1898:21-5:1:540	23	wira	18	14	conj	obl
fold-3	test-3.conllu	test-3.out.conllu	Aguiar1898:21-8:15:215	2	Yara	4	3	nsubj	nmod:poss
fold-3	test-3.conllu	test-3.out.conllu	Aguiar1898:21-8:15:215	3	Tupana	2	4	appos	nsubj
fold-3	test-3.conllu	test-3.out.conllu	Aguiar1898:21-8:15:215	9	Maã	11	11	obl	nsubj
fold-3	test-3.conllu	test-3.out.conllu	Studart1926:3650:2-1:36501	2	pisayé	1	1	obl	obj
fold-3	test-3.conllu	test-3.out.conllu	Studart1926:3670:1:36550	1	Awá	3	3	obj	nsubj
fold-3	test-3.conllu	test-3.out.conllu	Leetra2015:8:100:100	3	taité	1	1	nsubj	obj
fold-3	test-3.conllu	test-3.out.conllu	Leetra2015:8:100:100	20	guiliru	25	25	nsubj	vocative
fold-3	test-3.conllu	test-3.out.conllu	Leetra2015:8:100:100	26	nheengari	25	25	parataxis	xcomp
fold-3	test-3.conllu	test-3.out.conllu	Leetra2015:8:100:100	29	tiiririrririririririririri	26	25	ccomp	parataxis
fold-3	test-3.conllu	test-3.out.conllu	Avila2021:0:0:732	4	uwewé	3	3	parataxis	ccomp
fold-3	test-3.conllu	test-3.out.conllu	Avila2021:0:0:734	5	puapuãmu	4	3	advcl	xcomp
fold-3	test-3.conllu	test-3.out.conllu	Avila2021:0:0:734	6	waá	5	5	mark	obl
fold-3	test-3.conllu	test-3.out.conllu	Avila2021:0:0:734	7	upé	6	6	fixed	case
fold-4	test-4.conllu	test-4.out.conllu	Alencar2021:0:0:50	1	Igara	3	3	nmod:poss	nsubj
fold-4	test-4.conllu	test-4.out.conllu	Navarro2016:0:0:27	6	iké	1	1	csubj	parataxis
fold-4	test-4.conllu	test-4.out.conllu	Navarro2016:0:0:84	2	maã	1	1	ccomp	obj
fold-4	test-4.conllu	test-4.out.conllu	Navarro2016:0:0:84	4	murakí	2	1	nsubj	obj
fold-4	test-4.conllu	test-4.out.conllu	Navarro2016:3:3:92	1	São	3	3	nsubj	nmod:poss
fold-4	test-4.conllu	test-4.out.conllu	Navarro2016:3:3:92	3	tawa	0	4	root	nsubj
fold-4	test-4.conllu	test-4.out.conllu	Navarro2016:3:3:92	4	puranga	3	0	amod	root
fold-4	test-4.conllu	test-4.out.conllu	Navarro2016:3:3:92	6	apekatú	3	4	conj	parataxis
fold-4	test-4.conllu	test-4.out.conllu	Navarro2016:0:0:131	4	ara	1	1	ccomp	obj
fold-4	test-4.conllu	test-4.out.conllu	Navarro2016:4:10:177	9	uú	2	2	conj	parataxis
fold-4	test-4.conllu	test-4.out.conllu	Navarro2016:0:0:183	1	Apigawa	9	5	dislocated	nsubj
fold-4	test-4.conllu	test-4.out.conllu	Navarro2016:0:0:183	3	paya	5	1	nsubj	acl:relcl
fold-4	test-4.conllu	test-4.out.conllu	Navarro2016:0:0:183	5	umurari	1	0	acl:relcl	root
fold-4	test-4.conllu	test-4.out.conllu	Navarro2016:0:0:183	9	José	0	5	root	parataxis
fold-4	test-4.conllu	test-4.out.conllu	Navarro2016:0:0:185	6	kunhã	9	1	nmod:poss	parataxis
fold-4	test-4.conllu	test-4.out.conllu	Navarro2016:0:0:185	9	mimbira	1	7	nmod	nsubj
fold-4	test-4.conllu	test-4.out.conllu	Navarro2016:0:0:188	3	umanũ	4	0	acl:relcl	root
fold-4	test-4.conllu	test-4.out.conllu	Navarro2016:0:0:188	4	waá-itá	5	5	nmod:poss	nsubj
fold-4	test-4.conllu	test-4.out.conllu	Navarro2016:0:0:188	5	ara	0	3	root	obj
fold-4	test-4.conllu	test-4.out.conllu	Navarro2016:0:0:206	2	urikú	1	0	acl:relcl	root
fold-4	test-4.conllu	test-4.out.conllu	Navarro2016:0:0:206	3	turusú	4	2	amod	xcomp
fold-4	test-4.conllu	test-4.out.conllu	Navarro2016:0:0:206	4	iwí	2	5	obj	nsubj
fold-4	test-4.conllu	test-4.out.conllu	Navarro2016:0:0:206	5	umeẽ	0	3	root	parataxis
fold-4	test-4.conllu	test-4.out.conllu	Navarro2016:0:0:206	7	awá	5	9	iobj	nsubj
fold-4	test-4.conllu	test-4.out.conllu	Navarro2016:0:0:206	9	urikú	7	5	acl:relcl	advcl
fold-4	test-4.conllu	test-4.out.conllu	Navarro2016:0:0:208	1	Aé	2	2	nsubj	nmod:poss
fold-4	test-4.conllu	test-4.out.conllu	Navarro2016:0:0:208	4	taité	2	2	discourse	conj
fold-4	test-4.conllu	test-4.out.conllu	Navarro2016:0:0:210	1	Aé	2	2	nsubj	nmod:poss
fold-4	test-4.conllu	test-4.out.conllu	Avila2021:0:0:64	3	kurumiwasú	0	2	root	nsubj
fold-4	test-4.conllu	test-4.out.conllu	Avila2021:0:0:64	8	upusú	3	0	parataxis	root
fold-4	test-4.conllu	test-4.out.conllu	Avila2021:0:0:72	4	wirá-mirĩ-itá	2	5	obj	nmod:poss
fold-4	test-4.conllu	test-4.out.conllu	Avila2021:0:0:136	9	ruayana	3	3	parataxis	vocative
fold-4	test-4.conllu	test-4.out.conllu	Avila2021:20:1:187	2	tapuya	7	3	nsubj	nmod:poss
fold-4	test-4.conllu	test-4.out.conllu	Avila2021:20:1:187	3	manáu	2	7	appos	nsubj
fold-4	test-4.conllu	test-4.out.conllu	Avila2021:20:1:187	6	aintá	7	7	expl	nsubj
fold-4	test-4.conllu	test-4.out.conllu	Avila2021:0:0:222	16	mayé	14	14	advmod	obl
fold-4	test-4.conllu	test-4.out.conllu	Avila2021:0:0:222	17	Abraão	16	18	obl	nsubj
fold-4	test-4.conllu	test-4.out.conllu	Avila2021:0:0:241	6	indé	4	4	iobj	obl
fold-4	test-4.conllu	test-4.out.conllu	Avila2021:24:1:245	7	usemu	5	5	advcl:relcl	acl:relcl
fold-4	test-4.conllu	test-4.out.conllu	Avila2021:25:1:248	3	indé	7	7	dislocated	nsubj
fold-4	test-4.conllu	test-4.out.conllu	Avila2021:25:1:248	9	awa	7	7	nsubj	obj
fold-4	test-4.conllu	test-4.out.conllu	Avila2021:0:0:268	5	até	6	7	case	nmod:poss
fold-4	test-4.conllu	test-4.out.conllu	Avila2021:0:0:268	13	nhaã	16	15	nsubj	nmod:poss
fold-4	test-4.conllu	test-4.out.conllu	Avila2021:0:0:268	15	tapiira	16	16	nmod:poss	nsubj
fold-4	test-4.conllu	test-4.out.conllu	Avila2021:0:0:268	19	nhaã	16	16	dislocated	nsubj
fold-4	test-4.conllu	test-4.out.conllu	Avila2021:0:0:284	2	indé	4	1	nsubj	obj
fold-4	test-4.conllu	test-4.out.conllu	Avila2021:0:0:294	1	Puxa	8	0	discourse	root
fold-4	test-4.conllu	test-4.out.conllu	Avila2021:0:0:294	4	ixé	8	5	dislocated	nsubj
fold-4	test-4.conllu	test-4.out.conllu	Avila2021:0:0:294	8	kaí	0	17	root	advcl
fold-4	test-4.conllu	test-4.out.conllu	Avila2021:0:0:294	10	kwaá	12	8	det	nsubj
fold-4	test-4.conllu	test-4.out.conllu	Avila2021:0:0:294	12	retimã	8	8	nsubj	obj
fold-4	test-4.conllu	test-4.out.conllu	Avila2021:0:0:297	1	Wakurawá	5	5	iobj	obl
fold-4	test-4.conllu	test-4.out.conllu	Avila2021:0:0:300	8	uyiima	5	7	advcl	amod
fold-4	test-4.conllu	test-4.out.conllu	Avila2021:0:0:300	13	urikú	5	5	advcl	parataxis
fold-4	test-4.conllu	test-4.out.conllu	Avila2021:0:0:322	3	sasí	1	4	obj	nsubj
fold-4	test-4.conllu	test-4.out.conllu	Avila2021:0:0:322	4	amukanhemu	3	1	acl	xcomp
fold-4	test-4.conllu	test-4.out.conllu	Avila2021:0:0:338	10	meyú	9	12	obj	nmod:poss
fold-4	test-4.conllu	test-4.out.conllu	Avila2021:0:0:338	12	uí	10	6	conj	obj
fold-4	test-4.conllu	test-4.out.conllu	Avila2021:0:0:371	5	aintá	6	6	expl	nsubj
fold-4	test-4.conllu	test-4.out.conllu	Avila2021:0:0:381	8	upé	5	5	dislocated	nsubj
fold-4	test-4.conllu	test-4.out.conllu	Avila2021:0:0:385	4	uyumupiranga	3	0	xcomp	root
fold-4	test-4.conllu	test-4.out.conllu	Avila2021:0:0:385	7	uri	0	4	root	parataxis
fold-4	test-4.conllu	test-4.out.conllu	Avila2021:0:0:409	13	igara	15	5	nsubj	parataxis
fold-4	test-4.conllu	test-4.out.conllu	Avila2021:0:0:409	15	waá	12	13	advcl:relcl	nsubj
fold-4	test-4.conllu	test-4.out.conllu	Avila2021:0:0:439	10	andirá	9	9	xcomp	obj
fold-4	test-4.conllu	test-4.out.conllu	Avila2021:0:0:439	13	uwewé	9	9	parataxis	xcomp
fold-4	test-4.conllu	test-4.out.conllu	Avila2021:0:0:441	10	aé	9	11	obj	nmod:poss
fold-4	test-4.conllu	test-4.out.conllu	Avila2021:0:0:441	15	língua	9	9	xcomp	obj
fold-4	test-4.conllu	test-4.out.conllu	Avila2021:0:0:441	19	mayé	9	15	advmod	acl:relcl
fold-4	test-4.conllu	test-4.out.conllu	Avila2021:0:0:441	28	waá	27	19	nmod:poss	advcl:relcl
fold-4	test-4.conllu	test-4.out.conllu	Avila2021:0:0:441	30	tukano	24	28	acl:relcl	conj
fold-4	test-4.conllu	test-4.out.conllu	Avila2021:0:0:447	3	usasawa	2	0	acl:relcl	root
fold-4	test-4.conllu	test-4.out.conllu	Avila2021:0:0:447	4	waá-itá	3	3	nsubj	obj
fold-4	test-4.conllu	test-4.out.conllu	Avila2021:0:0:447	6	aintá	7	7	expl	nsubj
fold-4	test-4.conllu	test-4.out.conllu	Avila2021:0:0:447	7	umbeú	0	3	root	parataxis
fold-4	test-4.conllu	test-4.out.conllu	Avila2021:0:0:502	1	Xukúi	0	6	root	advmod
fold-4	test-4.conllu	test-4.out.conllu	Avila2021:0:0:502	6	usemu	1	0	parataxis	root
fold-4	test-4.conllu	test-4.out.conllu	Avila2021:0:0:502	8	mitima	6	6	nsubj	obj
fold-4	test-4.conllu	test-4.out.conllu	Avila2021:0:0:551	7	suú	6	6	iobj	obj
fold-4	test-4.conllu	test-4.out.conllu	Avila2021:0:0:551	8	yawé	7	6	det	iobj
fold-4	test-4.conllu	test-4.out.conllu	Avila2021:0:0:556	5	ayuká	4	0	ccomp	root
fold-4	test-4.conllu	test-4.out.conllu	Avila2021:0:0:556	14	axari	0	5	root	parataxis
fold-4	test-4.conllu	test-4.out.conllu	Avila2021:0:0:592	4	paya	2	5	obl	nsubj
fold-4	test-4.conllu	test-4.out.conllu	Avila2021:0:0:592	5	usupiri	4	0	acl:relcl	root
fold-4	test-4.conllu	test-4.out.conllu	Avila2021:0:0:592	6	waá	5	5	nsubj	obj
fold-4	test-4.conllu	test-4.out.conllu	Avila2021:0:0:592	11	umbaka	5	5	conj	parataxis
fold-4	test-4.conllu	test-4.out.conllu	Avila2021:0:0:592	18	umbaka	0	11	root	parataxis
fold-4	test-4.conllu	test-4.out.conllu	Avila2021:0:0:598	2	uyururé	9	0	advcl	root
fold-4	test-4.conllu	test-4.out.conllu	Avila2021:0:0:598	9	uyururé	0	2	root	parataxis
fold-4	test-4.conllu	test-4.out.conllu	Avila2021:0:0:613	10	Txáu	7	12	parataxis	discourse
fold-4	test-4.conllu	test-4.out.conllu	Avila2021:0:0:613	12	txáu	10	14	conj	discourse
fold-4	test-4.conllu	test-4.out.conllu	Avila2021:0:0:613	14	txáu	10	7	conj	ccomp
fold-4	test-4.conllu	test-4.out.conllu	Avila2021:0:0:621	2	membí	4	4	dislocated	vocative
fold-4	test-4.conllu	test-4.out.conllu	Avila2021:0:0:659	9	tapurú	6	3	acl:relcl	parataxis
fold-4	test-4.conllu	test-4.out.conllu	Avila2021:0:0:659	10	pawa	9	9	advcl	advmod
fold-4	test-4.conllu	test-4.out.conllu	Avila2021:0:0:660	2	kwá-itá	14	14	dislocated	nsubj
fold-4	test-4.conllu	test-4.out.conllu	Avila2021:0:0:660	5	waá-itá	8	4	nsubj	obj
fold-4	test-4.conllu	test-4.out.conllu	Avila2021:0:0:660	6	aintá	8	14	expl	nsubj
fold-4	test-4.conllu	test-4.out.conllu	Avila2021:0:0:660	7	uikú	8	14	cop	aux
fold-4	test-4.conllu	test-4.out.conllu	Avila2021:0:0:660	8	aintá	4	14	ccomp	nsubj
fold-4	test-4.conllu	test-4.out.conllu	Avila2021:52:2:691	5	repinaitika	4	4	xcomp	parataxis
fold-4	test-4.conllu	test-4.out.conllu	NTLN2019:0:0:27	2	umbeú	1	0	acl:relcl	root
fold-4	test-4.conllu	test-4.out.conllu	NTLN2019:0:0:27	8	umbeú	0	2	root	parataxis
fold-4	test-4.conllu	test-4.out.conllu	NTLN2019:0:0:27	13	nheenga	8	14	dislocated	nsubj
fold-4	test-4.conllu	test-4.out.conllu	NTLN2019:0:0:27	14	kuxiimawara	13	8	amod	ccomp
fold-4	test-4.conllu	test-4.out.conllu	NTLN2019:0:0:34	3	yepé	7	5	dislocated	nsubj
fold-4	test-4.conllu	test-4.out.conllu	NTLN2019:0:0:34	5	pitera	3	7	nmod	obl
fold-4	test-4.conllu	test-4.out.conllu	NTLN2019:0:0:34	8	i	7	7	obl	iobj
fold-4	test-4.conllu	test-4.out.conllu	NTLN2019:0:0:34	11	maã	7	7	nsubj	obj
fold-4	test-4.conllu	test-4.out.conllu	NTLN2019:0:0:34	19	kupixawa	16	24	obj	nsubj
fold-4	test-4.conllu	test-4.out.conllu	NTLN2019:0:0:34	23	aintá	24	24	expl	nsubj
fold-4	test-4.conllu	test-4.out.conllu	NTLN2019:0:0:34	24	uvenderi	7	7	advcl	parataxis
fold-4	test-4.conllu	test-4.out.conllu	NTLN2019:0:0:53	8	yasendú	7	7	parataxis	ccomp
fold-4	test-4.conllu	test-4.out.conllu	NTLN2019:0:0:53	9	awá	10	8	nsubj	obj
fold-4	test-4.conllu	test-4.out.conllu	NTLN2019:0:0:53	12	remunhã	8	8	ccomp	parataxis
fold-4	test-4.conllu	test-4.out.conllu	NTLN2019:0:0:53	20	indé	19	19	iobj	obl
fold-4	test-4.conllu	test-4.out.conllu	NTLN2019:0:0:53	22	rekwawasawa	19	19	obj	parataxis
fold-4	test-4.conllu	test-4.out.conllu	NTLN2019:7-1-6:12:12-2	12	hamanduarisawa	11	11	nsubj	parataxis
fold-4	test-4.conllu	test-4.out.conllu	NTLN:4-14:5:5	15	resú	12	12	ccomp	parataxis
fold-4	test-4.conllu	test-4.out.conllu	Cruz2011:0:0:21	4	awá	2	7	obj	nsubj
fold-4	test-4.conllu	test-4.out.conllu	Cruz2011:0:0:21	7	umpinima	4	2	acl:relcl	ccomp
fold-4	test-4.conllu	test-4.out.conllu	Cruz2011:0:0:86	4	taité	2	2	discourse	conj
fold-4	test-4.conllu	test-4.out.conllu	Cruz2011:0:0:98	3	paya	4	1	nmod:poss	obj
fold-4	test-4.conllu	test-4.out.conllu	Cruz2011:0:0:98	7	pururé	1	1	obj	nsubj
fold-4	test-4.conllu	test-4.out.conllu	Cruz2011:0:0:100	3	i	1	1	obl	iobj
fold-4	test-4.conllu	test-4.out.conllu	Cruz2011:0:0:107	4	aluno	3	3	obl	obj
fold-4	test-4.conllu	test-4.out.conllu	Cruz2011:0:0:107	5	ta	4	3	expl	obl
fold-4	test-4.conllu	test-4.out.conllu	Cruz2011:0:0:115	2	maã	5	7	obj	nsubj
fold-4	test-4.conllu	test-4.out.conllu	Cruz2011:0:0:115	5	umunhã	7	2	advcl	acl:relcl
fold-4	test-4.conllu	test-4.out.conllu	Cruz2011:0:0:115	8	umuapatuka	7	7	xcomp	ccomp
fold-4	test-4.conllu	test-4.out.conllu	Cruz2011:0:0:120	3	asendú	1	1	xcomp	advcl
fold-4	test-4.conllu	test-4.out.conllu	Cruz2011:0:0:120	6	taukastigari	3	3	ccomp	parataxis
fold-4	test-4.conllu	test-4.out.conllu	Cruz2011:0:0:129	2	Pepuri	5	0	ccomp	root
fold-4	test-4.conllu	test-4.out.conllu	Cruz2011:0:0:129	5	unheẽ	0	2	root	parataxis
fold-4	test-4.conllu	test-4.out.conllu	Cruz2011:0:0:131	4	yandé	3	3	iobj	obl
fold-4	test-4.conllu	test-4.out.conllu	Cruz2011:0:0:150	1	Aité	0	2	root	nsubj
fold-4	test-4.conllu	test-4.out.conllu	Cruz2011:0:0:150	2	aputari	1	0	parataxis	root
fold-4	test-4.conllu	test-4.out.conllu	TerraPreta2013:1:4:4	17	usika	25	6	advcl	parataxis
fold-4	test-4.conllu	test-4.out.conllu	TerraPreta2013:1:4:4	19	iwitera	17	20	obj	nmod:poss
fold-4	test-4.conllu	test-4.out.conllu	TerraPreta2013:1:4:4	27	kumã	28	25	nmod:poss	obj
fold-4	test-4.conllu	test-4.out.conllu	Casasnovas2006:3:2:26	5	ara	1	1	obl	nsubj
fold-4	test-4.conllu	test-4.out.conllu	Casasnovas2006:3:2:26	7	pituna	5	1	conj	obl
fold-4	test-4.conllu	test-4.out.conllu	Casasnovas2006:6:3:62	13	ta	15	15	expl	nsubj
fold-4	test-4.conllu	test-4.out.conllu	Casasnovas2006:9:35:119	7	YANUPÁ	6	6	csubj	parataxis
fold-4	test-4.conllu	test-4.out.conllu	Casasnovas2006:10:2:121	4	ara	1	1	nsubj	obj
fold-4	test-4.conllu	test-4.out.conllu	Casasnovas2006:10:2:121	6	waá	5	5	obj	nsubj
fold-4	test-4.conllu	test-4.out.conllu	Casasnovas2006:11:16:147	17	resewara	16	16	obl	case
fold-4	test-4.conllu	test-4.out.conllu	Casasnovas2006:11:16:147	22	murakisara	16	16	ccomp	obj
fold-4	test-4.conllu	test-4.out.conllu	Casasnovas2006:11:34:165	1	Rewatá	12	0	ccomp	root
fold-4	test-4.conllu	test-4.out.conllu	Casasnovas2006:11:34:165	12	unheẽ	0	3	root	parataxis
fold-4	test-4.conllu	test-4.out.conllu	Casasnovas2006:12:17:183	8	aintá	9	9	expl	nsubj
fold-4	test-4.conllu	test-4.out.conllu	Casasnovas2006:12:28:194	7	amú	8	8	det	nmod:poss
fold-4	test-4.conllu	test-4.out.conllu	Casasnovas2006:12:28:194	10	uyeréu	6	6	parataxis	xcomp
fold-4	test-4.conllu	test-4.out.conllu	Casasnovas2006:12:28:194	12	pirantá	10	13	xcomp	obl
fold-4	test-4.conllu	test-4.out.conllu	Casasnovas2006:7:8:8	2	Tenhuntu	7	0	ccomp	root
fold-4	test-4.conllu	test-4.out.conllu	Casasnovas2006:7:8:8	3	indé	2	2	dislocated	nsubj
fold-4	test-4.conllu	test-4.out.conllu	Casasnovas2006:7:8:8	7	taunheẽ	0	2	root	parataxis
fold-4	test-4.conllu	test-4.out.conllu	Casasnovas2006:7:11:11	9	aintá	7	7	iobj	nsubj
fold-4	test-4.conllu	test-4.out.conllu	Casasnovas2006:7:11:11	13	upupuri	17	7	advcl	ccomp
fold-4	test-4.conllu	test-4.out.conllu	Casasnovas2006:7:11:11	17	ayapumi	7	13	ccomp	parataxis
fold-4	test-4.conllu	test-4.out.conllu	Casasnovas2006:7:11:11	21	awiké	17	13	advcl	parataxis
fold-4	test-4.conllu	test-4.out.conllu	Rodrigues1890:1-1-8:8:8	9	upuãma	6	6	parataxis	ccomp
fold-4	test-4.conllu	test-4.out.conllu	Rodrigues1890:1-1-8:9:9	15	xe	16	16	nmod:poss	nsubj
fold-4	test-4.conllu	test-4.out.conllu	Rodrigues1890:1-1-8:9:9	16	mirikú	12	3	nmod	obl
fold-4	test-4.conllu	test-4.out.conllu	Rodrigues1890:1-1-8:200:200	16	ximiára	15	17	obj	nmod:poss
fold-4	test-4.conllu	test-4.out.conllu	Rodrigues1890:1-1-9:159:159	3	rukwera	0	6	root	vocative
fold-4	test-4.conllu	test-4.out.conllu	Rodrigues1890:1-1-9:159:159	6	rukwera	3	0	parataxis	root
fold-4	test-4.conllu	test-4.out.conllu	Rodrigues1890:1-2-2:50:50	3	kunhã-etá	4	2	nsubj	obj
fold-4	test-4.conllu	test-4.out.conllu	Rodrigues1890:1-2-2:50:50	4	usú	2	2	ccomp	parataxis
fold-4	test-4.conllu	test-4.out.conllu	Rodrigues1890:1-2-2:50:50	12	itá	9	13	appos	nmod:poss
fold-4	test-4.conllu	test-4.out.conllu	Rodrigues1890:1-2-2:50:50	13	tuixawa	12	4	nmod	conj
fold-4	test-4.conllu	test-4.out.conllu	Rodrigues1890:2-15:7:7	10	tinta	11	11	obj	nsubj
fold-4	test-4.conllu	test-4.out.conllu	Rodrigues1890:3-1:9:9	15	paranawasú	19	17	nsubj	nmod:poss
fold-4	test-4.conllu	test-4.out.conllu	Rodrigues1890:3-1:9:9	17	pitera	19	7	obl	advcl
fold-4	test-4.conllu	test-4.out.conllu	Rodrigues1890:3-1:9:9	19	uyana	7	17	advcl	parataxis
fold-4	test-4.conllu	test-4.out.conllu	Rodrigues1890:3-6:1:1001	3	ximirikú	2	5	nmod	obl
fold-4	test-4.conllu	test-4.out.conllu	Rodrigues1890:3-6:1:1001	6	taíra-itá	5	5	obj	obl
fold-4	test-4.conllu	test-4.out.conllu	Rodrigues1890:3-13:30:30	14	ripiaka	5	5	advcl	parataxis
fold-4	test-4.conllu	test-4.out.conllu	Magalhaes1876:2-19:1:101	6	paraná	5	2	nmod	obl
fold-4	test-4.conllu	test-4.out.conllu	Magalhaes1876:1:14:14	4	Buyawasú	5	2	nmod:poss	obj
fold-4	test-4.conllu	test-4.out.conllu	Magalhaes1876:1:18:18	5	apekatú	9	9	advcl	advmod
fold-4	test-4.conllu	test-4.out.conllu	Magalhaes1876:2:17:60	5	Rewatá	9	2	advcl	ccomp
fold-4	test-4.conllu	test-4.out.conllu	Magalhaes1876:2:17:60	8	ara	5	5	obl	obj
fold-4	test-4.conllu	test-4.out.conllu	Magalhaes1876:2:17:60	9	resuantí	2	5	ccomp	parataxis
fold-4	test-4.conllu	test-4.out.conllu	Magalhaes1876:2:44:87	10	ara	11	11	nmod:poss	nsubj
fold-4	test-4.conllu	test-4.out.conllu	Magalhaes1876:3:6:95	10	iné	7	7	iobj	obl
fold-4	test-4.conllu	test-4.out.conllu	Magalhaes1876:3:6:95	13	amú	7	15	conj	det
fold-4	test-4.conllu	test-4.out.conllu	Magalhaes1876:3:6:95	15	ixé	13	7	orphan	parataxis
fold-4	test-4.conllu	test-4.out.conllu	Amorim1928:19:1:1	9	masuí	8	11	obl	advmod
fold-4	test-4.conllu	test-4.out.conllu	Amorim1928:19:1:1	11	usemu	9	8	advcl:relcl	parataxis
fold-4	test-4.conllu	test-4.out.conllu	Amorim1928:19:1:1	13	tiapuwasú	8	17	obj	nsubj
fold-4	test-4.conllu	test-4.out.conllu	Amorim1928:19:1:1	17	urirí	14	11	ccomp	parataxis
fold-4	test-4.conllu	test-4.out.conllu	Amorim1928:19:74:74	6	Yasí	7	5	nsubj	obj
fold-4	test-4.conllu	test-4.out.conllu	Amorim1928:19:74:74	13	Ukayarí	14	12	nmod:poss	obj
fold-4	test-4.conllu	test-4.out.conllu	Amorim1928:5:287:287	3	uyawáu	2	2	xcomp	parataxis
fold-4	test-4.conllu	test-4.out.conllu	Amorim1928:5:287:287	15	katú	10	10	conj	parataxis
fold-4	test-4.conllu	test-4.out.conllu	Amorim1928:3:201:201	3	eré	2	2	ccomp	advmod
fold-4	test-4.conllu	test-4.out.conllu	Amorim1928:3:201:201	10	kurumiwasú	14	11	vocative	nsubj
fold-4	test-4.conllu	test-4.out.conllu	Amorim1928:3:201:201	11	puranga	10	5	amod	ccomp
fold-4	test-4.conllu	test-4.out.conllu	Amorim1928:3:201:201	14	apirari	5	11	ccomp	parataxis
fold-4	test-4.conllu	test-4.out.conllu	Amorim1928:17:26:26	10	meyú	9	12	obj	nmod:poss
fold-4	test-4.conllu	test-4.out.conllu	Amorim1928:17:26:26	12	uí	10	9	conj	obj
fold-4	test-4.conllu	test-4.out.conllu	Amorim1928:21:245:245	6	i	7	8	expl	nsubj
fold-4	test-4.conllu	test-4.out.conllu	Amorim1928:21:245:245	7	puranga	8	6	advcl	amod
fold-4	test-4.conllu	test-4.out.conllu	Amorim1928:21:245:245	10	membí-etá	8	8	nsubj	obj
fold-4	test-4.conllu	test-4.out.conllu	Amorim1928:29:19:19	6	mikura	1	1	vocative	nsubj
fold-4	test-4.conllu	test-4.out.conllu	Amorim1928:29:53:53	3	usika	9	0	advcl	root
fold-4	test-4.conllu	test-4.out.conllu	Amorim1928:29:53:53	6	amurupí	3	9	advcl	advmod
fold-4	test-4.conllu	test-4.out.conllu	Amorim1928:29:53:53	9	umaã	0	3	root	parataxis
fold-4	test-4.conllu	test-4.out.conllu	Seixas1853:0:0:50	2	iné	1	1	nsubj	obj
fold-4	test-4.conllu	test-4.out.conllu	Seixas1853:0:0:50	4	umunuka	1	1	ccomp	advcl
fold-4	test-4.conllu	test-4.out.conllu	Sympson1877:0:0:90	1	Taína	7	3	nsubj	nmod:poss
fold-4	test-4.conllu	test-4.out.conllu	Sympson1877:0:0:90	4	umanú	1	0	acl	root
fold-4	test-4.conllu	test-4.out.conllu	Sympson1877:0:0:90	6	i	7	7	expl	nmod:poss
fold-4	test-4.conllu	test-4.out.conllu	Sympson1877:0:0:90	7	payaíma	0	4	root	conj
fold-4	test-4.conllu	test-4.out.conllu	Sympson1877:0:0:680	4	yara	7	5	vocative	nsubj
fold-4	test-4.conllu	test-4.out.conllu	Sympson1877:0:0:680	5	Tupã	4	0	flat	root
fold-4	test-4.conllu	test-4.out.conllu	Sympson1877:0:0:680	7	nẽ	0	5	root	conj
fold-4	test-4.conllu	test-4.out.conllu	Sympson1877:0:0:684	2	upiama	1	1	xcomp	parataxis
fold-4	test-4.conllu	test-4.out.conllu	Hartt1938:0:0:54	1	Intí	3	0	advmod	root
fold-4	test-4.conllu	test-4.out.conllu	Hartt1938:0:0:54	3	yawé	0	2	root	advmod
fold-4	test-4.conllu	test-4.out.conllu	Hartt1938:0:0:58	2	taína	5	5	dislocated	nsubj
fold-4	test-4.conllu	test-4.out.conllu	Hartt1938:0:0:82	1	Maã	10	5	obj	nsubj
fold-4	test-4.conllu	test-4.out.conllu	Hartt1938:0:0:82	5	usú	2	0	conj	root
fold-4	test-4.conllu	test-4.out.conllu	Hartt1938:0:0:82	10	xarasú	0	5	root	parataxis
fold-4	test-4.conllu	test-4.out.conllu	Hartt1938:0:0:118	1	Yawé	0	6	root	advmod
fold-4	test-4.conllu	test-4.out.conllu	Hartt1938:0:0:118	3	pawé	1	6	advcl	nsubj
fold-4	test-4.conllu	test-4.out.conllu	Hartt1938:0:0:118	6	paraná	1	0	nsubj	root
fold-4	test-4.conllu	test-4.out.conllu	Hartt1938:0:0:153	3	maã	2	2	obj	obl
fold-4	test-4.conllu	test-4.out.conllu	Hartt1938:0:0:153	5	xapiripana	3	2	acl:relcl	advcl
fold-4	test-4.conllu	test-4.out.conllu	Hartt1938:0:0:185	4	parawá	1	1	nsubj	obj
fold-4	test-4.conllu	test-4.out.conllu	Hartt1938:0:0:229	3	kiwira	4	4	obj	nsubj
fold-4	test-4.conllu	test-4.out.conllu	Hartt1938:0:0:243-2	5	pusanga	2	6	obj	nsubj
fold-4	test-4.conllu	test-4.out.conllu	Hartt1938:0:0:499	3	kuya	1	4	obj	nmod:poss
fold-4	test-4.conllu	test-4.out.conllu	Hartt1938:0:0:572	4	xika	3	3	goeswith	amod
fold-4	test-4.conllu	test-4.out.conllu	Hartt1938:0:0:583	1	I	2	2	expl	nsubj
fold-4	test-4.conllu	test-4.out.conllu	Hartt1938:0:0:727	1	I	2	2	expl	nsubj
fold-4	test-4.conllu	test-4.out.conllu	Aguiar1898:3:6:34	2	Maria	4	3	nmod:poss	nsubj
fold-4	test-4.conllu	test-4.out.conllu	Aguiar1898:3:6:34	3	Virgem	2	0	amod	root
fold-4	test-4.conllu	test-4.out.conllu	Aguiar1898:3:6:34	4	marika	0	3	root	obl
fold-4	test-4.conllu	test-4.out.conllu	Aguiar1898:21:300:300	8	remunhã	22	2	advcl	ccomp
fold-4	test-4.conllu	test-4.out.conllu	Aguiar1898:21:300:300	11	sikwé	12	8	acl:relcl	conj
fold-4	test-4.conllu	test-4.out.conllu	Aguiar1898:21:300:300	12	waá-itá	18	11	nmod:poss	nsubj
fold-4	test-4.conllu	test-4.out.conllu	Aguiar1898:21:300:300	14	suú	15	15	acl:relcl	nmod:poss
fold-4	test-4.conllu	test-4.out.conllu	Aguiar1898:21:300:300	15	waá-itá	12	18	conj	nsubj
fold-4	test-4.conllu	test-4.out.conllu	Aguiar1898:21:300:300	18	pitera	22	11	obl	conj
fold-4	test-4.conllu	test-4.out.conllu	Aguiar1898:21:300:300	22	reyumumeú	2	8	ccomp	parataxis
fold-4	test-4.conllu	test-4.out.conllu	Aguiar1898:21:300:300	26	reyusikí	22	22	conj	parataxis
fold-4	test-4.conllu	test-4.out.conllu	Aguiar1898:21:300:300	33	reú	22	26	conj	parataxis
fold-5	test-5.conllu	test-5.out.conllu	MooreFP1994:1:11:38	1	Aikwé	0	3	root	advmod
fold-5	test-5.conllu	test-5.out.conllu	MooreFP1994:1:11:38	3	ururi	2	0	acl:relcl	root
fold-5	test-5.conllu	test-5.out.conllu	MooreFP1994:1:11:38	4	indé	3	3	obj	nsubj
fold-5	test-5.conllu	test-5.out.conllu	MooreFP1994:1:11:38	6	reyuri	1	3	conj	ccomp
fold-5	test-5.conllu	test-5.out.conllu	Alencar2021:0:0:42	2	pe	3	0	obl	root
fold-5	test-5.conllu	test-5.out.conllu	Alencar2021:0:0:42	3	ruakí	0	2	root	case
fold-5	test-5.conllu	test-5.out.conllu	Navarro2016:3:24:113	3	nẽ	2	2	obj	advmod
fold-5	test-5.conllu	test-5.out.conllu	Navarro2016:3:24:113	5	indé	2	2	iobj	obl
fold-5	test-5.conllu	test-5.out.conllu	Navarro2016:3:26:115	5	ixé	3	3	iobj	obl
fold-5	test-5.conllu	test-5.out.conllu	Navarro2016:0:0:153	1	Aikwé	0	3	root	advmod
fold-5	test-5.conllu	test-5.out.conllu	Navarro2016:0:0:153	3	puranga	2	0	amod	root
fold-5	test-5.conllu	test-5.out.conllu	Navarro2016:4:8:175	5	umbaú	2	2	conj	advcl
fold-5	test-5.conllu	test-5.out.conllu	Navarro2016:4:8:175	6	pirá	5	7	obj	nmod:poss
fold-5	test-5.conllu	test-5.out.conllu	Navarro2016:4:8:175	12	yumasí	5	5	advcl	ccomp
fold-5	test-5.conllu	test-5.out.conllu	Navarro2016:4:12:179	8	São	3	2	acl:relcl	parataxis
fold-5	test-5.conllu	test-5.out.conllu	Navarro2016:4:12:179	9	Miguel	8	8	flat	nsubj
fold-5	test-5.conllu	test-5.out.conllu	Navarro2016:0:0:196	4	pitera	2	1	nmod	obl
fold-5	test-5.conllu	test-5.out.conllu	Navarro2016:0:0:207	11	aikú	9	9	cop	aux
fold-5	test-5.conllu	test-5.out.conllu	Avila2021:0:0:38	5	upurungitá	13	0	advcl	root
fold-5	test-5.conllu	test-5.out.conllu	Avila2021:0:0:38	13	uwatá	0	5	root	parataxis
fold-5	test-5.conllu	test-5.out.conllu	Avila2021:0:0:38	22	mirapara	21	20	nmod	obl
fold-5	test-5.conllu	test-5.out.conllu	Avila2021:0:0:42	17	asuí	19	16	mark	case
fold-5	test-5.conllu	test-5.out.conllu	Avila2021:0:0:42	19	pí-itá	16	13	conj	obj
fold-5	test-5.conllu	test-5.out.conllu	Avila2021:0:0:66	7	manha	4	1	conj	obj
fold-5	test-5.conllu	test-5.out.conllu	Avila2021:0:0:67	2	akanga	8	3	dislocated	nmod:poss
fold-5	test-5.conllu	test-5.out.conllu	Avila2021:0:0:67	5	waá	4	4	obj	nsubj
fold-5	test-5.conllu	test-5.out.conllu	Avila2021:0:0:67	7	mira	8	4	nsubj	obj
fold-5	test-5.conllu	test-5.out.conllu	Avila2021:0:0:70	7	uyuká	3	3	conj	parataxis
fold-5	test-5.conllu	test-5.out.conllu	Avila2021:0:0:84	3	mira	6	4	nsubj	nmod:poss
fold-5	test-5.conllu	test-5.out.conllu	Avila2021:0:0:84	4	iwí	5	2	nmod:poss	obj
fold-5	test-5.conllu	test-5.out.conllu	Avila2021:0:0:84	5	arawara-itá	3	6	nmod	nsubj
fold-5	test-5.conllu	test-5.out.conllu	Avila2021:0:0:84	6	unheẽ	2	2	ccomp	parataxis
fold-5	test-5.conllu	test-5.out.conllu	Avila2021:0:0:84	7	Buopé	13	10	nsubj	nmod:poss
fold-5	test-5.conllu	test-5.out.conllu	Avila2021:0:0:84	10	akanga	7	13	appos	nsubj
fold-5	test-5.conllu	test-5.out.conllu	Avila2021:11:1:88	4	itá	3	3	nsubj	obj
fold-5	test-5.conllu	test-5.out.conllu	Avila2021:0:0:115	9	umbaú	5	4	acl:relcl	parataxis
fold-5	test-5.conllu	test-5.out.conllu	Avila2021:0:0:115	10	waá-itá	9	11	nsubj	nmod:poss
fold-5	test-5.conllu	test-5.out.conllu	Avila2021:0:0:121	2	wanana	3	4	nmod:poss	nsubj
fold-5	test-5.conllu	test-5.out.conllu	Avila2021:0:0:121	14	kaxirí	12	16	obj	nsubj
fold-5	test-5.conllu	test-5.out.conllu	Avila2021:0:0:121	16	renundewara	14	12	nmod	obj
fold-5	test-5.conllu	test-5.out.conllu	Avila2021:0:0:123	9	uyawáu	6	6	xcomp	advcl
fold-5	test-5.conllu	test-5.out.conllu	Avila2021:0:0:150	2	se	3	3	expl	nsubj
fold-5	test-5.conllu	test-5.out.conllu	Avila2021:18:2:176	3	pirantá	1	1	xcomp	obj
fold-5	test-5.conllu	test-5.out.conllu	Avila2021:18:2:176	5	turusú	3	1	acl	advcl
fold-5	test-5.conllu	test-5.out.conllu	Avila2021:0:0:184	2	kupixawa	1	3	obj	nmod:poss
fold-5	test-5.conllu	test-5.out.conllu	Avila2021:0:0:184	7	kunhã	6	8	obj	nsubj
fold-5	test-5.conllu	test-5.out.conllu	Avila2021:0:0:184	8	uyakáu	6	6	xcomp	ccomp
fold-5	test-5.conllu	test-5.out.conllu	Avila2021:0:0:212	4	uyeréu	6	0	advcl	root
fold-5	test-5.conllu	test-5.out.conllu	Avila2021:0:0:212	6	umaã	0	4	root	parataxis
fold-5	test-5.conllu	test-5.out.conllu	Avila2021:0:0:212	8	umaã	6	6	ccomp	parataxis
fold-5	test-5.conllu	test-5.out.conllu	Avila2021:0:0:219	18	aintá	15	15	expl	obl
fold-5	test-5.conllu	test-5.out.conllu	Avila2021:0:0:219	20	kwá-itá	15	15	obl	obj
fold-5	test-5.conllu	test-5.out.conllu	Avila2021:0:0:227	1	Yakurutú	3	3	nsubj	nmod:poss
fold-5	test-5.conllu	test-5.out.conllu	Avila2021:0:0:227	7	sendira	5	3	obj	nsubj
fold-5	test-5.conllu	test-5.out.conllu	Avila2021:25:2:249	2	Ixé	6	0	dislocated	root
fold-5	test-5.conllu	test-5.out.conllu	Avila2021:25:2:249	5	awa	6	2	nsubj	appos
fold-5	test-5.conllu	test-5.out.conllu	Avila2021:25:2:249	6	pixuna	0	5	root	amod
fold-5	test-5.conllu	test-5.out.conllu	Avila2021:0:0:264	11	uyuká	8	8	ccomp	parataxis
fold-5	test-5.conllu	test-5.out.conllu	Avila2021:0:0:276	1	Awá	0	5	root	nsubj
fold-5	test-5.conllu	test-5.out.conllu	Avila2021:0:0:276	5	muapusara	1	0	nsubj	root
fold-5	test-5.conllu	test-5.out.conllu	Avila2021:0:0:278	1	Awá	0	4	root	nsubj
fold-5	test-5.conllu	test-5.out.conllu	Avila2021:0:0:278	4	yakwaíma	1	0	nsubj	root
fold-5	test-5.conllu	test-5.out.conllu	Avila2021:0:0:281	4	itapewa	5	3	nmod:poss	obj
fold-5	test-5.conllu	test-5.out.conllu	Avila2021:0:0:365	3	aintá	2	4	obj	nsubj
fold-5	test-5.conllu	test-5.out.conllu	Avila2021:0:0:387	4	mira	1	7	vocative	nsubj
fold-5	test-5.conllu	test-5.out.conllu	Avila2021:0:0:388	1	Rairú	8	8	dislocated	nsubj
fold-5	test-5.conllu	test-5.out.conllu	Avila2021:0:0:388	5	itakwara	8	6	nsubj	nmod:poss
fold-5	test-5.conllu	test-5.out.conllu	Avila2021:0:0:395	5	suíwa	4	6	obj	nmod:poss
fold-5	test-5.conllu	test-5.out.conllu	Avila2021:0:0:406	4	yasasá	2	0	acl:relcl	root
fold-5	test-5.conllu	test-5.out.conllu	Avila2021:0:0:406	6	apekatú	0	4	root	ccomp
fold-5	test-5.conllu	test-5.out.conllu	Avila2021:0:0:424	7	ruíwa	5	5	nsubj	obj
fold-5	test-5.conllu	test-5.out.conllu	Avila2021:0:0:424	17	miráwasú	15	11	conj	parataxis
fold-5	test-5.conllu	test-5.out.conllu	Avila2021:0:0:462	11	penhẽ	10	12	obj	nmod:poss
fold-5	test-5.conllu	test-5.out.conllu	Avila2021:0:0:462	12	makaku	10	10	xcomp	obj
fold-5	test-5.conllu	test-5.out.conllu	Avila2021:0:0:471	3	suasú	5	5	nsubj	vocative
fold-5	test-5.conllu	test-5.out.conllu	Avila2021:0:0:491	7	Caru-Cupy	3	3	xcomp	parataxis
fold-5	test-5.conllu	test-5.out.conllu	Avila2021:0:0:539	13	yampinima	12	12	xcomp	ccomp
fold-5	test-5.conllu	test-5.out.conllu	Avila2021:0:0:545	2	kana	0	6	root	nsubj
fold-5	test-5.conllu	test-5.out.conllu	Avila2021:0:0:545	6	santaíma	3	0	conj	root
fold-5	test-5.conllu	test-5.out.conllu	Avila2021:44:1:578	4	igara	2	2	nsubj	obj
fold-5	test-5.conllu	test-5.out.conllu	Avila2021:0:0:582	4	paraná	1	1	nsubj	obj
fold-5	test-5.conllu	test-5.out.conllu	Avila2021:0:0:603	2	maniwa	6	6	dislocated	nsubj
fold-5	test-5.conllu	test-5.out.conllu	Avila2021:0:0:603	22	maku	16	21	parataxis	amod
fold-5	test-5.conllu	test-5.out.conllu	Avila2021:0:0:605	6	puranga	7	5	acl:relcl	obj
fold-5	test-5.conllu	test-5.out.conllu	Avila2021:0:0:605	7	waá	5	6	obj	nsubj
fold-5	test-5.conllu	test-5.out.conllu	Avila2021:46:2:638	1	Kururú	2	2	nsubj	nmod:poss
fold-5	test-5.conllu	test-5.out.conllu	Avila2021:46:2:638	2	mira	0	5	root	nsubj
fold-5	test-5.conllu	test-5.out.conllu	Avila2021:46:2:638	5	umundeka	2	0	parataxis	root
fold-5	test-5.conllu	test-5.out.conllu	Avila2021:0:0:653	7	aintá	5	5	nsubj	obj
fold-5	test-5.conllu	test-5.out.conllu	Avila2021:0:0:663	3	penhẽ	2	4	obj	nmod:poss
fold-5	test-5.conllu	test-5.out.conllu	Avila2021:0:0:663	10	kurderu	9	2	obl	obj
fold-5	test-5.conllu	test-5.out.conllu	Avila2021:0:0:663	14	i	15	2	expl	parataxis
fold-5	test-5.conllu	test-5.out.conllu	Avila2021:0:0:663	15	kiaíma	11	14	conj	acl:relcl
fold-5	test-5.conllu	test-5.out.conllu	Avila2021:0:0:663	16	waá	15	15	nsubj	obl
fold-5	test-5.conllu	test-5.out.conllu	Avila2021:0:0:663	20	ruwí	2	21	parataxis	nsubj
fold-5	test-5.conllu	test-5.out.conllu	Avila2021:0:0:663	21	aé	20	15	nsubj	obj
fold-5	test-5.conllu	test-5.out.conllu	Avila2021:0:0:678	6	ne	1	11	parataxis	obl
fold-5	test-5.conllu	test-5.out.conllu	NTLN2019:0:0:6	14	pira	9	17	ccomp	nsubj
fold-5	test-5.conllu	test-5.out.conllu	NTLN2019:0:0:6	15	kwá	14	17	nsubj	det
fold-5	test-5.conllu	test-5.out.conllu	NTLN2019:0:0:6	17	ukanhemu	14	9	parataxis	ccomp
fold-5	test-5.conllu	test-5.out.conllu	NTLN2019:2:2:13	5	Indé	9	9	vocative	nsubj
fold-5	test-5.conllu	test-5.out.conllu	NTLN2019:2:2:13	7	paya	5	9	appos	vocative
fold-5	test-5.conllu	test-5.out.conllu	NTLN2019:2:2:13	14	ura	9	9	dislocated	nsubj
fold-5	test-5.conllu	test-5.out.conllu	NTLN2019:2:6:17	5	aintá	6	6	expl	nsubj
fold-5	test-5.conllu	test-5.out.conllu	NTLN2019:2:8:19	14	nheenga	9	9	nsubj	obj
fold-5	test-5.conllu	test-5.out.conllu	NTLN2019:4:3:33	6	figera	4	4	nsubj	obj
fold-5	test-5.conllu	test-5.out.conllu	NTLN2019:7:2:46	2	aikú	3	7	cop	aux
fold-5	test-5.conllu	test-5.out.conllu	NTLN2019:7:2:46	3	pe	0	7	root	obl
fold-5	test-5.conllu	test-5.out.conllu	NTLN2019:7:2:46	7	ambué	3	0	advcl	root
fold-5	test-5.conllu	test-5.out.conllu	NTLN2019:8:2:48	9	uyumuapiri	8	8	advcl	xcomp
fold-5	test-5.conllu	test-5.out.conllu	NTLN2019:8:2:48	10	waá	9	9	mark	obl
fold-5	test-5.conllu	test-5.out.conllu	NTLN2019:8:2:48	11	upé	10	10	fixed	case
fold-5	test-5.conllu	test-5.out.conllu	NTLN2019:8:2:48	13	alejadu	9	9	nsubj	obj
fold-5	test-5.conllu	test-5.out.conllu	NTLN2019:0:0:50	3	aintá	4	4	expl	nsubj
fold-5	test-5.conllu	test-5.out.conllu	NTLN2019:0:0:50	7	uganyari	5	5	xcomp	parataxis
fold-5	test-5.conllu	test-5.out.conllu	NTLN2019:0:0:50	24	aintá	23	25	obj	nsubj
fold-5	test-5.conllu	test-5.out.conllu	NTLN2019:0:0:50	25	kwá-itá	23	23	dislocated	ccomp
fold-5	test-5.conllu	test-5.out.conllu	Cruz2011:0:0:30	5	waá	3	7	advcl:relcl	nsubj
fold-5	test-5.conllu	test-5.out.conllu	Cruz2011:0:0:30	7	ruaya	5	3	nsubj	acl:relcl
fold-5	test-5.conllu	test-5.out.conllu	Cruz2011:3:1:59	1	Maã	0	3	root	det
fold-5	test-5.conllu	test-5.out.conllu	Cruz2011:3:1:59	3	kwera	1	0	nsubj	root
fold-5	test-5.conllu	test-5.out.conllu	Cruz2011:0:0:80	2	kwera	3	3	nsubj	nmod:poss
fold-5	test-5.conllu	test-5.out.conllu	Cruz2011:0:0:130	3	manungara	4	4	obj	nsubj
fold-5	test-5.conllu	test-5.out.conllu	Cruz2011:0:0:137	3	waá	2	2	obj	nsubj
fold-5	test-5.conllu	test-5.out.conllu	Cruz2011:0:0:142	3	ruixawa	0	4	root	nsubj
fold-5	test-5.conllu	test-5.out.conllu	Cruz2011:0:0:142	4	fulano	3	0	nsubj	root
fold-5	test-5.conllu	test-5.out.conllu	TerraPreta2013:1:1:1	9	apigawa-itá	3	10	dislocated	nsubj
fold-5	test-5.conllu	test-5.out.conllu	TerraPreta2013:1:1:1	10	upurakí	9	3	acl:relcl	ccomp
fold-5	test-5.conllu	test-5.out.conllu	TerraPreta2013:1:1:1	11	waá-itá	10	12	nsubj	nmod:poss
fold-5	test-5.conllu	test-5.out.conllu	TerraPreta2013:1:3:3	4	makú-itá	2	2	nsubj	obj
fold-5	test-5.conllu	test-5.out.conllu	Casasnovas2006:1:11:11	1	Sakwera	0	2	root	nsubj
fold-5	test-5.conllu	test-5.out.conllu	Casasnovas2006:1:11:11	9	uwiké	5	0	parataxis	root
fold-5	test-5.conllu	test-5.out.conllu	Casasnovas2006:1:14:14	8	se	9	9	nsubj	expl
fold-5	test-5.conllu	test-5.out.conllu	Casasnovas2006:2:4:18	3	kwayentu	8	8	advcl	advmod
fold-5	test-5.conllu	test-5.out.conllu	Casasnovas2006:3:11:35	8	aité	10	7	det	obj
fold-5	test-5.conllu	test-5.out.conllu	Casasnovas2006:3:11:35	10	kariwa	12	11	nsubj	nmod:poss
fold-5	test-5.conllu	test-5.out.conllu	Casasnovas2006:3:11:35	12	pirayawara-itá	7	7	ccomp	obj
fold-5	test-5.conllu	test-5.out.conllu	Casasnovas2006:4:6:41	3	i	4	4	nsubj	expl
fold-5	test-5.conllu	test-5.out.conllu	Casasnovas2006:4:6:41	4	akanhemu	2	0	acl	root
fold-5	test-5.conllu	test-5.out.conllu	Casasnovas2006:4:6:41	5	upuri	0	4	root	parataxis
fold-5	test-5.conllu	test-5.out.conllu	Casasnovas2006:5:5:53	13	kurupira	11	9	nmod	obl
fold-5	test-5.conllu	test-5.out.conllu	Casasnovas2006:5:6:54	14	umaã	13	13	xcomp	parataxis
fold-5	test-5.conllu	test-5.out.conllu	Casasnovas2006:6:9:68	3	resewara	1	2	fixed	case
fold-5	test-5.conllu	test-5.out.conllu	Casasnovas2006:6:9:68	8	wakará	13	13	dislocated	nsubj
fold-5	test-5.conllu	test-5.out.conllu	Casasnovas2006:9:17:101	8	uyumana	7	7	parataxis	xcomp
fold-5	test-5.conllu	test-5.out.conllu	Casasnovas2006:9:33:117	12	i	11	11	iobj	obl
fold-5	test-5.conllu	test-5.out.conllu	Casasnovas2006:9:33:117	16	usú	11	11	ccomp	parataxis
fold-5	test-5.conllu	test-5.out.conllu	Casasnovas2006:11:9:140	1	Teyú	7	7	iobj	obl
fold-5	test-5.conllu	test-5.out.conllu	Casasnovas2006:11:9:140	19	upaka	13	13	ccomp	parataxis
fold-5	test-5.conllu	test-5.out.conllu	Casasnovas2006:11:9:140	23	iwaté	19	19	advcl	ccomp
fold-5	test-5.conllu	test-5.out.conllu	Casasnovas2006:11:21:152	6	nhaã	7	5	det	obj
fold-5	test-5.conllu	test-5.out.conllu	Casasnovas2006:11:21:152	10	pemumbawa	5	5	ccomp	parataxis
fold-5	test-5.conllu	test-5.out.conllu	Casasnovas2006:11:30:161	2	usika	0	9	root	advcl
fold-5	test-5.conllu	test-5.out.conllu	Casasnovas2006:11:30:161	9	umaã	2	0	parataxis	root
fold-5	test-5.conllu	test-5.out.conllu	Casasnovas2006:11:30:161	25	ukiri	13	9	acl:relcl	parataxis
fold-5	test-5.conllu	test-5.out.conllu	Casasnovas2006:11:31:162	16	kwá	9	9	ccomp	obj
fold-5	test-5.conllu	test-5.out.conllu	Casasnovas2006:12:1:167	11	mirasawa	12	12	nsubj	nmod:poss
fold-5	test-5.conllu	test-5.out.conllu	Casasnovas2006:12:1:167	12	Tupí	5	5	parataxis	nsubj
fold-5	test-5.conllu	test-5.out.conllu	Casasnovas2006:12:32:198	8	São	4	10	appos	nsubj
fold-5	test-5.conllu	test-5.out.conllu	Casasnovas2006:12:32:198	10	da	8	16	flat	nsubj
fold-5	test-5.conllu	test-5.out.conllu	Casasnovas2006:12:32:198	11	Cachoeira	8	16	flat	nsubj
fold-5	test-5.conllu	test-5.out.conllu	Casasnovas2006:12:32:198	23	ADANA	18	16	acl:relcl	parataxis
fold-5	test-5.conllu	test-5.out.conllu	Casasnovas2006:0:0:22	5	remunhã	4	1	acl:relcl	parataxis
fold-5	test-5.conllu	test-5.out.conllu	Casasnovas2006:0:0:22	6	waá	5	5	obj	nsubj
fold-5	test-5.conllu	test-5.out.conllu	Rodrigues1890:1-1-8:10:10	8	maã	10	10	obj	nsubj
fold-5	test-5.conllu	test-5.out.conllu	Rodrigues1890:1-1-8:10:10	9	reputari	8	10	acl:relcl	advcl
fold-5	test-5.conllu	test-5.out.conllu	Rodrigues1890:1-1-8:10:10	11	upaĩ	13	10	det	obj
fold-5	test-5.conllu	test-5.out.conllu	Rodrigues1890:1-1-8:10:10	13	maã	10	10	dislocated	obj
fold-5	test-5.conllu	test-5.out.conllu	Rodrigues1890:1-1-8:15:15	13	rimirikú	11	11	iobj	obj
fold-5	test-5.conllu	test-5.out.conllu	Rodrigues1890:1-1-10:84:84	22	maã	23	21	obj	fixed
fold-5	test-5.conllu	test-5.out.conllu	Rodrigues1890:1-1-10:84:84	23	reú	24	6	advcl	parataxis
fold-5	test-5.conllu	test-5.out.conllu	Rodrigues1890:1-2-2:120:120	3	wirawasumirĩ-etá	2	2	nsubj	obj
fold-5	test-5.conllu	test-5.out.conllu	Rodrigues1890:1-2-2:120:120	15	Wirawasú	16	16	vocative	nsubj
fold-5	test-5.conllu	test-5.out.conllu	Rodrigues1890:1-2-2:120:120	25	ixé	22	28	obj	nsubj
fold-5	test-5.conllu	test-5.out.conllu	Rodrigues1890:1-2-2:120:120	28	xaxari	22	22	advcl	ccomp
fold-5	test-5.conllu	test-5.out.conllu	Rodrigues1890:1-2-4:100:100	3	Karã	2	2	vocative	obj
fold-5	test-5.conllu	test-5.out.conllu	Rodrigues1890:1-2-5:2:2	7	kunhã	8	6	nmod:poss	obj
fold-5	test-5.conllu	test-5.out.conllu	Rodrigues1890:1-2-5:2:2	12	uimú	6	6	parataxis	xcomp
fold-5	test-5.conllu	test-5.out.conllu	Rodrigues1890:1-2-5:5:5	6	uyenú	1	1	parataxis	ccomp
fold-5	test-5.conllu	test-5.out.conllu	Rodrigues1890:2-14:1:500	7	mena	2	8	obj	nmod:poss
fold-5	test-5.conllu	test-5.out.conllu	Rodrigues1890:2-14:1:500	8	Arirambá	7	2	nmod	obj
fold-5	test-5.conllu	test-5.out.conllu	Rodrigues1890:3-17:25:25	2	sendira	1	1	iobj	nsubj
fold-5	test-5.conllu	test-5.out.conllu	Magalhaes1876:2-6:1:20	4	ipiama	1	1	ccomp	xcomp
fold-5	test-5.conllu	test-5.out.conllu	Magalhaes1876:2-7:3:22	3	ipiama	1	1	ccomp	parataxis
fold-5	test-5.conllu	test-5.out.conllu	Magalhaes1876:1:12:12	7	piamu	6	6	ccomp	parataxis
fold-5	test-5.conllu	test-5.out.conllu	Magalhaes1876:1:13:13	8	aintá	7	7	obj	nsubj
fold-5	test-5.conllu	test-5.out.conllu	Magalhaes1876:1:13:13	10	ruba	11	7	nmod:poss	obj
fold-5	test-5.conllu	test-5.out.conllu	Magalhaes1876:1:32:32	1	Aramé	11	0	advmod	root
fold-5	test-5.conllu	test-5.out.conllu	Magalhaes1876:1:32:32	3	maã	11	1	nsubj	fixed
fold-5	test-5.conllu	test-5.out.conllu	Magalhaes1876:1:32:32	5	usãi	3	1	acl:relcl	parataxis
fold-5	test-5.conllu	test-5.out.conllu	Magalhaes1876:1:32:32	11	uyeréu	0	5	root	parataxis
fold-5	test-5.conllu	test-5.out.conllu	Magalhaes1876:1:32:32	15	wirá	13	11	conj	obl
fold-5	test-5.conllu	test-5.out.conllu	Magalhaes1876:1:37:37	12	setimã	11	13	obj	nmod:poss
fold-5	test-5.conllu	test-5.out.conllu	Magalhaes1876:1:37:37	29	uri	21	21	advcl	parataxis
fold-5	test-5.conllu	test-5.out.conllu	Magalhaes1876:1:41:41	13	pe	14	14	expl	nsubj
fold-5	test-5.conllu	test-5.out.conllu	Magalhaes1876:2:9:52	6	Tenupá	14	3	discourse	ccomp
fold-5	test-5.conllu	test-5.out.conllu	Magalhaes1876:2:9:52	8	yuruparí	14	6	vocative	conj
fold-5	test-5.conllu	test-5.out.conllu	Magalhaes1876:2:9:52	14	asemu	3	3	ccomp	parataxis
fold-5	test-5.conllu	test-5.out.conllu	Magalhaes1876:2:9:52	21	awasemu	19	16	advcl:relcl	parataxis
fold-5	test-5.conllu	test-5.out.conllu	Magalhaes1876:2:9:52	28	reyutima	29	24	nmod:poss	ccomp
fold-5	test-5.conllu	test-5.out.conllu	Magalhaes1876:2:9:52	31	ixé	24	28	nsubj	obj
fold-5	test-5.conllu	test-5.out.conllu	Magalhaes1876:2:11:54	3	usú	2	2	parataxis	ccomp
fold-5	test-5.conllu	test-5.out.conllu	Magalhaes1876:2:14:57	7	se	8	8	obj	nsubj
fold-5	test-5.conllu	test-5.out.conllu	Magalhaes1876:2:31:74	13	mukũi	11	14	obl	nummod
fold-5	test-5.conllu	test-5.out.conllu	Amorim1928:19:50:50	2	tiapuwasú	15	6	dislocated	nsubj
fold-5	test-5.conllu	test-5.out.conllu	Amorim1928:19:50:50	5	iwí	6	3	nsubj	obj
fold-5	test-5.conllu	test-5.out.conllu	Amorim1928:19:50:50	6	urirí	3	0	ccomp	root
fold-5	test-5.conllu	test-5.out.conllu	Amorim1928:19:50:50	12	tuyué	14	6	nsubj	obj
fold-5	test-5.conllu	test-5.out.conllu	Amorim1928:19:50:50	14	awá	0	15	root	nsubj
fold-5	test-5.conllu	test-5.out.conllu	Amorim1928:19:50:50	15	umunhã	14	6	acl:relcl	ccomp
fold-5	test-5.conllu	test-5.out.conllu	Amorim1928:19:50:50	22	mira	17	17	iobj	obl
fold-5	test-5.conllu	test-5.out.conllu	Amorim1928:19:51:51	19	rewasemu	17	17	csubj	parataxis
fold-5	test-5.conllu	test-5.out.conllu	Amorim1928:21:106:106	9	umusantá	2	2	advcl	xcomp
fold-5	test-5.conllu	test-5.out.conllu	Amorim1928:22:105:105	9	uka	10	7	nmod:poss	nsubj
fold-5	test-5.conllu	test-5.out.conllu	Amorim1928:6:331:331	1	Kwarasí	17	0	dislocated	root
fold-5	test-5.conllu	test-5.out.conllu	Amorim1928:6:331:331	17	ixé	0	1	root	conj
fold-5	test-5.conllu	test-5.out.conllu	Amorim1928:6:379:379	1	Ateíma-etá	2	2	nmod:poss	nsubj
fold-5	test-5.conllu	test-5.out.conllu	Amorim1928:2:221:5620	14	tapiira	12	12	xcomp	obj
fold-5	test-5.conllu	test-5.out.conllu	Amorim1928:2:129:129	7	suanhana-etá	5	5	nsubj	obj
fold-5	test-5.conllu	test-5.out.conllu	Hartt1938:0:0:42	2	imirá	3	5	dislocated	nsubj
fold-5	test-5.conllu	test-5.out.conllu	Hartt1938:0:0:42	3	saimé	0	2	root	amod
fold-5	test-5.conllu	test-5.out.conllu	Hartt1938:0:0:42	5	pirera	3	0	nsubj	root
fold-5	test-5.conllu	test-5.out.conllu	Hartt1938:0:0:61	4	tapira	1	1	nsubj	obj
fold-5	test-5.conllu	test-5.out.conllu	Hartt1938:0:0:147	4	apigawa	2	2	obl	iobj
fold-5	test-5.conllu	test-5.out.conllu	Hartt1938:0:0:178	6	sera	3	3	advcl	obj
fold-5	test-5.conllu	test-5.out.conllu	Hartt1938:0:0:184	3	tiapú	2	2	goeswith	ccomp
fold-5	test-5.conllu	test-5.out.conllu	Hartt1938:0:0:184	4	uikú	2	3	aux	cop
fold-5	test-5.conllu	test-5.out.conllu	Hartt1938:0:0:204	2	yané	3	3	obj	nsubj
fold-5	test-5.conllu	test-5.out.conllu	Hartt1938:0:0:311	2	reapú	3	3	obj	nsubj
fold-5	test-5.conllu	test-5.out.conllu	Hartt1938:0:0:361	2	rusã	0	1	root	amod
fold-5	test-5.conllu	test-5.out.conllu	Hartt1938:0:0:361	3	purã	2	0	conj	root
fold-5	test-5.conllu	test-5.out.conllu	Hartt1938:0:0:371	3	manha	4	1	nmod:poss	obj
fold-5	test-5.conllu	test-5.out.conllu	Hartt1938:0:0:382	1	Mamé	0	4	root	advmod
fold-5	test-5.conllu	test-5.out.conllu	Hartt1938:0:0:382	3	uikú	1	4	cop	aux
fold-5	test-5.conllu	test-5.out.conllu	Hartt1938:0:0:382	4	resika	1	0	advcl	root
fold-5	test-5.conllu	test-5.out.conllu	Hartt1938:0:0:414	4	imirá	5	1	nmod:poss	nsubj
fold-5	test-5.conllu	test-5.out.conllu	Hartt1938:0:0:425	2	pe	3	3	expl	nsubj
fold-5	test-5.conllu	test-5.out.conllu	Hartt1938:0:0:492	1	I	2	2	nsubj	nmod:poss
fold-5	test-5.conllu	test-5.out.conllu	Hartt1938:0:0:548	1	Yasí	2	2	nsubj	nmod:poss
fold-5	test-5.conllu	test-5.out.conllu	Hartt1938:0:0:604	3	ara	2	2	nsubj	obl
fold-5	test-5.conllu	test-5.out.conllu	Hartt1938:0:0:604	4	ixéu	2	5	obl	obj
fold-5	test-5.conllu	test-5.out.conllu	Hartt1938:0:0:617	3	igara	2	2	nsubj	obj
fold-5	test-5.conllu	test-5.out.conllu	Hartt1938:0:0:633	2	tenuné	1	1	obl	obj
fold-5	test-5.conllu	test-5.out.conllu	Hartt1938:0:0:673	6	Tupana	4	8	appos	nsubj
fold-5	test-5.conllu	test-5.out.conllu	Hartt1938:0:0:673	8	munhangara	6	2	appos	parataxis
fold-5	test-5.conllu	test-5.out.conllu	Hartt1938:0:0:681	2	xakwáu	0	6	root	advcl
fold-5	test-5.conllu	test-5.out.conllu	Hartt1938:0:0:681	4	maã	6	5	obj	det
fold-5	test-5.conllu	test-5.out.conllu	Hartt1938:0:0:681	6	unheẽ	2	0	ccomp	root
fold-5	test-5.conllu	test-5.out.conllu	Hartt1938:0:0:681	9	nhaã	6	6	dislocated	ccomp
fold-5	test-5.conllu	test-5.out.conllu	Hartt1938:0:0:706	3	maã	4	2	obj	fixed
fold-5	test-5.conllu	test-5.out.conllu	Hartt1938:0:0:706	5	ixéu	4	4	iobj	obj
fold-5	test-5.conllu	test-5.out.conllu	Hartt1938:0:0:752	4	aintá	1	1	nsubj	obj
fold-5	test-5.conllu	test-5.out.conllu	Hartt1938:0:0:784	2	arasí	0	9	root	advcl
fold-5	test-5.conllu	test-5.out.conllu	Hartt1938:0:0:784	9	maarí	2	0	advcl	root
fold-5	test-5.conllu	test-5.out.conllu	Hartt1938:0:0:791	16	i	17	17	nsubj	expl
fold-5	test-5.conllu	test-5.out.conllu	Hartt1938:3:8:861	5	mukawa	6	8	nmod:poss	nsubj
fold-5	test-5.conllu	test-5.out.conllu	Aguiar1898:4:1:45	5	Christu	4	6	flat	nsubj
fold-5	test-5.conllu	test-5.out.conllu	Aguiar1898:5:5:55	5	rikwé	0	11	root	acl:relcl
fold-5	test-5.conllu	test-5.out.conllu	Aguiar1898:5:5:55	11	rikwé	5	0	parataxis	root
fold-5	test-5.conllu	test-5.out.conllu	Aguiar1898:6:1:59	13	yumuseruka	9	9	conj	advcl
fold-5	test-5.conllu	test-5.out.conllu	Aguiar1898:21-2:3:153	7	puranga	8	2	amod	parataxis
fold-5	test-5.conllu	test-5.out.conllu	Aguiar1898:21-2:3:153	8	suikira	5	7	appos	nsubj
fold-5	test-5.conllu	test-5.out.conllu	Aguiar1898:21-6:5:545	8	rangawa	5	5	acl:relcl	obl
fold-5	test-5.conllu	test-5.out.conllu	Aguiar1898:21-6:5:545	12	yara	5	21	advcl	nsubj
fold-5	test-5.conllu	test-5.out.conllu	Aguiar1898:21-6:5:545	16	pirá-itá	12	21	nmod	nmod:poss
fold-5	test-5.conllu	test-5.out.conllu	Aguiar1898:21-6:5:545	21	suú	16	5	conj	obj
fold-5	test-5.conllu	test-5.out.conllu	Aguiar1898:21-6:8:180	4	maã	7	2	nsubj	obj
fold-5	test-5.conllu	test-5.out.conllu	Aguiar1898:21-6:8:180	7	katú	2	2	ccomp	parataxis
fold-5	test-5.conllu	test-5.out.conllu	Leetra2014:7:701:701	4	pituna	3	3	nmod	obl
fold-6	test-6.conllu	test-6.out.conllu	MooreFP1994:0:0:16	3	manha	1	1	iobj	obj
fold-6	test-6.conllu	test-6.out.conllu	MooreFP1994:0:0:16	4	upitá	1	1	ccomp	advcl
fold-6	test-6.conllu	test-6.out.conllu	MooreFP1994:0:0:16	10	ratiwa	11	4	nsubj	obj
fold-6	test-6.conllu	test-6.out.conllu	MooreFP1994:0:0:27	4	mbira-itá	5	1	nsubj	obj
fold-6	test-6.conllu	test-6.out.conllu	MooreFP1994:1:2:29	2	akayú	3	6	reparandum	obj
fold-6	test-6.conllu	test-6.out.conllu	Alencar2021:0:0:46	1	Igara	2	3	nmod:poss	nsubj
fold-6	test-6.conllu	test-6.out.conllu	Alencar2021:0:0:46	2	paranã	3	3	nsubj	nmod:poss
fold-6	test-6.conllu	test-6.out.conllu	Navarro2016:1:7:7	1	Puranga	2	0	amod	root
fold-6	test-6.conllu	test-6.out.conllu	Navarro2016:1:7:7	2	pituna	0	1	root	nsubj
fold-6	test-6.conllu	test-6.out.conllu	Navarro2016:1:13:13	1	Puranga	2	0	amod	root
fold-6	test-6.conllu	test-6.out.conllu	Navarro2016:1:13:13	2	karuka	0	1	root	nsubj
fold-6	test-6.conllu	test-6.out.conllu	Navarro2016:0:0:89	1	Uka-itá	2	0	nsubj	root
fold-6	test-6.conllu	test-6.out.conllu	Navarro2016:0:0:89	2	mirĩ	0	1	root	amod
fold-6	test-6.conllu	test-6.out.conllu	Navarro2016:3:5:94	6	mimbira	2	2	iobj	obl
fold-6	test-6.conllu	test-6.out.conllu	Navarro2016:4:9:176	4	suka	3	2	nmod	obl
fold-6	test-6.conllu	test-6.out.conllu	Navarro2016:4:9:176	6	sukwera	8	2	nsubj	obj
fold-6	test-6.conllu	test-6.out.conllu	Navarro2016:4:9:176	7	waá	6	8	nmod:poss	nsubj
fold-6	test-6.conllu	test-6.out.conllu	Avila2021:0:0:19	7	urikú	5	2	acl:relcl	parataxis
fold-6	test-6.conllu	test-6.out.conllu	Avila2021:0:0:19	11	usikari	10	7	acl	advcl
fold-6	test-6.conllu	test-6.out.conllu	Avila2021:0:0:19	13	ukwá	11	11	xcomp	conj
fold-6	test-6.conllu	test-6.out.conllu	Avila2021:0:0:95	12	apinaitika	10	10	xcomp	parataxis
fold-6	test-6.conllu	test-6.out.conllu	Avila2021:0:0:103	5	iké	8	8	advcl	advmod
fold-6	test-6.conllu	test-6.out.conllu	Avila2021:0:0:133	16	aintá	15	14	nmod	obl
fold-6	test-6.conllu	test-6.out.conllu	Avila2021:0:0:143	12	anama	9	9	nsubj	obj
fold-6	test-6.conllu	test-6.out.conllu	Avila2021:0:0:161	5	uyenú	3	0	advcl:relcl	root
fold-6	test-6.conllu	test-6.out.conllu	Avila2021:0:0:161	8	usendú	0	5	root	parataxis
fold-6	test-6.conllu	test-6.out.conllu	Avila2021:0:0:186	6	umusarái	10	0	advcl	root
fold-6	test-6.conllu	test-6.out.conllu	Avila2021:0:0:186	10	remutatatinga	0	6	root	parataxis
fold-6	test-6.conllu	test-6.out.conllu	Avila2021:0:0:186	16	itá	14	14	xcomp	obj
fold-6	test-6.conllu	test-6.out.conllu	Avila2021:0:0:213	16	waá-itá	15	15	nsubj	obj
fold-6	test-6.conllu	test-6.out.conllu	Avila2021:0:0:213	26	puranga	23	23	ccomp	advcl
fold-6	test-6.conllu	test-6.out.conllu	Avila2021:0:0:238	7	rasusara	3	1	appos	parataxis
fold-6	test-6.conllu	test-6.out.conllu	Avila2021:0:0:244	3	apigá	5	5	advcl	nsubj
fold-6	test-6.conllu	test-6.out.conllu	Avila2021:0:0:244	5	uwatá	0	11	root	advcl
fold-6	test-6.conllu	test-6.out.conllu	Avila2021:0:0:244	9	até	10	11	case	mark
fold-6	test-6.conllu	test-6.out.conllu	Avila2021:0:0:244	11	umpuruã	10	0	advcl:relcl	root
fold-6	test-6.conllu	test-6.out.conllu	Avila2021:0:0:285	3	yakaré	2	4	obj	nsubj
fold-6	test-6.conllu	test-6.out.conllu	Avila2021:0:0:312	5	uwiyé	2	2	ccomp	xcomp
fold-6	test-6.conllu	test-6.out.conllu	Avila2021:0:0:312	13	uyapukúi	10	10	parataxis	xcomp
fold-6	test-6.conllu	test-6.out.conllu	Avila2021:0:0:312	20	usika	13	2	advcl	parataxis
fold-6	test-6.conllu	test-6.out.conllu	Avila2021:0:0:312	26	apekatú	20	20	advmod	advcl
fold-6	test-6.conllu	test-6.out.conllu	Avila2021:0:0:321	5	piá	1	6	nsubj	nmod:poss
fold-6	test-6.conllu	test-6.out.conllu	Avila2021:28:1:324	1	Igantiwa	3	0	vocative	root
fold-6	test-6.conllu	test-6.out.conllu	Avila2021:28:1:324	3	itá	0	1	root	conj
fold-6	test-6.conllu	test-6.out.conllu	Avila2021:0:0:378	5	iwasuíma	4	4	ccomp	xcomp
fold-6	test-6.conllu	test-6.out.conllu	Avila2021:0:0:392	4	sakusawa	3	6	obj	nsubj
fold-6	test-6.conllu	test-6.out.conllu	Avila2021:0:0:392	6	usika	3	3	xcomp	parataxis
fold-6	test-6.conllu	test-6.out.conllu	Avila2021:0:0:401	2	iwá-itá	0	5	root	vocative
fold-6	test-6.conllu	test-6.out.conllu	Avila2021:0:0:401	5	usinhĩ	2	0	acl:relcl	root
fold-6	test-6.conllu	test-6.out.conllu	Avila2021:0:0:401	7	amú-itá	5	5	nsubj	obj
fold-6	test-6.conllu	test-6.out.conllu	Avila2021:0:0:401	8	se	7	5	nmod	obl
fold-6	test-6.conllu	test-6.out.conllu	Avila2021:0:0:403	3	rapé	1	6	nsubj	nmod:poss
fold-6	test-6.conllu	test-6.out.conllu	Avila2021:0:0:425	6	iké	3	3	parataxis	advmod
fold-6	test-6.conllu	test-6.out.conllu	Avila2021:0:0:425	8	aikú	6	3	cop	aux
fold-6	test-6.conllu	test-6.out.conllu	Avila2021:0:0:425	16	yepewasú	14	14	advmod	parataxis
fold-6	test-6.conllu	test-6.out.conllu	Avila2021:0:0:425	18	akití	11	16	parataxis	advmod
fold-6	test-6.conllu	test-6.out.conllu	Avila2021:0:0:428	1	Aikwé	0	3	root	advmod
fold-6	test-6.conllu	test-6.out.conllu	Avila2021:0:0:428	3	kuxiíma	1	0	advmod	root
fold-6	test-6.conllu	test-6.out.conllu	Avila2021:0:0:428	7	yepé	9	5	nsubj	appos
fold-6	test-6.conllu	test-6.out.conllu	Avila2021:0:0:428	9	mendasara	1	7	parataxis	amod
fold-6	test-6.conllu	test-6.out.conllu	Avila2021:0:0:428	13	uyumuwarixí	9	7	parataxis	conj
fold-6	test-6.conllu	test-6.out.conllu	Avila2021:0:0:433	1	Yawé	3	5	csubj	advmod
fold-6	test-6.conllu	test-6.out.conllu	Avila2021:0:0:433	2	waá-itá	1	1	nsubj	fixed
fold-6	test-6.conllu	test-6.out.conllu	Avila2021:0:0:433	3	aikwewara	0	5	root	advmod
fold-6	test-6.conllu	test-6.out.conllu	Avila2021:0:0:433	5	yakuntari	3	0	advcl	root
fold-6	test-6.conllu	test-6.out.conllu	Avila2021:0:0:468	6	eré	3	3	parataxis	advmod
fold-6	test-6.conllu	test-6.out.conllu	Avila2021:0:0:512	2	asika	1	0	advcl:relcl	root
fold-6	test-6.conllu	test-6.out.conllu	Avila2021:0:0:512	6	resika	0	2	root	parataxis
fold-6	test-6.conllu	test-6.out.conllu	Avila2021:0:0:522	11	akanga	8	8	nsubj	obj
fold-6	test-6.conllu	test-6.out.conllu	Avila2021:0:0:555	5	uyuuka	2	2	ccomp	advcl
fold-6	test-6.conllu	test-6.out.conllu	Avila2021:0:0:594	4	rimiarirú	1	1	vocative	obj
fold-6	test-6.conllu	test-6.out.conllu	Avila2021:0:0:629	5	traka	2	7	ccomp	discourse
fold-6	test-6.conllu	test-6.out.conllu	Avila2021:0:0:629	7	traka	5	13	conj	discourse
fold-6	test-6.conllu	test-6.out.conllu	Avila2021:0:0:629	28	tiramé	27	35	fixed	punct
fold-6	test-6.conllu	test-6.out.conllu	Avila2021:0:0:629	29	maã	35	32	nsubj	obj
fold-6	test-6.conllu	test-6.out.conllu	Avila2021:0:0:629	31	waá	32	30	obj	nsubj
fold-6	test-6.conllu	test-6.out.conllu	Avila2021:0:0:629	32	umunhã	30	35	xcomp	advcl
fold-6	test-6.conllu	test-6.out.conllu	Avila2021:0:0:629	35	usemu	25	25	conj	parataxis
fold-6	test-6.conllu	test-6.out.conllu	Avila2021:0:0:629	43	i	41	41	iobj	obl
fold-6	test-6.conllu	test-6.out.conllu	Avila2021:0:0:675	9	uri	4	4	advcl	parataxis
fold-6	test-6.conllu	test-6.out.conllu	NTLN2019:0:0:3	14	upawa	8	8	advcl	ccomp
fold-6	test-6.conllu	test-6.out.conllu	NTLN2019:0:0:3	23	yamanduári	22	22	parataxis	xcomp
fold-6	test-6.conllu	test-6.out.conllu	NTLN2019:5:1:37	10	i	9	9	iobj	obl
fold-6	test-6.conllu	test-6.out.conllu	NTLN2019:5:1:37	12	yepé	9	16	obj	nsubj
fold-6	test-6.conllu	test-6.out.conllu	NTLN2019:5:1:37	17	Jesus	16	18	obj	nsubj
fold-6	test-6.conllu	test-6.out.conllu	NTLN2019:5:1:37	18	uxari	16	16	xcomp	ccomp
fold-6	test-6.conllu	test-6.out.conllu	NTLN2019:5:1:37	21	pú	18	18	obj	obl
fold-6	test-6.conllu	test-6.out.conllu	NTLN2019:5:1:37	22	sesé	18	21	obl	case
fold-6	test-6.conllu	test-6.out.conllu	NLTN2019:4-12:6:206	11	peé	3	8	ccomp	nsubj
fold-6	test-6.conllu	test-6.out.conllu	NLTN2019:4-12:6:206	13	ixé	15	19	nsubj	expl
fold-6	test-6.conllu	test-6.out.conllu	NLTN2019:4-12:6:206	15	kwá	11	16	conj	det
fold-6	test-6.conllu	test-6.out.conllu	NLTN2019:4-12:6:206	16	supí	15	17	acl:relcl	nmod:poss
fold-6	test-6.conllu	test-6.out.conllu	NLTN2019:4-12:6:206	22	sikwesawa	11	19	conj	nsubj
fold-6	test-6.conllu	test-6.out.conllu	NLTN2019:4-12:6:206	26	umaã	3	3	parataxis	ccomp
fold-6	test-6.conllu	test-6.out.conllu	NLTN2019:4-12:6:206	33	harasú	26	26	advcl	ccomp
fold-6	test-6.conllu	test-6.out.conllu	Cruz2011:0:0:15	4	yapirari	1	1	conj	parataxis
fold-6	test-6.conllu	test-6.out.conllu	Cruz2011:0:0:25	2	ara	5	0	nsubj	root
fold-6	test-6.conllu	test-6.out.conllu	Cruz2011:0:0:25	4	waá-itá	5	3	nmod:poss	nsubj
fold-6	test-6.conllu	test-6.out.conllu	Cruz2011:0:0:25	5	ara	0	3	root	obj
fold-6	test-6.conllu	test-6.out.conllu	Cruz2011:0:0:26	1	Xukúi	0	4	root	advmod
fold-6	test-6.conllu	test-6.out.conllu	Cruz2011:0:0:26	4	aíwa	3	0	amod	root
fold-6	test-6.conllu	test-6.out.conllu	Cruz2011:0:0:36	6	waá	3	4	obj	nsubj
fold-6	test-6.conllu	test-6.out.conllu	Cruz2011:0:0:69	2	saurú	1	1	obl	obj
fold-6	test-6.conllu	test-6.out.conllu	Cruz2011:0:0:95	1	Mukura	6	6	dislocated	nsubj
fold-6	test-6.conllu	test-6.out.conllu	Cruz2011:0:0:95	4	tempo	6	6	obl	obj
fold-6	test-6.conllu	test-6.out.conllu	Cruz2011:0:0:95	8	vida	6	10	obj	nsubj
fold-6	test-6.conllu	test-6.out.conllu	Cruz2011:0:0:95	11	kwera	10	12	parataxis	nsubj
fold-6	test-6.conllu	test-6.out.conllu	Cruz2011:0:0:95	12	upuka	10	10	parataxis	ccomp
fold-6	test-6.conllu	test-6.out.conllu	Casasnovas2006:1:7:7	8	Compadre	12	6	vocative	obj
fold-6	test-6.conllu	test-6.out.conllu	Casasnovas2006:1:7:7	12	aputari	6	6	ccomp	parataxis
fold-6	test-6.conllu	test-6.out.conllu	Casasnovas2006:1:7:7	13	amunhã	12	12	xcomp	parataxis
fold-6	test-6.conllu	test-6.out.conllu	Casasnovas2006:1:7:7	32	amunhã	30	30	xcomp	ccomp
fold-6	test-6.conllu	test-6.out.conllu	Casasnovas2006:3:7:31	3	waá	2	2	expl	nsubj
fold-6	test-6.conllu	test-6.out.conllu	Casasnovas2006:3:7:31	11	kariwa	18	6	nsubj	obj
fold-6	test-6.conllu	test-6.out.conllu	Casasnovas2006:3:7:31	18	urikú	6	6	ccomp	parataxis
fold-6	test-6.conllu	test-6.out.conllu	Casasnovas2006:9:26:110	12	apinaitika	8	8	ccomp	parataxis
fold-6	test-6.conllu	test-6.out.conllu	Casasnovas2006:9:30:114	1	Nẽ	14	4	ccomp	advmod
fold-6	test-6.conllu	test-6.out.conllu	Casasnovas2006:9:30:114	4	ayuka	1	0	parataxis	root
fold-6	test-6.conllu	test-6.out.conllu	Casasnovas2006:9:30:114	14	usuaxara	0	4	root	parataxis
fold-6	test-6.conllu	test-6.out.conllu	Casasnovas2006:9:31:115	2	reyuka	10	0	ccomp	root
fold-6	test-6.conllu	test-6.out.conllu	Casasnovas2006:9:31:115	8	uyaxiú	7	7	ccomp	parataxis
fold-6	test-6.conllu	test-6.out.conllu	Casasnovas2006:9:31:115	10	unheẽ	0	8	root	parataxis
fold-6	test-6.conllu	test-6.out.conllu	Casasnovas2006:9:31:115	15	aría	10	10	nsubj	obj
fold-6	test-6.conllu	test-6.out.conllu	Casasnovas2006:11:2:133	9	nhaã	8	10	obj	det
fold-6	test-6.conllu	test-6.out.conllu	Casasnovas2006:11:2:133	10	waimĩ	9	8	acl:relcl	obj
fold-6	test-6.conllu	test-6.out.conllu	Casasnovas2006:11:2:133	11	piri	10	10	advmod	acl:relcl
fold-6	test-6.conllu	test-6.out.conllu	Casasnovas2006:11:13:144	10	ta	11	11	expl	nsubj
fold-6	test-6.conllu	test-6.out.conllu	Casasnovas2006:11:19:150	1	Remaã	15	0	ccomp	root
fold-6	test-6.conllu	test-6.out.conllu	Casasnovas2006:11:19:150	2	indé	1	1	nsubj	obj
fold-6	test-6.conllu	test-6.out.conllu	Casasnovas2006:11:19:150	5	paya	1	15	obj	nsubj
fold-6	test-6.conllu	test-6.out.conllu	Casasnovas2006:11:19:150	15	unheẽ	0	1	root	parataxis
fold-6	test-6.conllu	test-6.out.conllu	Casasnovas2006:11:23:154	2	uwatari	8	0	ccomp	root
fold-6	test-6.conllu	test-6.out.conllu	Casasnovas2006:11:23:154	8	unheẽ	0	2	root	parataxis
fold-6	test-6.conllu	test-6.out.conllu	Casasnovas2006:11:23:154	12	Wakurawá	8	8	nsubj	obj
fold-6	test-6.conllu	test-6.out.conllu	Casasnovas2006:12:7:173	19	sera	23	14	nsubj	obj
fold-6	test-6.conllu	test-6.out.conllu	Casasnovas2006:12:7:173	23	Buburi	14	14	parataxis	nsubj
fold-6	test-6.conllu	test-6.out.conllu	Casasnovas2006:7:15:15	6	ukwá	0	8	root	advcl
fold-6	test-6.conllu	test-6.out.conllu	Casasnovas2006:7:15:15	8	usuaxara	6	0	ccomp	root
fold-6	test-6.conllu	test-6.out.conllu	Casasnovas2006:0:0:24	1	Maã	3	3	nsubj	obj
fold-6	test-6.conllu	test-6.out.conllu	Rodrigues1890:1-1-2:102:102	3	resaisú	2	2	ccomp	parataxis
fold-6	test-6.conllu	test-6.out.conllu	Rodrigues1890:1-1-8:19:19	4	uwapika	3	3	xcomp	parataxis
fold-6	test-6.conllu	test-6.out.conllu	Rodrigues1890:1-1-8:19:19	5	satá	6	4	nmod:poss	obj
fold-6	test-6.conllu	test-6.out.conllu	Rodrigues1890:1-1-8:19:19	11	suú	9	12	obj	nsubj
fold-6	test-6.conllu	test-6.out.conllu	Rodrigues1890:1-1-8:19:19	12	umeẽ	9	9	parataxis	xcomp
fold-6	test-6.conllu	test-6.out.conllu	Rodrigues1890:1-1-8:19:19	15	xeruái	13	12	nmod	obj
fold-6	test-6.conllu	test-6.out.conllu	Rodrigues1890:1-2-5:3:3	6	taíra	5	7	nsubj	nmod:poss
fold-6	test-6.conllu	test-6.out.conllu	Rodrigues1890:3-1:5:5	14	umuwéu	6	6	conj	parataxis
fold-6	test-6.conllu	test-6.out.conllu	Rodrigues1890:3-1:5:5	18	ukupiri	14	14	conj	parataxis
fold-6	test-6.conllu	test-6.out.conllu	Rodrigues1890:4-5-11:1:1	2	Akutí	7	7	vocative	nsubj
fold-6	test-6.conllu	test-6.out.conllu	Rodrigues1890:4-5-11:1:1	4	akutí	2	2	appos	conj
fold-6	test-6.conllu	test-6.out.conllu	Rodrigues1890:4-5-11:1:1	11	akutí	7	7	dislocated	parataxis
fold-6	test-6.conllu	test-6.out.conllu	Rodrigues1890:4-5-11:3:3	4	akutí	2	6	vocative	nsubj
fold-6	test-6.conllu	test-6.out.conllu	Rodrigues1890:4-5-11:3:3	9	akutí	6	6	vocative	obj
fold-6	test-6.conllu	test-6.out.conllu	Magalhaes1876:1:9:9	5	Intí	2	7	ccomp	advmod
fold-6	test-6.conllu	test-6.out.conllu	Magalhaes1876:1:9:9	7	pituna	5	2	nsubj	ccomp
fold-6	test-6.conllu	test-6.out.conllu	Magalhaes1876:1:35:35	19	ara	18	20	obj	nmod:poss
fold-6	test-6.conllu	test-6.out.conllu	Magalhaes1876:2:16:59	5	Apekatú	2	9	ccomp	advmod
fold-6	test-6.conllu	test-6.out.conllu	Magalhaes1876:2:16:59	9	yara	5	2	nsubj	ccomp
fold-6	test-6.conllu	test-6.out.conllu	Magalhaes1876:2:32:75	5	Intí	8	2	advmod	ccomp
fold-6	test-6.conllu	test-6.out.conllu	Magalhaes1876:2:32:75	8	arawira	2	5	ccomp	obl
fold-6	test-6.conllu	test-6.out.conllu	Magalhaes1876:2:32:75	10	itá	8	5	advcl	obl
fold-6	test-6.conllu	test-6.out.conllu	Magalhaes1876:2:32:75	16	kirimawa	18	15	acl:relcl	obj
fold-6	test-6.conllu	test-6.out.conllu	Magalhaes1876:2:32:75	18	waá	15	16	obj	nsubj
fold-6	test-6.conllu	test-6.out.conllu	Magalhaes1876:3:3:92	15	Yautí	12	12	vocative	obj
fold-6	test-6.conllu	test-6.out.conllu	Magalhaes1876:10:37:272	4	yaitiwa	5	3	nmod:poss	obj
fold-6	test-6.conllu	test-6.out.conllu	Amorim1928:21:38:38	4	pira	2	8	obj	nsubj
fold-6	test-6.conllu	test-6.out.conllu	Amorim1928:21:38:38	8	umusakú	2	2	parataxis	ccomp
fold-6	test-6.conllu	test-6.out.conllu	Amorim1928:6-1:145:145	11	awá	14	9	nsubj	obj
fold-6	test-6.conllu	test-6.out.conllu	Amorim1928:6-1:145:145	12	penhẽ	11	9	nmod	obl
fold-6	test-6.conllu	test-6.out.conllu	Amorim1928:8-1:9:3009	3	uikú	5	5	cop	aux
fold-6	test-6.conllu	test-6.out.conllu	Amorim1928:8-1:9:3009	13	umbaú	7	7	xcomp	parataxis
fold-6	test-6.conllu	test-6.out.conllu	Amorim1928:8-1:30:3033	3	sasiára	5	5	xcomp	advcl
fold-6	test-6.conllu	test-6.out.conllu	Amorim1928:8-1:30:3033	5	upitá	7	0	advcl	root
fold-6	test-6.conllu	test-6.out.conllu	Amorim1928:8-1:30:3033	7	usú	0	5	root	parataxis
fold-6	test-6.conllu	test-6.out.conllu	Amorim1928:9:6:6	6	iwaka	7	4	nmod:poss	obj
fold-6	test-6.conllu	test-6.out.conllu	Amorim1928:9:6:6	23	iwiwasú	20	20	xcomp	nsubj
fold-6	test-6.conllu	test-6.out.conllu	Amorim1928:2:1:1	8	umaramunha	3	3	ccomp	parataxis
fold-6	test-6.conllu	test-6.out.conllu	Amorim1928:2:1:1	12	paraná	10	8	nmod	obl
fold-6	test-6.conllu	test-6.out.conllu	Amorim1928:2:2-3:2	1	Buopé	16	3	nsubj	nmod:poss
fold-6	test-6.conllu	test-6.out.conllu	Amorim1928:2:2-3:2	3	tuixawa	1	7	appos	nsubj
fold-6	test-6.conllu	test-6.out.conllu	Amorim1928:2:2-3:2	4	aramé	3	7	nmod	advmod
fold-6	test-6.conllu	test-6.out.conllu	Amorim1928:2:2-3:2	7	urikú	3	0	acl:relcl	root
fold-6	test-6.conllu	test-6.out.conllu	Amorim1928:2:2-3:2	11	mira	9	7	conj	parataxis
fold-6	test-6.conllu	test-6.out.conllu	Amorim1928:2:2-3:2	16	unheẽ	0	11	root	parataxis
fold-6	test-6.conllu	test-6.out.conllu	Amorim1928:2:2-3:2	19	ara	16	16	obl	nsubj
fold-6	test-6.conllu	test-6.out.conllu	Amorim1928:2:2-3:2	27	yarikú	43	16	advcl	ccomp
fold-6	test-6.conllu	test-6.out.conllu	Amorim1928:2:2-3:2	29	kunhã-etá	27	30	obj	nmod:poss
fold-6	test-6.conllu	test-6.out.conllu	Amorim1928:2:2-3:2	30	penhẽ	31	27	nmod:poss	obj
fold-6	test-6.conllu	test-6.out.conllu	Amorim1928:2:2-3:2	39	pepitá	43	27	advcl	parataxis
fold-6	test-6.conllu	test-6.out.conllu	Amorim1928:2:2-3:2	41	piá	39	39	xcomp	obj
fold-6	test-6.conllu	test-6.out.conllu	Amorim1928:2:2-3:2	43	pemendari	16	39	ccomp	obl
fold-6	test-6.conllu	test-6.out.conllu	Amorim1928:2:2-3:2	45	kunhã-etá	43	43	obl	obj
fold-6	test-6.conllu	test-6.out.conllu	Amorim1928:2:2-3:2	47	tetama-etá	45	43	nmod	obl
fold-6	test-6.conllu	test-6.out.conllu	Amorim1928:2:84:8400	8	umaramunhã	6	0	acl:relcl	root
fold-6	test-6.conllu	test-6.out.conllu	Amorim1928:2:84:8400	11	usú	0	8	root	parataxis
fold-6	test-6.conllu	test-6.out.conllu	Amorim1928:2:178:178	1	Wanana-etá	5	4	nmod:poss	nsubj
fold-6	test-6.conllu	test-6.out.conllu	Amorim1928:2:178:178	4	sikwé	2	0	xcomp	root
fold-6	test-6.conllu	test-6.out.conllu	Amorim1928:2:178:178	6	uwiké	0	4	root	parataxis
fold-6	test-6.conllu	test-6.out.conllu	Amorim1928:3:2:2	5	aikwé	15	0	advcl	root
fold-6	test-6.conllu	test-6.out.conllu	Amorim1928:3:2:2	10	waá	11	9	nsubj	fixed
fold-6	test-6.conllu	test-6.out.conllu	Amorim1928:3:2:2	11	uyasí	7	5	acl:relcl	parataxis
fold-6	test-6.conllu	test-6.out.conllu	Amorim1928:3:2:2	15	umundutiwa	0	11	root	parataxis
fold-6	test-6.conllu	test-6.out.conllu	Amorim1928:3:2:2	20	maniáka	17	21	obj	nmod:poss
fold-6	test-6.conllu	test-6.out.conllu	Amorim1928:12:50:50	6	upurungitatiwa	11	0	advcl	root
fold-6	test-6.conllu	test-6.out.conllu	Amorim1928:12:50:50	11	remundú	0	6	root	parataxis
fold-6	test-6.conllu	test-6.out.conllu	Amorim1928:12:50:50	12	awá	11	13	obj	nsubj
fold-6	test-6.conllu	test-6.out.conllu	Amorim1928:12:50:50	13	usikari	11	11	xcomp	ccomp
fold-6	test-6.conllu	test-6.out.conllu	Amorim1928:13:37-38:37-38	11	mimbira	3	17	ccomp	nsubj
fold-6	test-6.conllu	test-6.out.conllu	Amorim1928:13:37-38:37-38	13	waá	15	15	dislocated	nsubj
fold-6	test-6.conllu	test-6.out.conllu	Amorim1928:13:37-38:37-38	16	putari	15	17	aux	cop
fold-6	test-6.conllu	test-6.out.conllu	Amorim1928:13:37-38:37-38	17	i	15	3	obl	ccomp
fold-6	test-6.conllu	test-6.out.conllu	Amorim1928:18:26:26	1	Waturá	11	9	obj	nmod:poss
fold-6	test-6.conllu	test-6.out.conllu	Amorim1928:18:26:26	9	tarubá	1	11	conj	nsubj
fold-6	test-6.conllu	test-6.out.conllu	Amorim1928:20:86-87:86-87	7	amurupí	6	6	xcomp	advmod
fold-6	test-6.conllu	test-6.out.conllu	Amorim1928:20:86-87:86-87	10	i	11	11	nsubj	expl
fold-6	test-6.conllu	test-6.out.conllu	Amorim1928:20:86-87:86-87	11	piaíwa	9	9	advcl	ccomp
fold-6	test-6.conllu	test-6.out.conllu	Amorim1928:20:86-87:86-87	13	paya	9	11	iobj	obl
fold-6	test-6.conllu	test-6.out.conllu	Amorim1928:20:86-87:86-87	18	remumbeú	9	11	ccomp	parataxis
fold-6	test-6.conllu	test-6.out.conllu	Amorim1928:20:86-87:86-87	19	yandé	20	18	nmod:poss	obj
fold-6	test-6.conllu	test-6.out.conllu	Amorim1928:20:86-87:86-87	21	uri	18	18	ccomp	parataxis
fold-6	test-6.conllu	test-6.out.conllu	Amorim1928:20:86-87:86-87	26	kirimbáu	21	21	conj	parataxis
fold-6	test-6.conllu	test-6.out.conllu	Amorim1928:20:86-87:86-87	29	tiapusawa	26	26	obl	nsubj
fold-6	test-6.conllu	test-6.out.conllu	Hartt1938:0:0:79	2	renira	4	0	nsubj	root
fold-6	test-6.conllu	test-6.out.conllu	Hartt1938:0:0:79	4	muíri	0	2	root	nsubj
fold-6	test-6.conllu	test-6.out.conllu	Hartt1938:0:0:88	11	xamunhã	10	7	acl	advcl
fold-6	test-6.conllu	test-6.out.conllu	Hartt1938:0:0:130	2	yepé	1	3	obj	nsubj
fold-6	test-6.conllu	test-6.out.conllu	Hartt1938:0:0:130	3	upuãmu	2	1	acl	ccomp
fold-6	test-6.conllu	test-6.out.conllu	Hartt1938:0:0:142	5	amú	7	7	obj	det
fold-6	test-6.conllu	test-6.out.conllu	Hartt1938:0:0:410	2	usika	5	0	advcl	root
fold-6	test-6.conllu	test-6.out.conllu	Hartt1938:0:0:410	5	usú	0	2	root	advcl
fold-6	test-6.conllu	test-6.out.conllu	Hartt1938:0:0:410	10	ximirikú	8	8	obl	iobj
fold-6	test-6.conllu	test-6.out.conllu	Hartt1938:0:0:493	6	ií	5	5	nsubj	obj
fold-6	test-6.conllu	test-6.out.conllu	Hartt1938:0:0:493	7	upupuri	5	5	parataxis	xcomp
fold-6	test-6.conllu	test-6.out.conllu	Hartt1938:0:0:632	5	suai	4	1	amod	parataxis
fold-6	test-6.conllu	test-6.out.conllu	Costa1909:1:12:12	4	kurasí	5	2	nmod:poss	obj
fold-6	test-6.conllu	test-6.out.conllu	Costa1909:1:12:12	10	pusanga	2	12	parataxis	obj
fold-6	test-6.conllu	test-6.out.conllu	Aguiar1898:4:6:50	2	Yané	3	3	obj	nsubj
fold-6	test-6.conllu	test-6.out.conllu	Aguiar1898:4:6:50	5	salvari	3	3	conj	advcl
fold-6	test-6.conllu	test-6.out.conllu	Aguiar1898:21-1:3:147	2	Tupana	1	1	nsubj	obj
fold-6	test-6.conllu	test-6.out.conllu	Aguiar1898:21-1:3:147	5	Yumunhã	1	1	ccomp	parataxis
fold-6	test-6.conllu	test-6.out.conllu	Aguiar1898:21-1:3:147	6	kandéa	5	5	nsubj	obj
fold-6	test-6.conllu	test-6.out.conllu	Aguiar1898:21-7:2:183	7	waá	6	6	obj	nsubj
fold-6	test-6.conllu	test-6.out.conllu	Aguiar1898:21-7:2:183	8	ara	2	6	obl	obj
fold-6	test-6.conllu	test-6.out.conllu	Aguiar1898:21-7:2:183	9	pú-mukũi	8	6	nummod	obl
fold-6	test-6.conllu	test-6.out.conllu	Studart1926:0:0:3590	2	ipiama	1	1	xcomp	ccomp
fold-7	test-7.conllu	test-7.out.conllu	MooreFP1994:0:0:18	4	yandé	2	5	obj	nsubj
fold-7	test-7.conllu	test-7.out.conllu	MooreFP1994:0:0:23	5	maã	7	6	obj	nmod:poss
fold-7	test-7.conllu	test-7.out.conllu	MooreFP1994:0:0:23	6	kurupira-itá	7	4	nsubj	obj
fold-7	test-7.conllu	test-7.out.conllu	MooreFP1994:0:0:23	7	umunhã	4	4	ccomp	xcomp
fold-7	test-7.conllu	test-7.out.conllu	MooreFP1994:1:5:32	3	ixé	5	1	nsubj	obj
fold-7	test-7.conllu	test-7.out.conllu	MooreFP1994:1:5:32	5	ayupukwá	1	1	ccomp	parataxis
fold-7	test-7.conllu	test-7.out.conllu	Alencar2021:0:0:60	3	se	4	4	expl	nsubj
fold-7	test-7.conllu	test-7.out.conllu	Navarro2016:0:0:37	2	yané	3	3	expl	nsubj
fold-7	test-7.conllu	test-7.out.conllu	Navarro2016:2:3:48	9	mamé	2	11	ccomp	advmod
fold-7	test-7.conllu	test-7.out.conllu	Navarro2016:2:3:48	11	pindá-itá	9	2	nsubj	ccomp
fold-7	test-7.conllu	test-7.out.conllu	Navarro2016:2:9:54	1	Uií	2	4	nmod:poss	advmod
fold-7	test-7.conllu	test-7.out.conllu	Navarro2016:0:0:63	2	makití	1	3	advcl	advmod
fold-7	test-7.conllu	test-7.out.conllu	Navarro2016:0:0:63	3	aputari	2	1	advcl:relcl	parataxis
fold-7	test-7.conllu	test-7.out.conllu	Avila2021:0:0:2	6	ruixawa	3	8	appos	vocative
fold-7	test-7.conllu	test-7.out.conllu	Avila2021:0:0:2	9	yaú	8	8	ccomp	parataxis
fold-7	test-7.conllu	test-7.out.conllu	Avila2021:0:0:16	3	aintá	2	2	iobj	obj
fold-7	test-7.conllu	test-7.out.conllu	Avila2021:0:0:16	7	rangawa	2	10	ccomp	nsubj
fold-7	test-7.conllu	test-7.out.conllu	Avila2021:0:0:16	10	uyari	9	2	acl:relcl	ccomp
fold-7	test-7.conllu	test-7.out.conllu	Avila2021:0:0:16	16	rera	7	10	parataxis	nsubj
fold-7	test-7.conllu	test-7.out.conllu	Avila2021:0:0:18	3	taité	4	0	amod	root
fold-7	test-7.conllu	test-7.out.conllu	Avila2021:0:0:18	5	upisika	0	3	root	parataxis
fold-7	test-7.conllu	test-7.out.conllu	Avila2021:0:0:18	9	aité	6	12	appos	nsubj
fold-7	test-7.conllu	test-7.out.conllu	Avila2021:0:0:18	12	yamaã	9	5	acl:relcl	parataxis
fold-7	test-7.conllu	test-7.out.conllu	Avila2021:0:0:18	17	tatatinga	6	12	appos	conj
fold-7	test-7.conllu	test-7.out.conllu	Avila2021:0:0:18	21	ratá	18	18	ccomp	obj
fold-7	test-7.conllu	test-7.out.conllu	Avila2021:0:0:23	5	i	3	3	iobj	obl
fold-7	test-7.conllu	test-7.out.conllu	Avila2021:0:0:45	1	Pesendú	0	5	root	advcl
fold-7	test-7.conllu	test-7.out.conllu	Avila2021:0:0:45	5	umbeú	1	0	ccomp	root
fold-7	test-7.conllu	test-7.out.conllu	Avila2021:0:0:45	9	unupá	15	5	advcl	ccomp
fold-7	test-7.conllu	test-7.out.conllu	Avila2021:0:0:45	15	rerikuté	5	9	ccomp	parataxis
fold-7	test-7.conllu	test-7.out.conllu	Avila2021:0:0:45	16	renupá	15	15	xcomp	ccomp
fold-7	test-7.conllu	test-7.out.conllu	Avila2021:0:0:45	22	unupá	27	16	advcl	parataxis
fold-7	test-7.conllu	test-7.out.conllu	Avila2021:0:0:45	27	rerikuté	15	22	conj	parataxis
fold-7	test-7.conllu	test-7.out.conllu	Avila2021:0:0:45	28	renupá	27	27	xcomp	ccomp
fold-7	test-7.conllu	test-7.out.conllu	Avila2021:0:0:52	4	apigawa-itá	2	2	nsubj	obj
fold-7	test-7.conllu	test-7.out.conllu	Avila2021:0:0:65	1	Maã	5	5	obl	obj
fold-7	test-7.conllu	test-7.out.conllu	Avila2021:0:0:109	17	ta	18	18	expl	nsubj
fold-7	test-7.conllu	test-7.out.conllu	Avila2021:0:0:109	18	ukiri	14	14	xcomp	parataxis
fold-7	test-7.conllu	test-7.out.conllu	Avila2021:0:0:109	21	mayé	14	18	parataxis	advmod
fold-7	test-7.conllu	test-7.out.conllu	Avila2021:0:0:111	2	mayé	0	3	root	advmod
fold-7	test-7.conllu	test-7.out.conllu	Avila2021:0:0:111	3	ayuká	2	0	advcl	root
fold-7	test-7.conllu	test-7.out.conllu	Avila2021:0:0:120	3	arú	5	5	nsubj	nmod:poss
fold-7	test-7.conllu	test-7.out.conllu	Avila2021:0:0:120	4	aintá	5	5	expl	nsubj
fold-7	test-7.conllu	test-7.out.conllu	Avila2021:0:0:120	5	mira-itá	0	9	root	nsubj
fold-7	test-7.conllu	test-7.out.conllu	Avila2021:0:0:120	8	aintá	9	9	expl	nsubj
fold-7	test-7.conllu	test-7.out.conllu	Avila2021:0:0:120	9	umbeú	5	0	parataxis	root
fold-7	test-7.conllu	test-7.out.conllu	Avila2021:0:0:120	12	rundewara-itá	9	9	nsubj	obj
fold-7	test-7.conllu	test-7.out.conllu	Avila2021:24:2:246	7	kurasí	8	5	nsubj	obj
fold-7	test-7.conllu	test-7.out.conllu	Avila2021:24:2:246	9	waá	8	8	obl	obj
fold-7	test-7.conllu	test-7.out.conllu	Avila2021:0:0:253	5	ara-ima	4	4	advcl	obj
fold-7	test-7.conllu	test-7.out.conllu	Avila2021:0:0:259	10	ara	2	2	parataxis	obl
fold-7	test-7.conllu	test-7.out.conllu	Avila2021:0:0:271	4	asikari	2	2	xcomp	parataxis
fold-7	test-7.conllu	test-7.out.conllu	Avila2021:0:0:282	6	pituna-pisayé	8	7	obl	nmod:poss
fold-7	test-7.conllu	test-7.out.conllu	Avila2021:0:0:351	1	Ixé	4	4	dislocated	nsubj
fold-7	test-7.conllu	test-7.out.conllu	Avila2021:0:0:352	4	aintá	5	3	nsubj	obj
fold-7	test-7.conllu	test-7.out.conllu	Avila2021:0:0:352	5	upurandú	3	3	parataxis	advcl
fold-7	test-7.conllu	test-7.out.conllu	Avila2021:0:0:373	9	umutiní	7	8	advcl:relcl	acl:relcl
fold-7	test-7.conllu	test-7.out.conllu	Avila2021:0:0:373	10	waá	9	9	obl	nsubj
fold-7	test-7.conllu	test-7.out.conllu	Avila2021:0:0:373	12	aé	9	4	obj	nsubj
fold-7	test-7.conllu	test-7.out.conllu	Avila2021:0:0:444	6	mira	4	4	obl	iobj
fold-7	test-7.conllu	test-7.out.conllu	Avila2021:0:0:444	9	uií	10	11	nmod:poss	advmod
fold-7	test-7.conllu	test-7.out.conllu	Avila2021:0:0:444	10	ara	11	11	obl	nsubj
fold-7	test-7.conllu	test-7.out.conllu	Avila2021:0:0:444	11	yamemúi	4	4	advcl	parataxis
fold-7	test-7.conllu	test-7.out.conllu	Avila2021:0:0:444	17	suú	14	11	conj	obj
fold-7	test-7.conllu	test-7.out.conllu	Avila2021:0:0:469	6	arapasu	5	7	obj	nsubj
fold-7	test-7.conllu	test-7.out.conllu	Avila2021:0:0:469	7	unheẽ	5	5	xcomp	parataxis
fold-7	test-7.conllu	test-7.out.conllu	Avila2021:0:0:490	1	bitiru	12	0	dep	root
fold-7	test-7.conllu	test-7.out.conllu	Avila2021:0:0:490	12	umbeú	0	5	root	ccomp
fold-7	test-7.conllu	test-7.out.conllu	Avila2021:0:0:503	10	rememúi	9	9	xcomp	parataxis
fold-7	test-7.conllu	test-7.out.conllu	Avila2021:0:0:503	11	ixé	10	10	obl	iobj
fold-7	test-7.conllu	test-7.out.conllu	Avila2021:0:0:514	1	Murukututú	6	6	vocative	nsubj
fold-7	test-7.conllu	test-7.out.conllu	Avila2021:0:0:514	5	ne	6	6	obj	expl
fold-7	test-7.conllu	test-7.out.conllu	Avila2021:0:0:517	5	ta	6	6	expl	nsubj
fold-7	test-7.conllu	test-7.out.conllu	Avila2021:0:0:517	7	ta	8	8	expl	nsubj
fold-7	test-7.conllu	test-7.out.conllu	Avila2021:0:0:517	8	umanhana	6	6	xcomp	parataxis
fold-7	test-7.conllu	test-7.out.conllu	Avila2021:0:0:533	4	tuwí	3	2	acl:relcl	obl
fold-7	test-7.conllu	test-7.out.conllu	Avila2021:0:0:538	16	usasá	11	11	conj	advcl
fold-7	test-7.conllu	test-7.out.conllu	Avila2021:0:0:554	3	aintá	4	4	expl	nsubj
fold-7	test-7.conllu	test-7.out.conllu	Avila2021:0:0:554	9	uyupiri	6	4	acl:relcl	advcl
fold-7	test-7.conllu	test-7.out.conllu	Avila2021:0:0:561	1	I	2	2	expl	nsubj
fold-7	test-7.conllu	test-7.out.conllu	Avila2021:0:0:561	4	yamunhã	2	2	csubj	parataxis
fold-7	test-7.conllu	test-7.out.conllu	Avila2021:0:0:561	16	yayupiri	2	4	advcl	parataxis
fold-7	test-7.conllu	test-7.out.conllu	Avila2021:0:0:577	8	yuka	5	9	ccomp	nmod:poss
fold-7	test-7.conllu	test-7.out.conllu	Avila2021:0:0:577	9	tapiira	8	5	nsubj	obj
fold-7	test-7.conllu	test-7.out.conllu	Avila2021:0:0:607	1	Itá	3	2	nsubj	nmod:poss
fold-7	test-7.conllu	test-7.out.conllu	Avila2021:0:0:607	2	ií	3	3	nmod:poss	nsubj
fold-7	test-7.conllu	test-7.out.conllu	Avila2021:0:0:612	2	pusanga	3	3	obj	nsubj
fold-7	test-7.conllu	test-7.out.conllu	Avila2021:0:0:612	5	yaikú	6	3	cop	aux
fold-7	test-7.conllu	test-7.out.conllu	Avila2021:0:0:612	6	puruka	3	3	advcl	obl
fold-7	test-7.conllu	test-7.out.conllu	Avila2021:0:0:626	9	mundusawa	2	7	advcl:relcl	obl
fold-7	test-7.conllu	test-7.out.conllu	Avila2021:0:0:628	11	raíra-itá	4	4	vocative	parataxis
fold-7	test-7.conllu	test-7.out.conllu	Avila2021:47:2:640	2	yuruparí	1	1	nsubj	obj
fold-7	test-7.conllu	test-7.out.conllu	Avila2021:0:0:658	6	yuú	3	3	xcomp	obj
fold-7	test-7.conllu	test-7.out.conllu	Avila2021:0:0:714	8	tapixawa	5	5	obl	obj
fold-7	test-7.conllu	test-7.out.conllu	Avila2021:0:0:714	9	piasawa	8	5	nmod	obl
fold-7	test-7.conllu	test-7.out.conllu	NTLN2019:0:0:5	9	upewara-itá	3	3	dislocated	nsubj
fold-7	test-7.conllu	test-7.out.conllu	NTLN2019:0:0:5	21	masiwera	18	13	conj	acl:relcl
fold-7	test-7.conllu	test-7.out.conllu	NTLN2019:0:0:5	25	kwá-itá	16	13	conj	obj
fold-7	test-7.conllu	test-7.out.conllu	NTLN2019:0:0:5	27	waá-itá	26	26	nsubj	obj
fold-7	test-7.conllu	test-7.out.conllu	NTLN2019:0:0:5	30	demuniu	31	26	nsubj	conj
fold-7	test-7.conllu	test-7.out.conllu	NTLN2019:0:0:5	31	upukwari	26	30	conj	acl:relcl
fold-7	test-7.conllu	test-7.out.conllu	NTLN2019:0:0:5	32	waá-itá	31	31	obj	nsubj
fold-7	test-7.conllu	test-7.out.conllu	NTLN2019:0:0:5	42	pitúa	36	35	conj	acl:relcl
fold-7	test-7.conllu	test-7.out.conllu	NTLN2019:0:0:5	48	aintá	47	47	obj	nsubj
fold-7	test-7.conllu	test-7.out.conllu	NTLN2019:2:4:15	1	Indé	6	3	vocative	nsubj
fold-7	test-7.conllu	test-7.out.conllu	NTLN2019:2:4:15	3	paya	1	0	appos	root
fold-7	test-7.conllu	test-7.out.conllu	NTLN2019:2:4:15	6	rexari	0	3	root	parataxis
fold-7	test-7.conllu	test-7.out.conllu	NTLN2019:2:4:15	7	puranga	6	6	obj	ccomp
fold-7	test-7.conllu	test-7.out.conllu	NTLN2019:0:0:49	12	uyuká	11	11	csubj	xcomp
fold-7	test-7.conllu	test-7.out.conllu	NTLN2019:0:0:49	18	pesarú	15	15	parataxis	ccomp
fold-7	test-7.conllu	test-7.out.conllu	Cruz2011:0:0:50	6	puranga	5	5	advcl	parataxis
fold-7	test-7.conllu	test-7.out.conllu	Cruz2011:4:3:76	2	pessoa	0	3	root	nsubj
fold-7	test-7.conllu	test-7.out.conllu	Cruz2011:4:3:76	3	anhuantẽ	2	0	advmod	root
fold-7	test-7.conllu	test-7.out.conllu	Cruz2011:0:0:96	4	usikari	1	1	parataxis	xcomp
fold-7	test-7.conllu	test-7.out.conllu	Cruz2011:0:0:143	1	Amú	0	4	root	nsubj
fold-7	test-7.conllu	test-7.out.conllu	Cruz2011:0:0:143	4	rera	1	0	nsubj	root
fold-7	test-7.conllu	test-7.out.conllu	Casasnovas2006:1:5:5	9	uií	10	12	nmod:poss	advmod
fold-7	test-7.conllu	test-7.out.conllu	Casasnovas2006:1:5:5	19	ambaú	15	15	advcl	parataxis
fold-7	test-7.conllu	test-7.out.conllu	Casasnovas2006:1:5:5	25	sasiára	24	24	xcomp	ccomp
fold-7	test-7.conllu	test-7.out.conllu	Casasnovas2006:1:12:12	7	sakakwera	6	6	obl	case
fold-7	test-7.conllu	test-7.out.conllu	Casasnovas2006:1:12:12	11	wirawasú	10	12	obj	nsubj
fold-7	test-7.conllu	test-7.out.conllu	Casasnovas2006:1:12:12	12	uyatikú	10	10	xcomp	ccomp
fold-7	test-7.conllu	test-7.out.conllu	Casasnovas2006:4:7:42	8	yepewasú	5	5	advcl	xcomp
fold-7	test-7.conllu	test-7.out.conllu	Casasnovas2006:4:7:42	13	aintá	12	14	obj	nmod:poss
fold-7	test-7.conllu	test-7.out.conllu	Casasnovas2006:4:7:42	14	igara	15	12	nmod:poss	obj
fold-7	test-7.conllu	test-7.out.conllu	Casasnovas2006:4:12:47	6	taité	7	7	discourse	aux
fold-7	test-7.conllu	test-7.out.conllu	Casasnovas2006:4:12:47	15	kãwera-itá	16	16	nmod:poss	nsubj
fold-7	test-7.conllu	test-7.out.conllu	Casasnovas2006:4:13:48	15	sasí	19	14	nsubj	acl:relcl
fold-7	test-7.conllu	test-7.out.conllu	Casasnovas2006:4:13:48	18	pira	15	12	acl:relcl	obj
fold-7	test-7.conllu	test-7.out.conllu	Casasnovas2006:5:8:56	7	sakakwera	3	8	obl	nsubj
fold-7	test-7.conllu	test-7.out.conllu	Casasnovas2006:8:1:69	14	uyapí	13	13	xcomp	parataxis
fold-7	test-7.conllu	test-7.out.conllu	Casasnovas2006:8:3:71	15	mira-itá	11	11	obj	obl
fold-7	test-7.conllu	test-7.out.conllu	Casasnovas2006:9:16:100	2	yepé	4	4	nsubj	nummod
fold-7	test-7.conllu	test-7.out.conllu	Casasnovas2006:9:27:111	8	membira	6	6	obj	nsubj
fold-7	test-7.conllu	test-7.out.conllu	Casasnovas2006:9:27:111	10	uka	11	6	nmod:poss	obj
fold-7	test-7.conllu	test-7.out.conllu	Casasnovas2006:10:3:122	1	Wainambí	2	2	obl	nsubj
fold-7	test-7.conllu	test-7.out.conllu	Casasnovas2006:10:3:122	8	nhaã	12	10	obl	det
fold-7	test-7.conllu	test-7.out.conllu	Casasnovas2006:10:12:131	3	remanduári	2	2	xcomp	parataxis
fold-7	test-7.conllu	test-7.out.conllu	Casasnovas2006:10:12:131	5	indé	3	3	obl	iobj
fold-7	test-7.conllu	test-7.out.conllu	Casasnovas2006:10:12:131	9	reruyari	3	3	ccomp	advcl
fold-7	test-7.conllu	test-7.out.conllu	Casasnovas2006:7:5:5	2	Umbaá	6	6	ccomp	advmod
fold-7	test-7.conllu	test-7.out.conllu	Rodrigues1890:1-1-5:90:90	6	nhuntu	5	9	fixed	advmod
fold-7	test-7.conllu	test-7.out.conllu	Rodrigues1890:1-1-8:18:18	1	Petuna	5	3	obl	nmod:poss
fold-7	test-7.conllu	test-7.out.conllu	Rodrigues1890:1-1-8:18:18	4	mirikú	3	5	goeswith	nsubj
fold-7	test-7.conllu	test-7.out.conllu	Rodrigues1890:1-1-8:18:18	5	ukiri	7	0	advcl	root
fold-7	test-7.conllu	test-7.out.conllu	Rodrigues1890:1-1-8:18:18	7	usú	0	5	root	xcomp
fold-7	test-7.conllu	test-7.out.conllu	Rodrigues1890:1-1-8:18:18	10	kaamunú	7	7	xcomp	parataxis
fold-7	test-7.conllu	test-7.out.conllu	Rodrigues1890:1-1-8:18:18	11	urasú	7	10	parataxis	xcomp
fold-7	test-7.conllu	test-7.out.conllu	Rodrigues1890:1-1-8:18:18	13	Kurupira	11	11	iobj	obl
fold-7	test-7.conllu	test-7.out.conllu	Rodrigues1890:3-13:90:90	6	maã	5	7	obj	nsubj
fold-7	test-7.conllu	test-7.out.conllu	Rodrigues1890:3-13:90:90	7	yamunhã	6	5	acl:relcl	ccomp
fold-7	test-7.conllu	test-7.out.conllu	Magalhaes1876:2-3:2:202	2	Intí	0	5	root	advmod
fold-7	test-7.conllu	test-7.out.conllu	Magalhaes1876:2-3:2:202	5	asikari	2	0	parataxis	root
fold-7	test-7.conllu	test-7.out.conllu	Magalhaes1876:2-3:2:302	2	maã	1	4	fixed	obj
fold-7	test-7.conllu	test-7.out.conllu	Magalhaes1876:2-3:2:302	6	panera	4	4	obj	obl
fold-7	test-7.conllu	test-7.out.conllu	Magalhaes1876:1:1:1	1	Yupirungawa	0	5	root	obl
fold-7	test-7.conllu	test-7.out.conllu	Magalhaes1876:1:1:1	5	pituna	1	0	nsubj	root
fold-7	test-7.conllu	test-7.out.conllu	Magalhaes1876:1:1:1	7	ara	10	5	nsubj	parataxis
fold-7	test-7.conllu	test-7.out.conllu	Magalhaes1876:1:1:1	10	ara	1	7	parataxis	obl
fold-7	test-7.conllu	test-7.out.conllu	Magalhaes1876:1:20:20	6	maã	5	5	fixed	nsubj
fold-7	test-7.conllu	test-7.out.conllu	Magalhaes1876:1:36:36	15	kuẽma	16	13	nsubj	obj
fold-7	test-7.conllu	test-7.out.conllu	Magalhaes1876:2:18:61	10	asikari	8	8	xcomp	parataxis
fold-7	test-7.conllu	test-7.out.conllu	Amorim1928:6:378:378	5	retumunheẽ	1	1	xcomp	parataxis
fold-7	test-7.conllu	test-7.out.conllu	Amorim1928:8-1:3:3003	20	paranawasú	22	19	nmod:poss	obj
fold-7	test-7.conllu	test-7.out.conllu	Amorim1928:8-1:3:3003	34	pisãwera	36	36	nsubj	obl
fold-7	test-7.conllu	test-7.out.conllu	Amorim1928:8-1:3:3003	38	mira	36	36	advcl	obj
fold-7	test-7.conllu	test-7.out.conllu	Amorim1928:2:101:5500	4	awa	5	5	obj	obl
fold-7	test-7.conllu	test-7.out.conllu	Amorim1928:2:200:5599	4	dabukuriwara	3	0	amod	root
fold-7	test-7.conllu	test-7.out.conllu	Amorim1928:2:200:5599	6	puranga	0	4	root	xcomp
fold-7	test-7.conllu	test-7.out.conllu	Amorim1928:2:450:5350	2	uyuká	7	0	advcl	root
fold-7	test-7.conllu	test-7.out.conllu	Amorim1928:2:450:5350	7	umundú	0	2	root	xcomp
fold-7	test-7.conllu	test-7.out.conllu	Amorim1928:2:450:5350	8	umburi	7	7	ccomp	parataxis
fold-7	test-7.conllu	test-7.out.conllu	Amorim1928:10:18:18	1	Amurupí	4	4	xcomp	advmod
fold-7	test-7.conllu	test-7.out.conllu	Amorim1928:10:73:73	2	Duí	1	5	nmod	obl
fold-7	test-7.conllu	test-7.out.conllu	Amorim1928:10:85:85	11	Duí	5	18	conj	nsubj
fold-7	test-7.conllu	test-7.out.conllu	Amorim1928:10:85:85	12	amú	11	18	orphan	obl
fold-7	test-7.conllu	test-7.out.conllu	Amorim1928:13:2:2	10	puranga	11	8	amod	ccomp
fold-7	test-7.conllu	test-7.out.conllu	Amorim1928:13:2:2	11	manungara	8	12	obl	nmod:poss
fold-7	test-7.conllu	test-7.out.conllu	Amorim1928:13:2:2	12	membí	8	13	obj	nmod:poss
fold-7	test-7.conllu	test-7.out.conllu	Amorim1928:13:2:2	16	i	15	15	obl	iobj
fold-7	test-7.conllu	test-7.out.conllu	Amorim1928:18:1:1	1	Mira	0	4	root	nsubj
fold-7	test-7.conllu	test-7.out.conllu	Amorim1928:18:1:1	4	Arú	1	0	nsubj	root
fold-7	test-7.conllu	test-7.out.conllu	Amorim1928:18:25:25	7	ara	4	9	obj	nmod:poss
fold-7	test-7.conllu	test-7.out.conllu	Amorim1928:18:25:25	9	akayú	4	4	obl	obj
fold-7	test-7.conllu	test-7.out.conllu	Amorim1928:18:25:25	17	mira	4	18	parataxis	nsubj
fold-7	test-7.conllu	test-7.out.conllu	Amorim1928:18:25:25	18	remusãi	17	4	advcl	parataxis
fold-7	test-7.conllu	test-7.out.conllu	Amorim1928:18:25:25	22	mira-etá	18	18	iobj	obl
fold-7	test-7.conllu	test-7.out.conllu	Sympson1877:0:0:691	1	Mamé	0	4	root	advmod
fold-7	test-7.conllu	test-7.out.conllu	Sympson1877:0:0:691	4	retama	1	0	nsubj	root
fold-7	test-7.conllu	test-7.out.conllu	Hartt1938:0:0:49-1	3	kisé	1	1	nsubj	obj
fold-7	test-7.conllu	test-7.out.conllu	Hartt1938:0:0:76	3	i	4	4	expl	nsubj
fold-7	test-7.conllu	test-7.out.conllu	Hartt1938:0:0:78	8	xirĩwasú	5	5	conj	parataxis
fold-7	test-7.conllu	test-7.out.conllu	Hartt1938:0:0:83	1	Paraná	2	2	nsubj	nmod:poss
fold-7	test-7.conllu	test-7.out.conllu	Hartt1938:0:0:83	2	tatatinga	0	3	root	nsubj
fold-7	test-7.conllu	test-7.out.conllu	Hartt1938:0:0:83	3	inte	2	0	advmod	root
fold-7	test-7.conllu	test-7.out.conllu	Hartt1938:0:0:217	7	yané	8	8	obj	nsubj
fold-7	test-7.conllu	test-7.out.conllu	Hartt1938:0:0:217	8	rapí	1	1	advcl	parataxis
fold-7	test-7.conllu	test-7.out.conllu	Hartt1938:0:0:244	1	Maã	3	3	obj	nsubj
fold-7	test-7.conllu	test-7.out.conllu	Hartt1938:0:0:244	4	yanéu	3	3	iobj	obj
fold-7	test-7.conllu	test-7.out.conllu	Hartt1938:0:0:326	2	aíwa	1	1	xcomp	amod
fold-7	test-7.conllu	test-7.out.conllu	Hartt1938:0:0:326	4	pituna	1	1	obl	obj
fold-7	test-7.conllu	test-7.out.conllu	Hartt1938:0:0:351	1	Intí	0	2	root	advmod
fold-7	test-7.conllu	test-7.out.conllu	Hartt1938:0:0:351	2	ranhẽ	1	0	advmod	root
fold-7	test-7.conllu	test-7.out.conllu	Hartt1938:0:0:415	4	usenúi	1	1	csubj	parataxis
fold-7	test-7.conllu	test-7.out.conllu	Hartt1938:0:0:428	1	Se	2	2	expl	nsubj
fold-7	test-7.conllu	test-7.out.conllu	Hartt1938:0:0:428	4	ixé	2	2	nsubj	obj
fold-7	test-7.conllu	test-7.out.conllu	Hartt1938:0:0:486	8	riáya	5	5	nsubj	obj
fold-7	test-7.conllu	test-7.out.conllu	Hartt1938:0:0:514	2	xayupiri	1	1	xcomp	parataxis
fold-7	test-7.conllu	test-7.out.conllu	Hartt1938:0:0:536	5	muyepé	3	1	appos	parataxis
fold-7	test-7.conllu	test-7.out.conllu	Hartt1938:0:0:536	9	amú	5	10	conj	nsubj
fold-7	test-7.conllu	test-7.out.conllu	Hartt1938:0:0:536	10	yakayaká	9	5	nmod	conj
fold-7	test-7.conllu	test-7.out.conllu	Hartt1938:0:0:537	1	Kuyera	0	2	root	nmod:poss
fold-7	test-7.conllu	test-7.out.conllu	Hartt1938:0:0:537	2	imirá	1	0	obl	root
fold-7	test-7.conllu	test-7.out.conllu	Hartt1938:0:0:551	4	uikú	1	1	cop	aux
fold-7	test-7.conllu	test-7.out.conllu	Hartt1938:0:0:629	3	uwatá	2	2	xcomp	parataxis
fold-7	test-7.conllu	test-7.out.conllu	Hartt1938:0:0:746	1	I	2	2	expl	nsubj
fold-7	test-7.conllu	test-7.out.conllu	Hartt1938:0:0:746	3	yayuká	2	2	csubj	parataxis
fold-7	test-7.conllu	test-7.out.conllu	Hartt1938:0:0:753	3	nhaã	6	1	nsubj	obj
fold-7	test-7.conllu	test-7.out.conllu	Aguiar1898:1:11:11	3	anga	0	6	root	nsubj
fold-7	test-7.conllu	test-7.out.conllu	Aguiar1898:1:11:11	6	turusú	3	0	conj	root
fold-7	test-7.conllu	test-7.out.conllu	Aguiar1898:1:11:11	10	munhangara	3	6	appos	nsubj
fold-7	test-7.conllu	test-7.out.conllu	Aguiar1898:1:11:11	13	Yara	10	10	conj	appos
fold-7	test-7.conllu	test-7.out.conllu	Aguiar1898:2:5:16	2	Paya	3	3	nsubj	nmod:poss
fold-7	test-7.conllu	test-7.out.conllu	Aguiar1898:11:3:77	5	ara	3	6	conj	nmod:poss
fold-7	test-7.conllu	test-7.out.conllu	Aguiar1898:11:3:77	6	santu-itá	5	1	nmod	obj
fold-7	test-7.conllu	test-7.out.conllu	Aguiar1898:21-6:6:546	5	rangawa	3	2	acl:relcl	obl
fold-7	test-7.conllu	test-7.out.conllu	Aguiar1898:21-6:6:546	10	rangawa	12	14	acl:relcl	obl
fold-7	test-7.conllu	test-7.out.conllu	Aguiar1898:21-6:6:546	12	waá	14	13	xcomp	nmod:poss
fold-7	test-7.conllu	test-7.out.conllu	Aguiar1898:21-6:6:546	17	apigawa	20	20	dislocated	nsubj
fold-7	test-7.conllu	test-7.out.conllu	Aguiar1898:21-6:6:546	19	kunhã	17	20	conj	nsubj
fold-7	test-7.conllu	test-7.out.conllu	Aguiar1898:21-6:6:546	20	umunhã	14	14	parataxis	ccomp
fold-7	test-7.conllu	test-7.out.conllu	Aguiar1898:21-6:7:547	12	pemuturusú	7	7	parataxis	ccomp
fold-7	test-7.conllu	test-7.out.conllu	Aguiar1898:21-6:7:547	16	setá	15	15	xcomp	obj
fold-7	test-7.conllu	test-7.out.conllu	Aguiar1898:21-6:7:547	27	rimutara	24	23	acl:relcl	parataxis
fold-7	test-7.conllu	test-7.out.conllu	Aguiar1898:21-6:7:547	32	peyumunhã	23	27	parataxis	conj
fold-7	test-7.conllu	test-7.out.conllu	Aguiar1898:21-6:7:547	34	yara	32	32	xcomp	obj
fold-7	test-7.conllu	test-7.out.conllu	Avila2021:0:0:733	9	waá	11	11	mark	obl
fold-7	test-7.conllu	test-7.out.conllu	Avila2021:0:0:733	10	upé	9	9	fixed	case
fold-7	test-7.conllu	test-7.out.conllu	Avila2021:0:0:733	11	asarú	13	3	advcl	parataxis
fold-7	test-7.conllu	test-7.out.conllu	MelgueiroCM2019:0:0:2	4	waá	3	3	nsubj	obj
fold-8	test-8.conllu	test-8.out.conllu	MooreFP1994:0:0:1	4	yapinaitika	2	1	conj	parataxis
fold-8	test-8.conllu	test-8.out.conllu	MooreFP1994:0:0:1	6	yamunhã	2	4	conj	parataxis
fold-8	test-8.conllu	test-8.out.conllu	MooreFP1994:0:0:10	2	tapira	4	3	obj	nmod:poss
fold-8	test-8.conllu	test-8.out.conllu	MooreFP1994:0:0:13	4	puxuwera	3	3	xcomp	advmod
fold-8	test-8.conllu	test-8.out.conllu	MooreFP1994:1:1:28	3	akayú	5	5	obl	obj
fold-8	test-8.conllu	test-8.out.conllu	Alencar2021:0:0:9	2	rendawa	4	3	nsubj	nmod:poss
fold-8	test-8.conllu	test-8.out.conllu	Alencar2021:0:0:44	3	pe	4	0	obl	root
fold-8	test-8.conllu	test-8.out.conllu	Alencar2021:0:0:44	4	ruakí	0	3	root	case
fold-8	test-8.conllu	test-8.out.conllu	Alencar2021:0:0:47	1	Igara	2	2	nmod:poss	nsubj
fold-8	test-8.conllu	test-8.out.conllu	Navarro2016:1:12:12	1	Pedro	7	0	dislocated	root
fold-8	test-8.conllu	test-8.out.conllu	Navarro2016:1:12:12	5	aintá	7	7	nsubj	nmod:poss
fold-8	test-8.conllu	test-8.out.conllu	Navarro2016:1:12:12	7	anama-itá	0	1	root	nmod
fold-8	test-8.conllu	test-8.out.conllu	Navarro2016:0:0:72	1	Nti	3	0	advmod	root
fold-8	test-8.conllu	test-8.out.conllu	Navarro2016:0:0:72	3	indé	0	1	root	nsubj
fold-8	test-8.conllu	test-8.out.conllu	Navarro2016:3:11:100	5	mena	3	3	obl	iobj
fold-8	test-8.conllu	test-8.out.conllu	Navarro2016:0:0:132	4	ara	1	1	obl	nsubj
fold-8	test-8.conllu	test-8.out.conllu	Navarro2016:0:0:157	1	Aiwã	2	0	advmod	root
fold-8	test-8.conllu	test-8.out.conllu	Navarro2016:0:0:157	2	pituna	0	1	root	nsubj
fold-8	test-8.conllu	test-8.out.conllu	Navarro2016:0:0:165	3	São	1	1	obl	obj
fold-8	test-8.conllu	test-8.out.conllu	Navarro2016:0:0:165	4	Gabriel	3	1	flat	obl
fold-8	test-8.conllu	test-8.out.conllu	Navarro2016:0:0:0170	9	indé	8	8	iobj	obl
fold-8	test-8.conllu	test-8.out.conllu	Navarro2016:0:0:182	1	Kunhã-itá	6	0	nsubj	root
fold-8	test-8.conllu	test-8.out.conllu	Navarro2016:0:0:182	6	mimbira	0	3	root	obj
fold-8	test-8.conllu	test-8.out.conllu	Avila2021:0:0:15	1	Aité	6	3	dislocated	nmod:poss
fold-8	test-8.conllu	test-8.out.conllu	Avila2021:0:0:15	3	sera	5	0	nsubj	root
fold-8	test-8.conllu	test-8.out.conllu	Avila2021:0:0:15	5	piranha	1	6	acl:relcl	nsubj
fold-8	test-8.conllu	test-8.out.conllu	Avila2021:0:0:15	6	yakunheseri	0	3	root	acl:relcl
fold-8	test-8.conllu	test-8.out.conllu	Avila2021:0:0:15	9	turususá	6	11	obl	nsubj
fold-8	test-8.conllu	test-8.out.conllu	Avila2021:0:0:15	12	waá	11	6	nsubj	obl
fold-8	test-8.conllu	test-8.out.conllu	Avila2021:0:0:15	16	sanha	9	17	conj	nsubj
fold-8	test-8.conllu	test-8.out.conllu	Avila2021:0:0:15	17	saimbé	16	3	amod	conj
fold-8	test-8.conllu	test-8.out.conllu	Avila2021:4:2:26	3	se	2	2	obj	obl
fold-8	test-8.conllu	test-8.out.conllu	Avila2021:4:2:26	6	axari	2	2	parataxis	conj
fold-8	test-8.conllu	test-8.out.conllu	Avila2021:7:1:47	9	resika	7	7	ccomp	xcomp
fold-8	test-8.conllu	test-8.out.conllu	Avila2021:0:0:63	1	Indé	0	5	root	nsubj
fold-8	test-8.conllu	test-8.out.conllu	Avila2021:0:0:63	5	repusú	1	0	csubj	root
fold-8	test-8.conllu	test-8.out.conllu	Avila2021:0:0:74	1	Resú	9	0	advcl	root
fold-8	test-8.conllu	test-8.out.conllu	Avila2021:0:0:74	4	ruka	1	1	obl	obj
fold-8	test-8.conllu	test-8.out.conllu	Avila2021:0:0:74	5	arama	4	1	acl:relcl	advmod
fold-8	test-8.conllu	test-8.out.conllu	Avila2021:0:0:74	6	waá	5	1	nsubj	obl
fold-8	test-8.conllu	test-8.out.conllu	Avila2021:0:0:74	9	awá	0	1	root	parataxis
fold-8	test-8.conllu	test-8.out.conllu	Avila2021:0:0:74	15	kristu	12	12	appos	conj
fold-8	test-8.conllu	test-8.out.conllu	Avila2021:0:0:138	15	upuíri	14	14	xcomp	parataxis
fold-8	test-8.conllu	test-8.out.conllu	Avila2021:0:0:140	1	Karu	6	4	nsubj	nmod:poss
fold-8	test-8.conllu	test-8.out.conllu	Avila2021:0:0:140	4	ara	6	6	obl	nsubj
fold-8	test-8.conllu	test-8.out.conllu	Avila2021:0:0:140	11	taíra	10	12	obj	nsubj
fold-8	test-8.conllu	test-8.out.conllu	Avila2021:0:0:140	12	uyupiri	10	10	xcomp	ccomp
fold-8	test-8.conllu	test-8.out.conllu	Avila2021:0:0:177	4	piá	2	5	obj	nsubj
fold-8	test-8.conllu	test-8.out.conllu	Avila2021:0:0:177	5	surí	2	2	xcomp	ccomp
fold-8	test-8.conllu	test-8.out.conllu	Avila2021:0:0:177	20	yandara	21	21	obl	nsubj
fold-8	test-8.conllu	test-8.out.conllu	Avila2021:0:0:196	12	aité	15	15	det	nsubj
fold-8	test-8.conllu	test-8.out.conllu	Avila2021:0:0:196	15	kwera	4	4	parataxis	nsubj
fold-8	test-8.conllu	test-8.out.conllu	Avila2021:0:0:196	16	nhaã	15	15	nsubj	det
fold-8	test-8.conllu	test-8.out.conllu	Avila2021:0:0:216	14	i	15	15	expl	nsubj
fold-8	test-8.conllu	test-8.out.conllu	Avila2021:0:0:218	2	umunhã	14	0	advcl	root
fold-8	test-8.conllu	test-8.out.conllu	Avila2021:0:0:218	14	umunhã	0	2	root	parataxis
fold-8	test-8.conllu	test-8.out.conllu	Avila2021:0:0:224	5	yawaratewasú-itá	4	4	xcomp	obj
fold-8	test-8.conllu	test-8.out.conllu	Avila2021:0:0:232	8	kwera	3	11	dislocated	nsubj
fold-8	test-8.conllu	test-8.out.conllu	Avila2021:0:0:234	7	ta	6	9	expl	nsubj
fold-8	test-8.conllu	test-8.out.conllu	Avila2021:0:0:234	8	uikú	6	9	aux	cop
fold-8	test-8.conllu	test-8.out.conllu	Avila2021:0:0:234	9	uí	6	6	obj	acl:relcl
fold-8	test-8.conllu	test-8.out.conllu	Avila2021:0:0:234	11	aité	14	14	nsubj	det
fold-8	test-8.conllu	test-8.out.conllu	Avila2021:0:0:234	14	apekú	6	17	parataxis	nsubj
fold-8	test-8.conllu	test-8.out.conllu	Avila2021:0:0:234	17	aité	14	6	dislocated	parataxis
fold-8	test-8.conllu	test-8.out.conllu	Avila2021:0:0:240	3	Aziawara-itá	9	0	nsubj	root
fold-8	test-8.conllu	test-8.out.conllu	Avila2021:0:0:240	6	anama-itá	3	3	appos	conj
fold-8	test-8.conllu	test-8.out.conllu	Avila2021:0:0:240	8	aintá	9	9	expl	nsubj
fold-8	test-8.conllu	test-8.out.conllu	Avila2021:0:0:240	9	umundú	0	3	root	parataxis
fold-8	test-8.conllu	test-8.out.conllu	Avila2021:0:0:251	7	kunhã	9	9	nsubj	nmod:poss
fold-8	test-8.conllu	test-8.out.conllu	Avila2021:0:0:251	9	tĩ-ima	5	5	ccomp	obj
fold-8	test-8.conllu	test-8.out.conllu	Avila2021:0:0:251	10	aintá	9	9	dislocated	nsubj
fold-8	test-8.conllu	test-8.out.conllu	Avila2021:0:0:266	2	warirí	3	3	nsubj	nmod:poss
fold-8	test-8.conllu	test-8.out.conllu	Avila2021:0:0:266	3	payé	5	5	advcl	nsubj
fold-8	test-8.conllu	test-8.out.conllu	Avila2021:0:0:266	5	usaã	0	10	root	advcl
fold-8	test-8.conllu	test-8.out.conllu	Avila2021:0:0:266	8	ara	10	9	obl	nmod:poss
fold-8	test-8.conllu	test-8.out.conllu	Avila2021:0:0:266	10	usika	5	0	ccomp	root
fold-8	test-8.conllu	test-8.out.conllu	Avila2021:0:0:315	1	Pirá	0	3	root	nsubj
fold-8	test-8.conllu	test-8.out.conllu	Avila2021:0:0:315	3	mamayakú	1	0	nsubj	root
fold-8	test-8.conllu	test-8.out.conllu	Avila2021:0:0:315	6	akará	4	7	obj	nmod:poss
fold-8	test-8.conllu	test-8.out.conllu	Avila2021:0:0:344	3	aé	4	4	nsubj	nmod:poss
fold-8	test-8.conllu	test-8.out.conllu	Avila2021:0:0:344	4	kunhãwara	2	2	ccomp	obj
fold-8	test-8.conllu	test-8.out.conllu	Avila2021:0:0:344	11	ara	9	9	obl	obj
fold-8	test-8.conllu	test-8.out.conllu	Avila2021:0:0:358	7	uyuká	4	0	ccomp	root
fold-8	test-8.conllu	test-8.out.conllu	Avila2021:0:0:358	11	yakwáu	13	7	xcomp	parataxis
fold-8	test-8.conllu	test-8.out.conllu	Avila2021:0:0:358	13	upitá	0	11	root	parataxis
fold-8	test-8.conllu	test-8.out.conllu	Avila2021:0:0:362	7	yakwáu	10	2	advcl	parataxis
fold-8	test-8.conllu	test-8.out.conllu	Avila2021:0:0:379	1	Waimĩ-itá	10	4	nsubj	nmod:poss
fold-8	test-8.conllu	test-8.out.conllu	Avila2021:0:0:379	4	taína-itá	1	10	conj	nsubj
fold-8	test-8.conllu	test-8.out.conllu	Avila2021:0:0:379	6	rimirikú-itá	1	10	conj	nsubj
fold-8	test-8.conllu	test-8.out.conllu	Avila2021:0:0:379	9	ta	10	10	expl	nsubj
fold-8	test-8.conllu	test-8.out.conllu	Avila2021:0:0:380	21	tayera-itá	19	19	obl	iobj
fold-8	test-8.conllu	test-8.out.conllu	Avila2021:0:0:380	25	upisika	19	17	advcl	parataxis
fold-8	test-8.conllu	test-8.out.conllu	Avila2021:0:0:405	7	usú	6	9	acl:relcl	aux
fold-8	test-8.conllu	test-8.out.conllu	Avila2021:0:0:405	8	waá	7	9	obl	nsubj
fold-8	test-8.conllu	test-8.out.conllu	Avila2021:0:0:429	1	Ikewara	0	4	root	advmod
fold-8	test-8.conllu	test-8.out.conllu	Avila2021:0:0:429	2	aikú	1	4	cop	aux
fold-8	test-8.conllu	test-8.out.conllu	Avila2021:0:0:429	4	reyuri	7	0	advcl	root
fold-8	test-8.conllu	test-8.out.conllu	Avila2021:0:0:461	11	uyatimana	9	9	parataxis	ccomp
fold-8	test-8.conllu	test-8.out.conllu	Avila2021:40:2:487	4	usika	9	0	advcl	root
fold-8	test-8.conllu	test-8.out.conllu	Avila2021:40:2:487	9	umusera	0	4	root	parataxis
fold-8	test-8.conllu	test-8.out.conllu	Avila2021:0:0:558	1	Aiwana	0	2	root	advmod
fold-8	test-8.conllu	test-8.out.conllu	Avila2021:0:0:558	2	usú	1	9	csubj	advcl
fold-8	test-8.conllu	test-8.out.conllu	Avila2021:0:0:558	9	piaíwa	2	0	advcl	root
fold-8	test-8.conllu	test-8.out.conllu	Avila2021:0:0:572	3	rapé	6	1	nmod:poss	nsubj
fold-8	test-8.conllu	test-8.out.conllu	Avila2021:0:0:587	9	umundéu	7	7	xcomp	ccomp
fold-8	test-8.conllu	test-8.out.conllu	Avila2021:0:0:589	4	yamanduári	3	3	ccomp	xcomp
fold-8	test-8.conllu	test-8.out.conllu	Avila2021:0:0:589	10	waá	9	8	obj	nsubj
fold-8	test-8.conllu	test-8.out.conllu	Avila2021:0:0:636	1	Teité	2	0	xcomp	root
fold-8	test-8.conllu	test-8.out.conllu	Avila2021:0:0:636	2	amaã	0	1	root	csubj
fold-8	test-8.conllu	test-8.out.conllu	Avila2021:48:3:657	3	kupií	1	1	obj	ccomp
fold-8	test-8.conllu	test-8.out.conllu	Avila2021:0:0:716	4	yasú	15	0	advcl	root
fold-8	test-8.conllu	test-8.out.conllu	Avila2021:0:0:716	11	yara-itá	15	4	nsubj	obj
fold-8	test-8.conllu	test-8.out.conllu	Avila2021:0:0:716	14	ta	15	15	expl	nsubj
fold-8	test-8.conllu	test-8.out.conllu	Avila2021:0:0:716	15	uputari	0	4	root	parataxis
fold-8	test-8.conllu	test-8.out.conllu	Avila2021:0:0:716	16	yarasú	15	15	ccomp	xcomp
fold-8	test-8.conllu	test-8.out.conllu	Avila2021:0:0:716	17	nẽ	16	16	obj	advmod
fold-8	test-8.conllu	test-8.out.conllu	Avila2021:0:0:720	16	waá	15	15	obl	nsubj
fold-8	test-8.conllu	test-8.out.conllu	NTLN2019:0:0:26	2	umbawa	7	0	advcl	root
fold-8	test-8.conllu	test-8.out.conllu	NTLN2019:0:0:26	7	uyuíri	0	4	root	parataxis
fold-8	test-8.conllu	test-8.out.conllu	NTLN2019:6:1:42	3	umbué	4	0	acl:relcl	root
fold-8	test-8.conllu	test-8.out.conllu	NTLN2019:6:1:42	5	aintá	6	6	expl	nsubj
fold-8	test-8.conllu	test-8.out.conllu	NTLN2019:6:1:42	6	umbeú	0	3	root	xcomp
fold-8	test-8.conllu	test-8.out.conllu	NTLN2019:6:1:42	7	i	6	6	obl	iobj
fold-8	test-8.conllu	test-8.out.conllu	NTLN2019:6:1:42	9	Jesus	10	6	nsubj	obj
fold-8	test-8.conllu	test-8.out.conllu	NTLN2019:6:1:42	20	mukũi	22	17	nummod	obj
fold-8	test-8.conllu	test-8.out.conllu	NTLN2019:6:1:42	22	waá-itá	17	21	obj	nsubj
fold-8	test-8.conllu	test-8.out.conllu	NTLN2019:5-8:21:21	7	murakí	3	3	dislocated	obj
fold-8	test-8.conllu	test-8.out.conllu	NTLN2019:5-8:21:21	10	maã	3	13	advcl	obj
fold-8	test-8.conllu	test-8.out.conllu	NTLN2019:5-8:21:21	13	remanduarisawa	10	7	nsubj	acl
fold-8	test-8.conllu	test-8.out.conllu	NTLN2019:5-8:21:21	15	umaã	13	13	acl	ccomp
fold-8	test-8.conllu	test-8.out.conllu	Cruz2011:0:0:38	7	mitima	1	1	obj	nsubj
fold-8	test-8.conllu	test-8.out.conllu	Cruz2011:0:0:53	1	Ixé	0	2	root	nsubj
fold-8	test-8.conllu	test-8.out.conllu	Cruz2011:0:0:53	2	umbaá	1	0	advmod	root
fold-8	test-8.conllu	test-8.out.conllu	Cruz2011:0:0:118	1	Ixé	3	3	advcl	nsubj
fold-8	test-8.conllu	test-8.out.conllu	Cruz2011:0:0:135	3	féria	2	2	nsubj	obj
fold-8	test-8.conllu	test-8.out.conllu	Casasnovas2006:1:4:4	6	aé	5	5	iobj	nsubj
fold-8	test-8.conllu	test-8.out.conllu	Casasnovas2006:3:9:33	10	akanhemu	11	0	advcl	root
fold-8	test-8.conllu	test-8.out.conllu	Casasnovas2006:3:9:33	11	upaka	0	10	root	parataxis
fold-8	test-8.conllu	test-8.out.conllu	Casasnovas2006:5:3:51	4	uri	1	1	ccomp	parataxis
fold-8	test-8.conllu	test-8.out.conllu	Casasnovas2006:5:3:51	6	mira	4	4	nsubj	obl
fold-8	test-8.conllu	test-8.out.conllu	Casasnovas2006:5:3:51	11	pí	8	4	obj	nsubj
fold-8	test-8.conllu	test-8.out.conllu	Casasnovas2006:5:11:59	12	kurupira	11	14	nmod	nmod:poss
fold-8	test-8.conllu	test-8.out.conllu	Casasnovas2006:6:4:63	1	Muíri	2	2	det	nmod:poss
fold-8	test-8.conllu	test-8.out.conllu	Casasnovas2006:6:4:63	2	viáji	12	6	obl	nsubj
fold-8	test-8.conllu	test-8.out.conllu	Casasnovas2006:6:4:63	6	tausú	12	0	advcl	root
fold-8	test-8.conllu	test-8.out.conllu	Casasnovas2006:6:4:63	11	waimĩ	12	6	nsubj	parataxis
fold-8	test-8.conllu	test-8.out.conllu	Casasnovas2006:6:4:63	12	uyupúi	0	11	root	parataxis
fold-8	test-8.conllu	test-8.out.conllu	Casasnovas2006:6:4:63	13	aintá	12	14	obj	nmod:poss
fold-8	test-8.conllu	test-8.out.conllu	Casasnovas2006:6:4:63	22	yumasí	21	23	obj	nsubj
fold-8	test-8.conllu	test-8.out.conllu	Casasnovas2006:8:5:73	1	Kwá	5	6	det	advmod
fold-8	test-8.conllu	test-8.out.conllu	Casasnovas2006:8:5:73	5	mira	6	6	obj	nsubj
fold-8	test-8.conllu	test-8.out.conllu	Casasnovas2006:8:5:73	7	mira	6	10	xcomp	nsubj
fold-8	test-8.conllu	test-8.out.conllu	Casasnovas2006:8:5:73	10	nhaã-itá	6	6	dislocated	ccomp
fold-8	test-8.conllu	test-8.out.conllu	Casasnovas2006:8:13:81	6	aé	5	8	iobj	nsubj
fold-8	test-8.conllu	test-8.out.conllu	Casasnovas2006:9:15:99	9	upisika	8	8	parataxis	xcomp
fold-8	test-8.conllu	test-8.out.conllu	Casasnovas2006:11:27:158	1	Puranga	0	8	root	advmod
fold-8	test-8.conllu	test-8.out.conllu	Casasnovas2006:11:27:158	8	ameẽ	1	0	parataxis	root
fold-8	test-8.conllu	test-8.out.conllu	Casasnovas2006:11:27:158	9	indé	8	8	iobj	obl
fold-8	test-8.conllu	test-8.out.conllu	Casasnovas2006:11:27:158	16	reú	13	8	conj	advcl
fold-8	test-8.conllu	test-8.out.conllu	Casasnovas2006:11:32:163	3	ambá	5	0	ccomp	root
fold-8	test-8.conllu	test-8.out.conllu	Casasnovas2006:11:32:163	5	anheẽ	10	3	ccomp	parataxis
fold-8	test-8.conllu	test-8.out.conllu	Casasnovas2006:11:32:163	7	indé	5	5	iobj	obl
fold-8	test-8.conllu	test-8.out.conllu	Casasnovas2006:11:32:163	10	unheẽ	0	5	root	parataxis
fold-8	test-8.conllu	test-8.out.conllu	Casasnovas2006:12:24:190	8	ta	9	9	expl	nsubj
fold-8	test-8.conllu	test-8.out.conllu	Casasnovas2006:12:24:190	9	umaramunha	7	7	xcomp	ccomp
fold-8	test-8.conllu	test-8.out.conllu	Casasnovas2006:12:26:192	26	uwitá	24	24	xcomp	ccomp
fold-8	test-8.conllu	test-8.out.conllu	Casasnovas2006:12:30:196	4	musapiri	8	8	nsubj	nummod
fold-8	test-8.conllu	test-8.out.conllu	Casasnovas2006:12:30:196	11	ta	8	15	expl	nsubj
fold-8	test-8.conllu	test-8.out.conllu	Casasnovas2006:12:30:196	15	tawa	8	8	obl	nsubj
fold-8	test-8.conllu	test-8.out.conllu	Casasnovas2006:7:3:3	7	usuaxara	5	5	parataxis	ccomp
fold-8	test-8.conllu	test-8.out.conllu	Casasnovas2006:7:3:3	8	aintá	7	7	obj	nsubj
fold-8	test-8.conllu	test-8.out.conllu	Casasnovas2006:0:0:23	3	usika	2	2	ccomp	advcl
fold-8	test-8.conllu	test-8.out.conllu	Casasnovas2006:0:0:23	6	manha	3	3	nsubj	obj
fold-8	test-8.conllu	test-8.out.conllu	Rodrigues1890:1-1-8:13:13	7	tatawasú	6	8	obj	nmod:poss
fold-8	test-8.conllu	test-8.out.conllu	Rodrigues1890:1-1-8:13:13	10	uwapika	6	6	parataxis	ccomp
fold-8	test-8.conllu	test-8.out.conllu	Rodrigues1890:1-1-8:13:13	22	tatapunha	21	23	obj	nsubj
fold-8	test-8.conllu	test-8.out.conllu	Rodrigues1890:1-1-8:13:13	23	umburi	21	21	parataxis	ccomp
fold-8	test-8.conllu	test-8.out.conllu	Rodrigues1890:1-1-8:13:13	31	pitima	29	32	obj	nmod:poss
fold-8	test-8.conllu	test-8.out.conllu	Rodrigues1890:1-1-8:13:13	32	apigawa	33	29	nsubj	obj
fold-8	test-8.conllu	test-8.out.conllu	Rodrigues1890:1-1-8:13:13	34	waá	33	33	obj	nsubj
fold-8	test-8.conllu	test-8.out.conllu	Rodrigues1890:1-1-8:13:13	35	i	33	29	iobj	obl
fold-8	test-8.conllu	test-8.out.conllu	Rodrigues1890:1-2-4:103:103	3	Karã	2	2	vocative	obj
fold-8	test-8.conllu	test-8.out.conllu	Rodrigues1890:1-2-5:1:1	2	kunhã	6	6	nsubj	obl
fold-8	test-8.conllu	test-8.out.conllu	Magalhaes1876:1-14:0:600	3	Pedro	1	1	iobj	obl
fold-8	test-8.conllu	test-8.out.conllu	Amorim1928:21:227-228:227-228	13	tara-etá	8	14	obj	nsubj
fold-8	test-8.conllu	test-8.out.conllu	Amorim1928:21:227-228:227-228	17	upurasí	13	8	acl:relcl	parataxis
fold-8	test-8.conllu	test-8.out.conllu	Amorim1928:21:227-228:227-228	19	ara	17	17	obl	obj
fold-8	test-8.conllu	test-8.out.conllu	Amorim1928:21:227-228:227-228	23	nheẽ	22	22	goeswith	iobj
fold-8	test-8.conllu	test-8.out.conllu	Amorim1928:21:227-228:227-228	29	mi	30	22	advmod	ccomp
fold-8	test-8.conllu	test-8.out.conllu	Amorim1928:21:227-228:227-228	30	xukúi	22	29	ccomp	advmod
fold-8	test-8.conllu	test-8.out.conllu	Amorim1928:22:139:139	10	usemu	3	3	advcl	parataxis
fold-8	test-8.conllu	test-8.out.conllu	Amorim1928:2:6:5006	3	sikú	12	4	advcl	nsubj
fold-8	test-8.conllu	test-8.out.conllu	Amorim1928:2:6:5006	4	upurasí	3	12	csubj	advcl
fold-8	test-8.conllu	test-8.out.conllu	Amorim1928:2:6:5006	5	pituna	4	8	obj	nmod:poss
fold-8	test-8.conllu	test-8.out.conllu	Amorim1928:2:6:5006	14	remiré	12	12	obl	obj
fold-8	test-8.conllu	test-8.out.conllu	Amorim1928:2:6:5006	15	aetá	14	12	goeswith	obl
fold-8	test-8.conllu	test-8.out.conllu	Amorim1928:6-1:350:350	6	kirirí	5	5	advcl	xcomp
fold-8	test-8.conllu	test-8.out.conllu	Amorim1928:6-1:350:350	8	nheenga	5	6	obj	nsubj
fold-8	test-8.conllu	test-8.out.conllu	Amorim1928:6-1:350:350	31	piá	32	27	nsubj	obj
fold-8	test-8.conllu	test-8.out.conllu	Amorim1928:6-1:350:350	32	apekatú	27	27	advcl	advmod
fold-8	test-8.conllu	test-8.out.conllu	Amorim1928:10:150:150	6	apekatú	2	11	parataxis	advmod
fold-8	test-8.conllu	test-8.out.conllu	Amorim1928:10:150:150	9	uikú	6	11	cop	aux
fold-8	test-8.conllu	test-8.out.conllu	Amorim1928:10:150:150	20	unheẽ	11	12	advcl	parataxis
fold-8	test-8.conllu	test-8.out.conllu	Amorim1928:10:150:150	29	piá	23	27	nsubj	obj
fold-8	test-8.conllu	test-8.out.conllu	Amorim1928:13:39:39	5	i	4	4	obl	iobj
fold-8	test-8.conllu	test-8.out.conllu	Amorim1928:29:21:21	9	amurupí	12	12	xcomp	advmod
fold-8	test-8.conllu	test-8.out.conllu	Amorim1928:29:21:21	14	puranga	9	7	conj	parataxis
fold-8	test-8.conllu	test-8.out.conllu	Hartt1938:0:0:19	2	maã	3	3	obj	nsubj
fold-8	test-8.conllu	test-8.out.conllu	Hartt1938:0:0:19	4	ixéu	3	3	iobj	obj
fold-8	test-8.conllu	test-8.out.conllu	Hartt1938:0:0:28	1	Mamé	4	0	advmod	root
fold-8	test-8.conllu	test-8.out.conllu	Hartt1938:0:0:28	4	retama	0	1	root	nsubj
fold-8	test-8.conllu	test-8.out.conllu	Hartt1938:0:0:96	2	murumurú	3	1	nmod:poss	obj
fold-8	test-8.conllu	test-8.out.conllu	Hartt1938:0:0:132	2	yawara	1	1	vocative	obj
fold-8	test-8.conllu	test-8.out.conllu	Hartt1938:0:0:173	4	pú	6	2	nmod	acl:relcl
fold-8	test-8.conllu	test-8.out.conllu	Hartt1938:0:0:173	6	waá	2	4	obl	nsubj
fold-8	test-8.conllu	test-8.out.conllu	Hartt1938:0:0:179	5	mimbira	1	1	obj	nsubj
fold-8	test-8.conllu	test-8.out.conllu	Hartt1938:0:0:190	3	kunhamukú	2	4	obj	nmod:poss
fold-8	test-8.conllu	test-8.out.conllu	Hartt1938:0:0:190	8	nhũ	2	2	parataxis	advmod
fold-8	test-8.conllu	test-8.out.conllu	Hartt1938:0:0:202-1	2	maã	3	3	obj	nsubj
fold-8	test-8.conllu	test-8.out.conllu	Hartt1938:0:0:315	3	i	4	4	expl	nsubj
fold-8	test-8.conllu	test-8.out.conllu	Hartt1938:0:0:356	2	akayú	5	5	obl	nsubj
fold-8	test-8.conllu	test-8.out.conllu	Hartt1938:0:0:433	4	kapína	2	5	obj	nsubj
fold-8	test-8.conllu	test-8.out.conllu	Hartt1938:0:0:544	4	marupí	0	6	root	advmod
fold-8	test-8.conllu	test-8.out.conllu	Hartt1938:0:0:544	6	usemu	4	0	advcl:relcl	root
fold-8	test-8.conllu	test-8.out.conllu	Hartt1938:0:0:658	1	Xayumué	3	0	xcomp	root
fold-8	test-8.conllu	test-8.out.conllu	Hartt1938:0:0:658	3	putari	0	1	root	parataxis
fold-8	test-8.conllu	test-8.out.conllu	Hartt1938:0:0:658	7	yapurasái	5	5	conj	advcl
fold-8	test-8.conllu	test-8.out.conllu	Hartt1938:0:0:683	13	unheẽ	11	11	ccomp	parataxis
fold-8	test-8.conllu	test-8.out.conllu	Hartt1938:0:0:684	8	nheenga	5	5	advcl	obl
fold-8	test-8.conllu	test-8.out.conllu	Hartt1938:0:0:720	9	remawa	5	4	appos	obj
fold-8	test-8.conllu	test-8.out.conllu	Costa1909:1:55:55	5	maã	6	6	obj	nsubj
fold-9	test-9.conllu	test-9.out.conllu	MooreFP1994:0:0:17	4	waá	2	3	obj	nsubj
fold-9	test-9.conllu	test-9.out.conllu	MooreFP1994:0:0:20	2	timbiú	1	3	obj	nmod:poss
fold-9	test-9.conllu	test-9.out.conllu	MooreFP1994:0:0:20	3	apigawa	4	1	nsubj	obj
fold-9	test-9.conllu	test-9.out.conllu	MooreFP1994:0:0:20	4	uú	2	1	acl	advcl
fold-9	test-9.conllu	test-9.out.conllu	MooreFP1994:0:0:39	5	amaã	4	4	ccomp	xcomp
fold-9	test-9.conllu	test-9.out.conllu	Alencar2021:0:0:54	3	ne	4	4	expl	nsubj
fold-9	test-9.conllu	test-9.out.conllu	Alencar2021:0:0:55	3	ne	4	4	expl	nsubj
fold-9	test-9.conllu	test-9.out.conllu	Navarro2016:0:0:33	2	pisasú	3	0	amod	root
fold-9	test-9.conllu	test-9.out.conllu	Navarro2016:0:0:33	4	usika	0	2	root	parataxis
fold-9	test-9.conllu	test-9.out.conllu	Navarro2016:0:0:60	4	wirandé	2	2	obl	advmod
fold-9	test-9.conllu	test-9.out.conllu	Navarro2016:3:8:97	4	akayú	2	2	obl	obj
fold-9	test-9.conllu	test-9.out.conllu	Navarro2016:0:0:154	3	igara	1	4	nsubj	nmod:poss
fold-9	test-9.conllu	test-9.out.conllu	Navarro2016:4:3:170	12	uikú	15	8	cop	aux
fold-9	test-9.conllu	test-9.out.conllu	Navarro2016:4:3:170	15	rembiwa	10	8	acl:relcl	obl
fold-9	test-9.conllu	test-9.out.conllu	Navarro2016:0:0:186	3	mimbira	6	4	obj	nmod:poss
fold-9	test-9.conllu	test-9.out.conllu	Navarro2016:0:0:186	4	waá	3	1	nmod:poss	nsubj
fold-9	test-9.conllu	test-9.out.conllu	Navarro2016:0:0:186	6	remaã	1	0	acl:relcl	root
fold-9	test-9.conllu	test-9.out.conllu	Navarro2016:0:0:186	8	usú	0	6	root	parataxis
fold-9	test-9.conllu	test-9.out.conllu	Avila2021:0:0:46	7	yawareté	4	4	nsubj	obj
fold-9	test-9.conllu	test-9.out.conllu	Avila2021:0:0:46	20	yawareté	18	18	nsubj	obj
fold-9	test-9.conllu	test-9.out.conllu	Avila2021:9:2:59	5	ruái	1	7	vocative	nmod:poss
fold-9	test-9.conllu	test-9.out.conllu	Avila2021:9:2:59	7	uka	1	1	ccomp	obl
fold-9	test-9.conllu	test-9.out.conllu	Avila2021:9:2:59	11	uikú	7	1	cop	aux
fold-9	test-9.conllu	test-9.out.conllu	Avila2021:0:0:86	2	wirá	3	3	dislocated	nsubj
fold-9	test-9.conllu	test-9.out.conllu	Avila2021:0:0:86	4	aintá	3	5	obj	nsubj
fold-9	test-9.conllu	test-9.out.conllu	Avila2021:0:0:86	5	iwasuíma	3	3	advmod	ccomp
fold-9	test-9.conllu	test-9.out.conllu	Avila2021:0:0:102	5	uyukwáu	11	0	advcl	root
fold-9	test-9.conllu	test-9.out.conllu	Avila2021:0:0:102	6	mira	5	5	nsubj	obj
fold-9	test-9.conllu	test-9.out.conllu	Avila2021:0:0:102	11	pembeú	0	5	root	parataxis
fold-9	test-9.conllu	test-9.out.conllu	Avila2021:0:0:107	3	mayé	5	12	det	advmod
fold-9	test-9.conllu	test-9.out.conllu	Avila2021:0:0:107	5	kwá	12	3	dislocated	nsubj
fold-9	test-9.conllu	test-9.out.conllu	Avila2021:0:0:180	5	tetama	1	1	iobj	obl
fold-9	test-9.conllu	test-9.out.conllu	Avila2021:0:0:189	17	aé	18	16	nsubj	obj
fold-9	test-9.conllu	test-9.out.conllu	Avila2021:0:0:189	18	umendari	16	16	ccomp	advcl
fold-9	test-9.conllu	test-9.out.conllu	Avila2021:0:0:203	5	ixé	7	7	expl	nsubj
fold-9	test-9.conllu	test-9.out.conllu	Avila2021:0:0:203	6	se	7	7	nsubj	expl
fold-9	test-9.conllu	test-9.out.conllu	Avila2021:0:0:239	3	Paulo	1	5	appos	nmod
fold-9	test-9.conllu	test-9.out.conllu	Avila2021:0:0:243	4	i	5	5	nsubj	expl
fold-9	test-9.conllu	test-9.out.conllu	Avila2021:0:0:243	5	akanhemu	6	0	advcl	root
fold-9	test-9.conllu	test-9.out.conllu	Avila2021:0:0:243	6	usikari	0	5	root	parataxis
fold-9	test-9.conllu	test-9.out.conllu	Avila2021:0:0:243	16	uyana	13	13	parataxis	advcl
fold-9	test-9.conllu	test-9.out.conllu	Avila2021:0:0:243	18	usika	16	16	advcl	parataxis
fold-9	test-9.conllu	test-9.out.conllu	Avila2021:0:0:252	4	pirá	3	5	obj	nmod:poss
fold-9	test-9.conllu	test-9.out.conllu	Avila2021:0:0:252	5	kiinha-ima	4	3	nmod	obj
fold-9	test-9.conllu	test-9.out.conllu	Avila2021:0:0:267	17	simutara	10	10	obl	parataxis
fold-9	test-9.conllu	test-9.out.conllu	Avila2021:0:0:299	8	nheenga	3	12	xcomp	ccomp
fold-9	test-9.conllu	test-9.out.conllu	Avila2021:0:0:299	11	ta	12	12	nsubj	expl
fold-9	test-9.conllu	test-9.out.conllu	Avila2021:0:0:299	15	nheenga	12	16	obj	nmod:poss
fold-9	test-9.conllu	test-9.out.conllu	Avila2021:0:0:318	1	Kunhã-itá	4	4	vocative	nsubj
fold-9	test-9.conllu	test-9.out.conllu	Avila2021:0:0:343	2	ara	3	4	nmod:poss	obl
fold-9	test-9.conllu	test-9.out.conllu	Avila2021:0:0:343	4	uyukwáu	13	0	advcl	root
fold-9	test-9.conllu	test-9.out.conllu	Avila2021:0:0:343	13	rupitá	0	4	root	obl
fold-9	test-9.conllu	test-9.out.conllu	Avila2021:0:0:349	6	kunhamukú	5	5	acl	amod
fold-9	test-9.conllu	test-9.out.conllu	Avila2021:0:0:366	8	ukupiri	4	4	conj	parataxis
fold-9	test-9.conllu	test-9.out.conllu	Avila2021:0:0:366	17	saixú	15	19	obj	nsubj
fold-9	test-9.conllu	test-9.out.conllu	Avila2021:0:0:404	5	apigawa	6	3	nsubj	obj
fold-9	test-9.conllu	test-9.out.conllu	Avila2021:0:0:404	6	usasá	4	5	advcl:relcl	acl:relcl
fold-9	test-9.conllu	test-9.out.conllu	Avila2021:0:0:404	8	waá	6	6	obl	obj
fold-9	test-9.conllu	test-9.out.conllu	Avila2021:0:0:419	8	mira-itá	5	9	dislocated	nmod:poss
fold-9	test-9.conllu	test-9.out.conllu	Avila2021:0:0:419	10	usuú	8	5	acl:relcl	parataxis
fold-9	test-9.conllu	test-9.out.conllu	Avila2021:0:0:419	12	waá-itá	10	10	obj	nsubj
fold-9	test-9.conllu	test-9.out.conllu	Avila2021:0:0:419	14	nhaã	15	15	nsubj	det
fold-9	test-9.conllu	test-9.out.conllu	Avila2021:0:0:419	15	supí	5	10	ccomp	obj
fold-9	test-9.conllu	test-9.out.conllu	Avila2021:0:0:423	11	umayana	5	5	advcl	parataxis
fold-9	test-9.conllu	test-9.out.conllu	Avila2021:0:0:440	4	pirá	3	5	obj	nmod:poss
fold-9	test-9.conllu	test-9.out.conllu	Avila2021:0:0:440	5	warakú	4	6	nmod	nsubj
fold-9	test-9.conllu	test-9.out.conllu	Avila2021:0:0:440	6	mukaẽ	4	3	acl	xcomp
fold-9	test-9.conllu	test-9.out.conllu	Avila2021:0:0:488	1	Buopé	8	8	vocative	nsubj
fold-9	test-9.conllu	test-9.out.conllu	Avila2021:0:0:513	3	ne	4	4	obj	nsubj
fold-9	test-9.conllu	test-9.out.conllu	Avila2021:0:0:515	1	Se	2	2	obj	nsubj
fold-9	test-9.conllu	test-9.out.conllu	Avila2021:0:0:540	1	Awá	9	9	dislocated	nsubj
fold-9	test-9.conllu	test-9.out.conllu	Avila2021:0:0:540	19	umuatiri	13	9	acl:relcl	parataxis
fold-9	test-9.conllu	test-9.out.conllu	Avila2021:0:0:540	21	aintá	22	19	nsubj	obj
fold-9	test-9.conllu	test-9.out.conllu	Avila2021:0:0:540	27	usapí	24	9	acl:relcl	parataxis
fold-9	test-9.conllu	test-9.out.conllu	Avila2021:0:0:541	3	kurupira	5	2	nsubj	obj
fold-9	test-9.conllu	test-9.out.conllu	Avila2021:0:0:541	4	i	5	5	expl	nsubj
fold-9	test-9.conllu	test-9.out.conllu	Avila2021:0:0:543	7	apukuitawa	5	4	conj	obj
fold-9	test-9.conllu	test-9.out.conllu	Avila2021:0:0:562	1	Kunhã	6	6	vocative	nsubj
fold-9	test-9.conllu	test-9.out.conllu	Avila2021:0:0:562	12	renheẽ	11	11	csubj	parataxis
fold-9	test-9.conllu	test-9.out.conllu	Avila2021:0:0:562	14	manha	12	12	iobj	obl
fold-9	test-9.conllu	test-9.out.conllu	Avila2021:0:0:562	18	paya	14	12	conj	obl
fold-9	test-9.conllu	test-9.out.conllu	Avila2021:0:0:566	3	umaã	9	0	advcl	root
fold-9	test-9.conllu	test-9.out.conllu	Avila2021:0:0:566	9	umunhã	0	3	root	parataxis
fold-9	test-9.conllu	test-9.out.conllu	Avila2021:0:0:566	15	piranga	12	9	conj	acl:relcl
fold-9	test-9.conllu	test-9.out.conllu	Avila2021:0:0:566	18	pixuna	12	15	conj	acl:relcl
fold-9	test-9.conllu	test-9.out.conllu	Avila2021:0:0:566	22	tawá	12	18	conj	parataxis
fold-9	test-9.conllu	test-9.out.conllu	Avila2021:0:0:566	25	umusangawa	9	22	advcl	ccomp
fold-9	test-9.conllu	test-9.out.conllu	Avila2021:0:0:566	41	apiaká	38	37	conj	obl
fold-9	test-9.conllu	test-9.out.conllu	Avila2021:0:0:566	44	mawé	38	37	conj	obl
fold-9	test-9.conllu	test-9.out.conllu	Avila2021:0:0:566	47	arara	38	37	conj	obl
fold-9	test-9.conllu	test-9.out.conllu	Avila2021:0:0:584	5	uganani	3	3	parataxis	xcomp
fold-9	test-9.conllu	test-9.out.conllu	Avila2021:0:0:586	7	uyukwakú	5	5	ccomp	parataxis
fold-9	test-9.conllu	test-9.out.conllu	Avila2021:0:0:610	4	tuwí	3	3	nsubj	obj
fold-9	test-9.conllu	test-9.out.conllu	Avila2021:0:0:610	16	maasí	12	12	parataxis	obl
fold-9	test-9.conllu	test-9.out.conllu	Avila2021:0:0:623	7	mawaku	6	8	obj	nmod:poss
fold-9	test-9.conllu	test-9.out.conllu	Avila2021:0:0:643	9	amunhã	7	7	ccomp	xcomp
fold-9	test-9.conllu	test-9.out.conllu	Avila2021:0:0:661	4	amanú	3	3	ccomp	xcomp
fold-9	test-9.conllu	test-9.out.conllu	Avila2021:0:0:661	8	rimutara	9	9	obl	nsubj
fold-9	test-9.conllu	test-9.out.conllu	Avila2021:0:0:667	1	Itakamutí	0	7	root	obl
fold-9	test-9.conllu	test-9.out.conllu	Avila2021:0:0:667	6	pitangé	1	7	vocative	nsubj
fold-9	test-9.conllu	test-9.out.conllu	Avila2021:0:0:667	7	puranga	6	0	amod	root
fold-9	test-9.conllu	test-9.out.conllu	Avila2021:0:0:681	2	apukuitawa	3	3	obj	nsubj
fold-9	test-9.conllu	test-9.out.conllu	NTLN2019:2:12:23	6	aintá	7	7	expl	nsubj
fold-9	test-9.conllu	test-9.out.conllu	NTLN2019:2:12:23	14	umbeú	12	13	xcomp	acl:relcl
fold-9	test-9.conllu	test-9.out.conllu	NTLN2019:2:12:23	15	yawewara	14	14	ccomp	advmod
fold-9	test-9.conllu	test-9.out.conllu	NTLN2019:2:12:23	16	waá	15	14	fixed	nsubj
fold-9	test-9.conllu	test-9.out.conllu	NTLN2019:2:12:23	19	uikú	15	12	cop	aux
fold-9	test-9.conllu	test-9.out.conllu	NTLN2019:2:12:23	21	Kristu	15	12	nsubj	obj
fold-9	test-9.conllu	test-9.out.conllu	NTLN2019:2:12:23	35	umaã	33	31	parataxis	xcomp
fold-9	test-9.conllu	test-9.out.conllu	NTLN2019:0:0:25	14	aintá	15	13	nsubj	obj
fold-9	test-9.conllu	test-9.out.conllu	NTLN2019:3:1:28	9	iyá	8	10	obj	nmod:poss
fold-9	test-9.conllu	test-9.out.conllu	NTLN2019:3:1:28	10	patawá	9	8	nmod	obj
fold-9	test-9.conllu	test-9.out.conllu	NTLN2019:3:2:29	6	iyá	5	7	obj	nmod:poss
fold-9	test-9.conllu	test-9.out.conllu	NTLN2019:3:2:29	7	kukura	6	5	nmod	obj
fold-9	test-9.conllu	test-9.out.conllu	NTLN2019:5:4:40	10	umukaturu	2	2	conj	advcl
fold-9	test-9.conllu	test-9.out.conllu	NTLN2019:0:0:44	11	indé	9	9	nsubj	obj
fold-9	test-9.conllu	test-9.out.conllu	NTLN2019:0:0:44	12	tuixawa	9	13	vocative	nmod:poss
fold-9	test-9.conllu	test-9.out.conllu	NTLN2019:0:0:44	13	Agripa	12	9	flat	obj
fold-9	test-9.conllu	test-9.out.conllu	NTLN2019:0:0:44	18	suaxara	15	27	obl	case
fold-9	test-9.conllu	test-9.out.conllu	NTLN2019:0:0:44	19	kwá	15	27	dislocated	nsubj
fold-9	test-9.conllu	test-9.out.conllu	NTLN2019:0:0:44	27	judeu-itá	21	15	dislocated	obj
fold-9	test-9.conllu	test-9.out.conllu	NTLN2019:0:0:54	4	ukwawasawa	5	3	nsubj	ccomp
fold-9	test-9.conllu	test-9.out.conllu	NTLN2019:0:0:54	5	usemu	3	4	ccomp	xcomp
fold-9	test-9.conllu	test-9.out.conllu	Cruz2011:0:0:9	4	anama-itá	1	6	appos	nmod:poss
fold-9	test-9.conllu	test-9.out.conllu	Cruz2011:0:0:13	3	akwá	6	0	ccomp	root
fold-9	test-9.conllu	test-9.out.conllu	Cruz2011:0:0:13	6	unheẽ	0	3	root	parataxis
fold-9	test-9.conllu	test-9.out.conllu	Cruz2011:0:0:20	5	Umbaá	2	10	ccomp	advmod
fold-9	test-9.conllu	test-9.out.conllu	Cruz2011:0:0:20	10	pekuntari	5	2	parataxis	ccomp
fold-9	test-9.conllu	test-9.out.conllu	Cruz2011:0:0:34	2	uyuíri	1	1	xcomp	parataxis
fold-9	test-9.conllu	test-9.out.conllu	Cruz2011:0:0:34	4	uyuíri	3	3	advcl:relcl	acl:relcl
fold-9	test-9.conllu	test-9.out.conllu	Cruz2011:0:0:34	5	waá	4	4	obl	nsubj
fold-9	test-9.conllu	test-9.out.conllu	Cruz2011:0:0:34	7	kawa	4	4	nsubj	obj
fold-9	test-9.conllu	test-9.out.conllu	Cruz2011:0:0:43	2	maã	3	3	obj	nsubj
fold-9	test-9.conllu	test-9.out.conllu	Cruz2011:0:0:48	5	pukusá	2	1	nmod	obl
fold-9	test-9.conllu	test-9.out.conllu	Cruz2011:0:0:85	3	kwera	4	4	obj	nsubj
fold-9	test-9.conllu	test-9.out.conllu	Cruz2011:0:0:103	2	história	3	3	obj	nsubj
fold-9	test-9.conllu	test-9.out.conllu	Cruz2011:0:0:111	1	Nẽ	3	3	nsubj	advmod
fold-9	test-9.conllu	test-9.out.conllu	Cruz2011:0:0:111	2	maã	1	3	fixed	nsubj
fold-9	test-9.conllu	test-9.out.conllu	Cruz2011:0:0:113	2	Kuíri	6	6	ccomp	advmod
fold-9	test-9.conllu	test-9.out.conllu	Cruz2011:0:0:121	1	Sandália	4	0	obj	root
fold-9	test-9.conllu	test-9.out.conllu	Cruz2011:0:0:121	4	urikú	0	1	root	acl:relcl
fold-9	test-9.conllu	test-9.out.conllu	Cruz2011:0:0:138	4	puranga	3	2	advcl:relcl	acl:relcl
fold-9	test-9.conllu	test-9.out.conllu	Cruz2011:0:0:138	5	waá	4	4	obl	nsubj
fold-9	test-9.conllu	test-9.out.conllu	Casasnovas2006:2:10:24	9	sasisawa	10	10	obj	nsubj
fold-9	test-9.conllu	test-9.out.conllu	Casasnovas2006:2:10:24	12	perewa	10	10	nsubj	obj
fold-9	test-9.conllu	test-9.out.conllu	Casasnovas2006:4:5:40	7	umaã	12	0	advcl	root
fold-9	test-9.conllu	test-9.out.conllu	Casasnovas2006:4:5:40	10	ipí	7	7	ccomp	obl
fold-9	test-9.conllu	test-9.out.conllu	Casasnovas2006:4:5:40	12	sukuriú	0	7	root	obj
fold-9	test-9.conllu	test-9.out.conllu	Casasnovas2006:5:4:52	3	unupá	10	0	advcl	root
fold-9	test-9.conllu	test-9.out.conllu	Casasnovas2006:5:4:52	10	uxari	0	3	root	parataxis
fold-9	test-9.conllu	test-9.out.conllu	Casasnovas2006:5:4:52	11	mirá-piranga	12	10	nsubj	obj
fold-9	test-9.conllu	test-9.out.conllu	Casasnovas2006:5:4:52	12	uyenú	10	10	ccomp	parataxis
fold-9	test-9.conllu	test-9.out.conllu	Casasnovas2006:8:6:74	6	unheẽ	1	1	advcl	parataxis
fold-9	test-9.conllu	test-9.out.conllu	Casasnovas2006:8:8:76	7	yawaratewasú-itá	6	6	obj	xcomp
fold-9	test-9.conllu	test-9.out.conllu	Casasnovas2006:9:32:116	6	usendú	18	0	advcl	root
fold-9	test-9.conllu	test-9.out.conllu	Casasnovas2006:9:32:116	18	usemu	0	10	root	parataxis
fold-9	test-9.conllu	test-9.out.conllu	Casasnovas2006:11:15:146	8	iwaté	7	7	advcl	ccomp
fold-9	test-9.conllu	test-9.out.conllu	Casasnovas2006:11:15:146	27	uyuíri	28	26	advcl:relcl	acl:relcl
fold-9	test-9.conllu	test-9.out.conllu	Casasnovas2006:11:15:146	28	waá	21	27	obl	nsubj
fold-9	test-9.conllu	test-9.out.conllu	Casasnovas2006:12:6:172	12	kunhamukú	10	10	xcomp	obj
fold-9	test-9.conllu	test-9.out.conllu	Casasnovas2006:12:6:172	15	puranga	13	10	conj	parataxis
fold-9	test-9.conllu	test-9.out.conllu	Casasnovas2006:0:0:27	4	ara	2	2	obl	obj
fold-9	test-9.conllu	test-9.out.conllu	Rodrigues1890:1-1-1:11:101	7	mayé	6	15	fixed	advmod
fold-9	test-9.conllu	test-9.out.conllu	Rodrigues1890:1-1-1:11:101	8	katú	0	15	root	advmod
fold-9	test-9.conllu	test-9.out.conllu	Rodrigues1890:1-1-1:11:101	15	resasawa	8	0	parataxis	root
fold-9	test-9.conllu	test-9.out.conllu	Rodrigues1890:1-1-3:1:101	5	ximirikú	4	6	obj	nmod:poss
fold-9	test-9.conllu	test-9.out.conllu	Rodrigues1890:1-1-3:1:101	6	taíra	5	4	conj	obj
fold-9	test-9.conllu	test-9.out.conllu	Rodrigues1890:1-1-8:3:3	7	Kurupira	2	2	nsubj	obj
fold-9	test-9.conllu	test-9.out.conllu	Rodrigues1890:1-1-8:12:12	7	munuka	2	2	parataxis	xcomp
fold-9	test-9.conllu	test-9.out.conllu	Rodrigues1890:1-1-8:14:14	4	reruri	13	0	advcl	root
fold-9	test-9.conllu	test-9.out.conllu	Rodrigues1890:1-1-8:14:14	6	ixé	4	4	iobj	obl
fold-9	test-9.conllu	test-9.out.conllu	Rodrigues1890:1-1-8:14:14	10	petuna	4	4	obl	vocative
fold-9	test-9.conllu	test-9.out.conllu	Rodrigues1890:1-1-8:14:14	13	xamukaturu	0	4	root	parataxis
fold-9	test-9.conllu	test-9.out.conllu	Rodrigues1890:1-1-8:14:14	18	reputari	17	13	acl:relcl	ccomp
fold-9	test-9.conllu	test-9.out.conllu	Rodrigues1890:1-1-9:101:101	6	aú	5	5	xcomp	parataxis
fold-9	test-9.conllu	test-9.out.conllu	Rodrigues1890:1-2-3:501:501	9	kunhã	6	4	appos	parataxis
fold-9	test-9.conllu	test-9.out.conllu	Rodrigues1890:1-2-3:501:501	12	apigawa	9	9	conj	nsubj
fold-9	test-9.conllu	test-9.out.conllu	Rodrigues1890:1-2-4:70:70	10	xayuri	9	9	xcomp	ccomp
fold-9	test-9.conllu	test-9.out.conllu	Stradelli1929:0:0:100	4	tupauku	5	5	obl	nsubj
fold-9	test-9.conllu	test-9.out.conllu	Stradelli1929:0:0:105	4	retama	5	5	obl	nsubj
fold-9	test-9.conllu	test-9.out.conllu	Magalhaes1876:2-19:3:103	3	teapú	0	5	root	nsubj
fold-9	test-9.conllu	test-9.out.conllu	Magalhaes1876:2-19:3:103	5	kaá	3	0	nmod	root
fold-9	test-9.conllu	test-9.out.conllu	Magalhaes1876:1:17:17	4	yuí-itá	2	2	obl	nmod
fold-9	test-9.conllu	test-9.out.conllu	Magalhaes1876:2:26:69	6	iné	5	5	iobj	obl
fold-9	test-9.conllu	test-9.out.conllu	Magalhaes1876:2:26:69	17	umunhã	12	14	ccomp	acl:relcl
fold-9	test-9.conllu	test-9.out.conllu	Magalhaes1876:2:26:69	18	indé	17	17	obl	iobj
fold-9	test-9.conllu	test-9.out.conllu	Magalhaes1876:2:41:84	6	Tupana	12	3	obl	ccomp
fold-9	test-9.conllu	test-9.out.conllu	Magalhaes1876:2:41:84	10	yautí	12	6	vocative	conj
fold-9	test-9.conllu	test-9.out.conllu	Magalhaes1876:2:41:84	12	rexari	3	6	ccomp	parataxis
fold-9	test-9.conllu	test-9.out.conllu	Magalhaes1876:3:5:94	6	xamuĩ	5	5	ccomp	xcomp
fold-9	test-9.conllu	test-9.out.conllu	Magalhaes1876:3:5:94	8	indé	6	6	obl	iobj
fold-9	test-9.conllu	test-9.out.conllu	Magalhaes1876:5:4:4	5	Maã	2	7	ccomp	nsubj
fold-9	test-9.conllu	test-9.out.conllu	Magalhaes1876:5:4:4	7	xamunhã	5	2	acl:relcl	ccomp
fold-9	test-9.conllu	test-9.out.conllu	Magalhaes1876:5:4:4	9	indéu	7	7	iobj	obj
fold-9	test-9.conllu	test-9.out.conllu	Magalhaes1876:5:4:4	10	xasú	5	7	csubj	parataxis
fold-9	test-9.conllu	test-9.out.conllu	Amorim1928:21:206:1206	12	yandé	10	13	obj	nsubj
fold-9	test-9.conllu	test-9.out.conllu	Amorim1928:21:206:1206	13	sasiára	10	10	xcomp	ccomp
fold-9	test-9.conllu	test-9.out.conllu	Amorim1928:21:206:1206	15	maã	17	17	obj	nsubj
fold-9	test-9.conllu	test-9.out.conllu	Amorim1928:22:138:138	6	yamusurí	14	0	ccomp	root
fold-9	test-9.conllu	test-9.out.conllu	Amorim1928:22:138:138	14	unheẽ	0	6	root	parataxis
fold-9	test-9.conllu	test-9.out.conllu	Amorim1928:22:138:138	15	yakaré	14	14	iobj	obl
fold-9	test-9.conllu	test-9.out.conllu	Amorim1928:8:64:64	4	uyumasí	1	0	acl:relcl	root
fold-9	test-9.conllu	test-9.out.conllu	Amorim1928:8:64:64	5	waá	4	4	nsubj	obj
fold-9	test-9.conllu	test-9.out.conllu	Amorim1928:8:64:64	9	umaã	0	4	root	parataxis
fold-9	test-9.conllu	test-9.out.conllu	Amorim1928:8:64:64	10	tapurú	11	9	nmod:poss	obj
fold-9	test-9.conllu	test-9.out.conllu	Amorim1928:8:64:64	11	siiya	9	12	obj	nmod:poss
fold-9	test-9.conllu	test-9.out.conllu	Amorim1928:8:64:64	20	aintá	19	16	nmod	obl
fold-9	test-9.conllu	test-9.out.conllu	Amorim1928:2:140:5540	1	I	2	2	expl	nsubj
fold-9	test-9.conllu	test-9.out.conllu	Amorim1928:2:140:5540	4	yamunhã	2	2	csubj	ccomp
fold-9	test-9.conllu	test-9.out.conllu	Amorim1928:2:140:5540	6	aintá	4	4	obl	iobj
fold-9	test-9.conllu	test-9.out.conllu	Amorim1928:10:89:89	2	membí	4	4	dislocated	nsubj
fold-9	test-9.conllu	test-9.out.conllu	Amorim1928:13:41:41	1	Katú	0	6	root	advcl
fold-9	test-9.conllu	test-9.out.conllu	Amorim1928:13:41:41	6	pepurandú	1	0	csubj	root
fold-9	test-9.conllu	test-9.out.conllu	Amorim1928:13:41:41	8	nungara	7	6	goeswith	ccomp
fold-9	test-9.conllu	test-9.out.conllu	Amorim1928:17:23:23	8	upetepeteka	6	6	ccomp	parataxis
fold-9	test-9.conllu	test-9.out.conllu	Amorim1928:17:23:23	17	yawewira	16	15	nmod	obl
fold-9	test-9.conllu	test-9.out.conllu	Hartt1938:0:0:18	1	Muíri	0	3	root	nsubj
fold-9	test-9.conllu	test-9.out.conllu	Hartt1938:0:0:18	3	waruá	1	0	nsubj	root
fold-9	test-9.conllu	test-9.out.conllu	Hartt1938:0:0:26	2	rayera	5	5	dislocated	nsubj
fold-9	test-9.conllu	test-9.out.conllu	Hartt1938:0:0:26	4	i	5	5	expl	nmod:poss
fold-9	test-9.conllu	test-9.out.conllu	Hartt1938:0:0:115	3	sembiiwa	1	1	nsubj	obj
fold-9	test-9.conllu	test-9.out.conllu	Hartt1938:0:0:133	2	pixana	1	1	vocative	obj
fold-9	test-9.conllu	test-9.out.conllu	Hartt1938:0:0:332	1	Masekúi	0	3	root	advmod
fold-9	test-9.conllu	test-9.out.conllu	Hartt1938:0:0:332	3	wirapara	1	0	nsubj	root
fold-9	test-9.conllu	test-9.out.conllu	Hartt1938:0:0:395	5	sapukaya	1	1	nsubj	obj
fold-9	test-9.conllu	test-9.out.conllu	Hartt1938:0:0:436	10	yumuasí	4	6	parataxis	ccomp
fold-9	test-9.conllu	test-9.out.conllu	Hartt1938:0:0:439	3	é	2	2	dep	aux
fold-9	test-9.conllu	test-9.out.conllu	Hartt1938:0:0:517	4	xapewa	1	5	obj	nmod:poss
fold-9	test-9.conllu	test-9.out.conllu	Hartt1938:0:0:517	5	pinawa	4	1	nmod	obl
fold-9	test-9.conllu	test-9.out.conllu	Hartt1938:0:0:530	4	kamutí	5	5	obj	nsubj
fold-9	test-9.conllu	test-9.out.conllu	Hartt1938:0:0:564	1	I	2	2	expl	nsubj
fold-9	test-9.conllu	test-9.out.conllu	Hartt1938:0:0:603	2	wirané	6	6	obl	advmod
fold-9	test-9.conllu	test-9.out.conllu	Hartt1938:0:0:603	3	xaikú	6	6	cop	aux
fold-9	test-9.conllu	test-9.out.conllu	Hartt1938:0:0:643	3	í	1	1	obl	obj
fold-9	test-9.conllu	test-9.out.conllu	Hartt1938:0:0:643	5	remeẽ	1	1	advcl	parataxis
fold-9	test-9.conllu	test-9.out.conllu	Hartt1938:0:0:653	5	aíwa-aíwa	2	2	advcl	parataxis
fold-9	test-9.conllu	test-9.out.conllu	Hartt1938:0:0:711	2	apigawa	5	3	nsubj	nmod:poss
fold-9	test-9.conllu	test-9.out.conllu	Hartt1938:0:0:711	3	ara	5	5	obl	nsubj
fold-9	test-9.conllu	test-9.out.conllu	Hartt1938:0:0:741	2	maã	0	1	root	acl:relcl
fold-9	test-9.conllu	test-9.out.conllu	Hartt1938:0:0:741	4	uyuká	2	0	acl:relcl	root
fold-9	test-9.conllu	test-9.out.conllu	Aguiar1898:5:4:54	7	rurí	2	2	conj	parataxis
fold-9	test-9.conllu	test-9.out.conllu	Aguiar1898:5:4:54	8	arama	7	7	case	advmod
fold-9	test-9.conllu	test-9.out.conllu	Aguiar1898:5:4:54	10	ara	7	11	obl	nmod:poss
fold-9	test-9.conllu	test-9.out.conllu	Aguiar1898:5:4:54	14	Tupana	7	16	obl	nsubj
fold-9	test-9.conllu	test-9.out.conllu	Aguiar1898:5:4:54	16	Yara	14	7	appos	parataxis
fold-9	test-9.conllu	test-9.out.conllu	Aguiar1898:9:1:1001	2	Maria	5	5	vocative	nsubj
fold-9	test-9.conllu	test-9.out.conllu	Aguiar1898:9:1:1001	4	i	5	5	nsubj	expl
fold-9	test-9.conllu	test-9.out.conllu	Aguiar1898:9:1:1001	10	Yara	11	14	nsubj	vocative
fold-9	test-9.conllu	test-9.out.conllu	Aguiar1898:9:1:1001	11	ne	5	10	parataxis	nmod
fold-9	test-9.conllu	test-9.out.conllu	Aguiar1898:9:1:1001	16	iné	14	18	nsubj	det
fold-9	test-9.conllu	test-9.out.conllu	Aguiar1898:9:1:1001	22	yumumeú	14	14	parataxis	advcl
fold-9	test-9.conllu	test-9.out.conllu	Aguiar1898:9:1:1001	24	yuwá	22	22	nsubj	obj
fold-9	test-9.conllu	test-9.out.conllu	Aguiar1898:9:1:1001	26	marika	24	22	nmod	obl
fold-9	test-9.conllu	test-9.out.conllu	Aguiar1898:9:1:1001	29	Jesus	24	22	appos	conj
fold-9	test-9.conllu	test-9.out.conllu	Aguiar1898:21-1:1:145	5	iwaka	4	6	obj	nmod:poss
fold-9	test-9.conllu	test-9.out.conllu	Aguiar1898:21-3:1:155	10	ií-itá	5	14	nsubj	nmod:poss
fold-9	test-9.conllu	test-9.out.conllu	Aguiar1898:21-3:1:155	14	wira	10	5	acl:relcl	obl
fold-9	test-9.conllu	test-9.out.conllu	Aguiar1898:21-3:1:155	20	iwí	17	17	nsubj	obj
fold-9	test-9.conllu	test-9.out.conllu	Aguiar1898:21-7:1:182	6	iwí	5	3	conj	obj
fold-9	test-9.conllu	test-9.out.conllu	Aguiar1898:21-7:1:182	8	munhãsawa	3	3	nsubj	conj
fold-9	test-9.conllu	test-9.out.conllu	Aguiar1898:21-7:1:182	11	purangawa-itá	8	3	nmod	conj
fold-9	test-9.conllu	test-9.out.conllu	Leetra2015:4:2:2	5	usasemu	8	0	advcl	root
fold-9	test-9.conllu	test-9.out.conllu	Leetra2015:4:2:2	6	tapiira	8	5	nsubj	obj
fold-9	test-9.conllu	test-9.out.conllu	Leetra2015:4:2:2	8	nheengawasú	0	5	root	obj
fold-9	test-9.conllu	test-9.out.conllu	Leetra2015:4:2:2	12	nheenga	13	5	nsubj	conj
fold-9	test-9.conllu	test-9.out.conllu	Leetra2015:4:2:2	13	mirĩ	8	12	conj	amod
fold-9	test-9.conllu	test-9.out.conllu	Leetra2015:4:2:2	15	fiií	17	5	discourse	ccomp
fold-9	test-9.conllu	test-9.out.conllu	Leetra2015:4:2:2	17	mirĩ	13	5	parataxis	advmod
fold-9	test-9.conllu	test-9.out.conllu	Leetra2015:4:2:2	21	nheenga	17	5	nsubj	obj
fold-9	test-9.conllu	test-9.out.conllu	Leetra2015:4:2:2	22	puxa	23	23	ccomp	aux
fold-9	test-9.conllu	test-9.out.conllu	Leetra2015:4:2:2	23	unheẽ	13	5	parataxis	advcl
fold-9	test-9.conllu	test-9.out.conllu	Leetra2015:4:2:2	26	puranga	22	23	parataxis	ccomp
fold-9	test-9.conllu	test-9.out.conllu	Avila2021:0:0:735	16	colher	14	14	parataxis	conj
fold-10	test-10.conllu	test-10.out.conllu	MooreFP1994:0:0:2	2	maniáka	1	3	obj	nmod:poss
fold-10	test-10.conllu	test-10.out.conllu	MooreFP1994:0:0:22	4	i	5	3	expl	obj
fold-10	test-10.conllu	test-10.out.conllu	MooreFP1994:0:0:22	5	puxí	3	4	xcomp	amod
fold-10	test-10.conllu	test-10.out.conllu	MooreFP1994:0:0:22	8	umbeú	6	5	advcl:relcl	parataxis
fold-10	test-10.conllu	test-10.out.conllu	MooreFP1994:1:8:35	5	ayuíri	4	4	xcomp	ccomp
fold-10	test-10.conllu	test-10.out.conllu	Navarro2016:1:1:1	1	Puranga	2	0	amod	root
fold-10	test-10.conllu	test-10.out.conllu	Navarro2016:1:1:1	2	ara	0	1	root	nsubj
fold-10	test-10.conllu	test-10.out.conllu	Navarro2016:3:7:96	13	mimbira	9	9	iobj	obl
fold-10	test-10.conllu	test-10.out.conllu	Navarro2016:3:21:110	2	xirura	4	4	nsubj	nmod:poss
fold-10	test-10.conllu	test-10.out.conllu	Navarro2016:3:21:110	4	real	0	5	root	nsubj
fold-10	test-10.conllu	test-10.out.conllu	Navarro2016:3:21:110	5	yuíri	4	0	advmod	root
fold-10	test-10.conllu	test-10.out.conllu	Navarro2016:0:0:163	3	santá	0	2	root	amod
fold-10	test-10.conllu	test-10.out.conllu	Navarro2016:0:0:163	5	nhaã-itá	6	6	nsubj	det
fold-10	test-10.conllu	test-10.out.conllu	Navarro2016:0:0:163	6	membeka	3	0	parataxis	root
fold-10	test-10.conllu	test-10.out.conllu	Avila2021:0:0:27	9	pekwasawa	8	8	obj	parataxis
fold-10	test-10.conllu	test-10.out.conllu	Avila2021:0:0:27	16	waá	17	17	obj	nsubj
fold-10	test-10.conllu	test-10.out.conllu	Avila2021:0:0:69	3	pisá	2	2	obj	obl
fold-10	test-10.conllu	test-10.out.conllu	Avila2021:0:0:69	4	sesé	2	3	obl	case
fold-10	test-10.conllu	test-10.out.conllu	Avila2021:0:0:87	4	ixé	2	2	obl	iobj
fold-10	test-10.conllu	test-10.out.conllu	Avila2021:0:0:87	14	resá	16	16	dislocated	nsubj
fold-10	test-10.conllu	test-10.out.conllu	Avila2021:0:0:87	21	amukití	16	16	parataxis	advmod
fold-10	test-10.conllu	test-10.out.conllu	Avila2021:0:0:108	1	Mayé	6	6	nsubj	advmod
fold-10	test-10.conllu	test-10.out.conllu	Avila2021:0:0:108	2	waá	1	1	fixed	nsubj
fold-10	test-10.conllu	test-10.out.conllu	Avila2021:0:0:108	4	pe	1	1	nmod	obl
fold-10	test-10.conllu	test-10.out.conllu	Avila2021:0:0:144	8	pí	6	6	obl	iobj
fold-10	test-10.conllu	test-10.out.conllu	Avila2021:0:0:151	11	kapiĩ	9	9	nsubj	obj
fold-10	test-10.conllu	test-10.out.conllu	Avila2021:0:0:151	16	putira	14	14	nsubj	obj
fold-10	test-10.conllu	test-10.out.conllu	Avila2021:14:2:158	4	usú	1	0	advcl:relcl	root
fold-10	test-10.conllu	test-10.out.conllu	Avila2021:14:2:158	6	usú	0	4	root	parataxis
fold-10	test-10.conllu	test-10.out.conllu	Avila2021:19:1:181	6	ukarãi-karãi	4	4	xcomp	parataxis
fold-10	test-10.conllu	test-10.out.conllu	Avila2021:0:0:185	6	murasí	4	7	nsubj	nmod:poss
fold-10	test-10.conllu	test-10.out.conllu	Avila2021:0:0:233	6	marakaimbara	15	2	nsubj	conj
fold-10	test-10.conllu	test-10.out.conllu	Avila2021:0:0:233	11	ratá	6	8	conj	nsubj
fold-10	test-10.conllu	test-10.out.conllu	Avila2021:0:0:233	14	awá	6	15	conj	nsubj
fold-10	test-10.conllu	test-10.out.conllu	Avila2021:0:0:255	2	sawa-itá	3	3	obj	nsubj
fold-10	test-10.conllu	test-10.out.conllu	Avila2021:0:0:256	5	putiá	3	3	dislocated	obj
fold-10	test-10.conllu	test-10.out.conllu	Avila2021:0:0:316	9	kapĩtiwa	6	13	conj	obl
fold-10	test-10.conllu	test-10.out.conllu	Avila2021:0:0:316	13	tipiima	9	4	acl:relcl	conj
fold-10	test-10.conllu	test-10.out.conllu	Avila2021:0:0:320	3	marika	1	1	nsubj	obj
fold-10	test-10.conllu	test-10.out.conllu	Avila2021:0:0:337	11	amunhã	10	7	acl	advcl
fold-10	test-10.conllu	test-10.out.conllu	Avila2021:0:0:339	2	yawaraté	4	1	nsubj	obj
fold-10	test-10.conllu	test-10.out.conllu	Avila2021:0:0:350	3	tiapú	5	5	obj	nsubj
fold-10	test-10.conllu	test-10.out.conllu	Avila2021:32:1:374	7	uyari	6	6	parataxis	xcomp
fold-10	test-10.conllu	test-10.out.conllu	Avila2021:0:0:393	6	kirimbawasawa	4	8	obj	nmod:poss
fold-10	test-10.conllu	test-10.out.conllu	Avila2021:0:0:400	5	i	6	6	nsubj	expl
fold-10	test-10.conllu	test-10.out.conllu	Avila2021:0:0:457	8	wasaí-maniiwa	7	7	nsubj	obj
fold-10	test-10.conllu	test-10.out.conllu	Avila2021:0:0:457	13	karusu-itá	8	14	appos	nsubj
fold-10	test-10.conllu	test-10.out.conllu	Avila2021:0:0:457	14	uyuyutima	13	7	acl:relcl	parataxis
fold-10	test-10.conllu	test-10.out.conllu	Avila2021:0:0:460	5	aé	4	4	iobj	obj
fold-10	test-10.conllu	test-10.out.conllu	Avila2021:37:2:466	1	[...]	0	2	root	punct
fold-10	test-10.conllu	test-10.out.conllu	Avila2021:37:2:466	2	.	1	0	punct	root
fold-10	test-10.conllu	test-10.out.conllu	Avila2021:0:0:482	6	indé	5	5	obl	iobj
fold-10	test-10.conllu	test-10.out.conllu	Avila2021:40:1:486	9	Bitiro	5	13	xcomp	nmod:poss
fold-10	test-10.conllu	test-10.out.conllu	Avila2021:40:1:486	10	Ponta	9	13	flat	nmod:poss
fold-10	test-10.conllu	test-10.out.conllu	Avila2021:40:1:486	17	rera	9	5	appos	obj
fold-10	test-10.conllu	test-10.out.conllu	Avila2021:0:0:525	5	i	6	6	nsubj	expl
fold-10	test-10.conllu	test-10.out.conllu	Avila2021:0:0:525	6	puruã	4	4	parataxis	xcomp
fold-10	test-10.conllu	test-10.out.conllu	Avila2021:0:0:550	16	usika	14	14	advcl:relcl	advcl
fold-10	test-10.conllu	test-10.out.conllu	Avila2021:0:0:553	2	yasí	6	6	obl	nsubj
fold-10	test-10.conllu	test-10.out.conllu	Avila2021:0:0:553	11	umukameẽ	10	6	acl:relcl	parataxis
fold-10	test-10.conllu	test-10.out.conllu	Avila2021:0:0:560	5	ruayana	3	3	xcomp	obl
fold-10	test-10.conllu	test-10.out.conllu	Avila2021:0:0:645	5	wirandé	1	8	parataxis	advmod
fold-10	test-10.conllu	test-10.out.conllu	Avila2021:0:0:650	7	ara	5	8	nsubj	obl
fold-10	test-10.conllu	test-10.out.conllu	Avila2021:0:0:650	10	mendarisawa	8	11	nsubj	nmod:poss
fold-10	test-10.conllu	test-10.out.conllu	Avila2021:0:0:662	1	Siiya	0	2	root	nsubj
fold-10	test-10.conllu	test-10.out.conllu	Avila2021:0:0:662	2	kwá-itá	1	0	nsubj	root
fold-10	test-10.conllu	test-10.out.conllu	Avila2021:0:0:662	4	waá-itá	3	3	obj	nsubj
fold-10	test-10.conllu	test-10.out.conllu	Avila2021:0:0:662	7	muiriira	1	9	conj	nsubj
fold-10	test-10.conllu	test-10.out.conllu	Avila2021:0:0:662	8	aintá	7	9	nsubj	expl
fold-10	test-10.conllu	test-10.out.conllu	Avila2021:0:0:662	9	kwá-itá	7	2	dislocated	conj
fold-10	test-10.conllu	test-10.out.conllu	Avila2021:0:0:665	1	Yasú	6	0	advcl	root
fold-10	test-10.conllu	test-10.out.conllu	Avila2021:0:0:665	6	puranga	0	7	root	advmod
fold-10	test-10.conllu	test-10.out.conllu	Avila2021:0:0:665	7	yamunusuka	6	1	csubj	advcl
fold-10	test-10.conllu	test-10.out.conllu	NTLN2019:0:0:1	4	suiwara-itá	1	1	ccomp	obj
fold-10	test-10.conllu	test-10.out.conllu	NTLN2019:0:0:1	5	yandé	4	1	nsubj	obj
fold-10	test-10.conllu	test-10.out.conllu	NTLN2019:0:0:1	7	yakwawa	1	1	conj	parataxis
fold-10	test-10.conllu	test-10.out.conllu	NTLN2019:0:0:1	12	mundu	14	7	nsubj	obj
fold-10	test-10.conllu	test-10.out.conllu	NTLN2019:0:0:1	13	uikú	14	7	cop	aux
fold-10	test-10.conllu	test-10.out.conllu	NTLN2019:0:0:1	14	Yuruparí	7	7	ccomp	obl
fold-10	test-10.conllu	test-10.out.conllu	NTLN2019:7:1:45	8	kwá-itá	5	5	dislocated	iobj
fold-10	test-10.conllu	test-10.out.conllu	NTLN2019:7:1:45	20	kaseti	18	16	conj	obl
fold-10	test-10.conllu	test-10.out.conllu	NTLN2019:7:1:45	23	kwayé	16	16	advmod	conj
fold-10	test-10.conllu	test-10.out.conllu	NTLN2019:7-1-6:12:12-1	11	umunhã	10	2	acl	conj
fold-10	test-10.conllu	test-10.out.conllu	NTLN2019:7-1-6:12:12-1	12	puranga	2	11	conj	obj
fold-10	test-10.conllu	test-10.out.conllu	Cruz2011:0:0:23	3	waá	4	2	nmod:poss	nsubj
fold-10	test-10.conllu	test-10.out.conllu	Cruz2011:0:0:24	5	tuyu	6	7	acl:relcl	nsubj
fold-10	test-10.conllu	test-10.out.conllu	Cruz2011:0:0:24	7	raíra	3	3	nmod	acl:relcl
fold-10	test-10.conllu	test-10.out.conllu	Cruz2011:0:0:29	3	indé	0	4	root	nsubj
fold-10	test-10.conllu	test-10.out.conllu	Cruz2011:0:0:29	4	remanú	6	0	acl:relcl	root
fold-10	test-10.conllu	test-10.out.conllu	Cruz2011:0:0:40	2	aula	1	1	nsubj	obj
fold-10	test-10.conllu	test-10.out.conllu	Cruz2011:0:0:56	8	kaá	4	4	obj	nsubj
fold-10	test-10.conllu	test-10.out.conllu	Cruz2011:4:1:74	3	kwera	4	0	nsubj	root
fold-10	test-10.conllu	test-10.out.conllu	Cruz2011:4:1:74	4	aikwé	0	3	root	advmod
fold-10	test-10.conllu	test-10.out.conllu	Cruz2011:0:0:109	2	ixé	1	1	obl	iobj
fold-10	test-10.conllu	test-10.out.conllu	Casasnovas2006:2:5:19	5	umaã	4	4	parataxis	xcomp
fold-10	test-10.conllu	test-10.out.conllu	Casasnovas2006:2:8:22	2	waá	5	5	mark	obl
fold-10	test-10.conllu	test-10.out.conllu	Casasnovas2006:2:8:22	5	usarú	8	0	advcl	root
fold-10	test-10.conllu	test-10.out.conllu	Casasnovas2006:2:8:22	8	usaã	0	9	root	advcl
fold-10	test-10.conllu	test-10.out.conllu	Casasnovas2006:2:8:22	9	usuú	8	5	ccomp	parataxis
fold-10	test-10.conllu	test-10.out.conllu	Casasnovas2006:3:10:34	13	pirayawara	11	11	xcomp	obj
fold-10	test-10.conllu	test-10.out.conllu	Casasnovas2006:8:14:82	2	mira	3	3	dislocated	nsubj
fold-10	test-10.conllu	test-10.out.conllu	Casasnovas2006:8:14:82	17	yawaraté	16	16	xcomp	obj
fold-10	test-10.conllu	test-10.out.conllu	Casasnovas2006:9:7:91	4	ara	2	2	nsubj	obl
fold-10	test-10.conllu	test-10.out.conllu	Casasnovas2006:9:13:97	10	uyumimi	9	9	parataxis	xcomp
fold-10	test-10.conllu	test-10.out.conllu	Casasnovas2006:9:34:118	8	apigá	5	5	nsubj	obj
fold-10	test-10.conllu	test-10.out.conllu	Casasnovas2006:10:9:128	7	maã	6	8	fixed	obj
fold-10	test-10.conllu	test-10.out.conllu	Casasnovas2006:12:4:170	7	tuxawa	0	8	root	nsubj
fold-10	test-10.conllu	test-10.out.conllu	Casasnovas2006:12:4:170	8	ukwawa	7	0	acl:relcl	root
fold-10	test-10.conllu	test-10.out.conllu	Casasnovas2006:12:9:175	11	ta	12	10	expl	obj
fold-10	test-10.conllu	test-10.out.conllu	Casasnovas2006:7:12:12	2	Umbaá	6	6	ccomp	advmod
fold-10	test-10.conllu	test-10.out.conllu	Casasnovas2006:0:0:19	2	suú	1	7	nmod	nsubj
fold-10	test-10.conllu	test-10.out.conllu	Rodrigues1890:1-1-3:50:50	16	panemawasú	13	14	vocative	conj
fold-10	test-10.conllu	test-10.out.conllu	Rodrigues1890:1-1-7:4:4	9	kunawarú-etá	8	8	iobj	obl
fold-10	test-10.conllu	test-10.out.conllu	Rodrigues1890:1-1-7:4:4	13	Kunawarú	14	14	vocative	nsubj
fold-10	test-10.conllu	test-10.out.conllu	Rodrigues1890:1-1-7:4:4	24	ixé	23	23	iobj	obj
fold-10	test-10.conllu	test-10.out.conllu	Rodrigues1890:1-1-8:1:1000	2	apigawa	6	3	nsubj	nmod:poss
fold-10	test-10.conllu	test-10.out.conllu	Rodrigues1890:1-1-8:1:1000	6	puriaisúa	0	13	root	advmod
fold-10	test-10.conllu	test-10.out.conllu	Rodrigues1890:1-1-8:1:1000	13	usasawa	16	0	ccomp	root
fold-10	test-10.conllu	test-10.out.conllu	Rodrigues1890:1-1-8:1:1000	15	mayé	14	16	fixed	advmod
fold-10	test-10.conllu	test-10.out.conllu	Rodrigues1890:1-1-8:1:1000	16	ukwáu	6	13	conj	ccomp
fold-10	test-10.conllu	test-10.out.conllu	Rodrigues1890:1-1-8:1:1000	22	ukaamunú	18	18	xcomp	parataxis
fold-10	test-10.conllu	test-10.out.conllu	Rodrigues1890:1-1-8:1:1000	26	maã	27	27	obj	nsubj
fold-10	test-10.conllu	test-10.out.conllu	Rodrigues1890:1-1-8:1:1000	38	ukaamunú	32	32	xcomp	parataxis
fold-10	test-10.conllu	test-10.out.conllu	Rodrigues1890:1-1-8:1:1000	41	uyuká	38	38	parataxis	xcomp
fold-10	test-10.conllu	test-10.out.conllu	Rodrigues1890:1-2-3:734:734	10	usú	7	9	parataxis	xcomp
fold-10	test-10.conllu	test-10.out.conllu	Rodrigues1890:2-5:4:4	5	yú	6	4	nsubj	obj
fold-10	test-10.conllu	test-10.out.conllu	Rodrigues1890:2-5:4:4	11	xe	10	10	iobj	obl
fold-10	test-10.conllu	test-10.out.conllu	Rodrigues1890:2-5:4:4	14	pí	15	10	nmod:poss	obj
fold-10	test-10.conllu	test-10.out.conllu	Rodrigues1890:2-9:3:103	2	ruái	3	3	nmod:poss	nsubj
fold-10	test-10.conllu	test-10.out.conllu	Rodrigues1890:2-9:7:107	2	Xaikú	3	3	cop	aux
fold-10	test-10.conllu	test-10.out.conllu	Rodrigues1890:2-13:50:50	12	kamarara	7	7	obl	parataxis
fold-10	test-10.conllu	test-10.out.conllu	Rodrigues1890:2-13:50:50	18	xamunhã	16	17	parataxis	ccomp
fold-10	test-10.conllu	test-10.out.conllu	Rodrigues1890:2-15:20:20	6	purangasawa	2	2	nsubj	obj
fold-10	test-10.conllu	test-10.out.conllu	Stradelli1929:0:0:106	4	irumuára-etá	6	6	obl	nsubj
fold-10	test-10.conllu	test-10.out.conllu	Stradelli2014:0:0:1	5	mira	9	3	nsubj	obj
fold-10	test-10.conllu	test-10.out.conllu	Magalhaes1876:2-18:1:101	4	indé	3	3	iobj	obj
fold-10	test-10.conllu	test-10.out.conllu	Magalhaes1876:2-19:2:102	2	Pururuka	3	3	nmod:poss	nsubj
fold-10	test-10.conllu	test-10.out.conllu	Magalhaes1876:1:10:10	6	ara	7	2	nsubj	conj
fold-10	test-10.conllu	test-10.out.conllu	Magalhaes1876:1:10:10	7	nhũ	2	6	parataxis	advmod
fold-10	test-10.conllu	test-10.out.conllu	Magalhaes1876:1:16:16	11	tẽ	5	5	parataxis	conj
fold-10	test-10.conllu	test-10.out.conllu	Magalhaes1876:1:34:34	14	akanga	2	2	conj	parataxis
fold-10	test-10.conllu	test-10.out.conllu	Magalhaes1876:1:34:34	25	ipeka	26	26	nsubj	nmod:poss
fold-10	test-10.conllu	test-10.out.conllu	Magalhaes1876:1:34:34	26	seté	19	19	conj	obl
fold-10	test-10.conllu	test-10.out.conllu	Magalhaes1876:2:2:45	3	wira	0	6	root	nsubj
fold-10	test-10.conllu	test-10.out.conllu	Magalhaes1876:2:2:45	6	usanhana	3	0	parataxis	root
fold-10	test-10.conllu	test-10.out.conllu	Magalhaes1876:2:20:63	6	maã	2	9	ccomp	obl
fold-10	test-10.conllu	test-10.out.conllu	Magalhaes1876:2:20:63	9	xapurungitá	6	2	parataxis	ccomp
fold-10	test-10.conllu	test-10.out.conllu	Magalhaes1876:2:25:68	13	ixé	12	12	iobj	obl
fold-10	test-10.conllu	test-10.out.conllu	Magalhaes1876:2:27:70	5	Tenupá	2	10	ccomp	advmod
fold-10	test-10.conllu	test-10.out.conllu	Magalhaes1876:2:27:70	10	xawasemu	5	2	parataxis	ccomp
fold-10	test-10.conllu	test-10.out.conllu	Amorim1928:19:3:3	6	ape	3	7	acl:relcl	advmod
fold-10	test-10.conllu	test-10.out.conllu	Amorim1928:19:3:3	20	usika	15	15	ccomp	parataxis
fold-10	test-10.conllu	test-10.out.conllu	Amorim1928:19:21:21	2	kurabí	3	4	nmod:poss	nsubj
fold-10	test-10.conllu	test-10.out.conllu	Amorim1928:19:21:21	3	sakapira	4	4	nsubj	nmod:poss
fold-10	test-10.conllu	test-10.out.conllu	Amorim1928:19:21:21	4	manusawa	0	6	root	nsubj
fold-10	test-10.conllu	test-10.out.conllu	Amorim1928:19:21:21	6	peyumú	4	0	parataxis	root
fold-10	test-10.conllu	test-10.out.conllu	Amorim1928:19:76:76	7	nhaã	14	10	iobj	nsubj
fold-10	test-10.conllu	test-10.out.conllu	Amorim1928:19:76:76	10	upitá	7	0	acl:relcl	root
fold-10	test-10.conllu	test-10.out.conllu	Amorim1928:19:76:76	11	i	12	12	nsubj	expl
fold-10	test-10.conllu	test-10.out.conllu	Amorim1928:19:76:76	14	uyupi	0	12	root	ccomp
fold-10	test-10.conllu	test-10.out.conllu	Amorim1928:8-1:130:130	6	umaramunhã	5	5	parataxis	xcomp
fold-10	test-10.conllu	test-10.out.conllu	Amorim1928:2:10:10	16	uyuíri	9	6	parataxis	ccomp
fold-10	test-10.conllu	test-10.out.conllu	Amorim1928:2:10:10	23	Kunhã-etá	26	26	vocative	nsubj
fold-10	test-10.conllu	test-10.out.conllu	Amorim1928:2:10:10	41	penhẽ	39	42	obj	nmod:poss
fold-10	test-10.conllu	test-10.out.conllu	Amorim1928:13:3:3	1	Sasiára	4	4	advcl	xcomp
fold-10	test-10.conllu	test-10.out.conllu	Amorim1928:13:3:3	17	usú	9	18	parataxis	aux
fold-10	test-10.conllu	test-10.out.conllu	Amorim1928:13:3:3	18	umbaú	17	9	xcomp	parataxis
fold-10	test-10.conllu	test-10.out.conllu	Amorim1928:29:73:73	4	sika	3	5	goeswith	det
fold-10	test-10.conllu	test-10.out.conllu	Amorim1928:33:132:132	6	tuyué	3	3	nsubj	obj
fold-10	test-10.conllu	test-10.out.conllu	Hartt1938:0:0:90	4	ikú	3	3	cop	aux
fold-10	test-10.conllu	test-10.out.conllu	Hartt1938:0:0:97	4	xawiké	3	3	ccomp	xcomp
fold-10	test-10.conllu	test-10.out.conllu	Hartt1938:0:0:119	1	Umunéu	11	0	advcl	root
fold-10	test-10.conllu	test-10.out.conllu	Hartt1938:0:0:119	11	usú	0	1	root	parataxis
fold-10	test-10.conllu	test-10.out.conllu	Hartt1938:0:0:191	3	ixé	4	2	nsubj	obj
fold-10	test-10.conllu	test-10.out.conllu	Hartt1938:0:0:191	4	nhũ	2	3	ccomp	advmod
fold-10	test-10.conllu	test-10.out.conllu	Hartt1938:0:0:222	1	Ixé	4	3	dislocated	nsubj
fold-10	test-10.conllu	test-10.out.conllu	Hartt1938:0:0:316	3	mukawa	4	4	obj	nsubj
fold-10	test-10.conllu	test-10.out.conllu	Hartt1938:0:0:346	4	taína	1	1	nsubj	obj
fold-10	test-10.conllu	test-10.out.conllu	Hartt1938:0:0:393	1	Maã	4	3	obj	det
fold-10	test-10.conllu	test-10.out.conllu	Hartt1938:0:0:396	6	supé	1	4	parataxis	case
fold-10	test-10.conllu	test-10.out.conllu	Hartt1938:0:0:396	7	wara	6	1	orphan	case
fold-10	test-10.conllu	test-10.out.conllu	Hartt1938:0:0:506	3	wasaí	4	1	nmod:poss	obj
fold-10	test-10.conllu	test-10.out.conllu	Hartt1938:0:0:509	3	upusanú	2	2	xcomp	parataxis
fold-10	test-10.conllu	test-10.out.conllu	Hartt1938:0:0:638	4	intá	6	3	nsubj	obj
fold-10	test-10.conllu	test-10.out.conllu	Hartt1938:0:0:638	5	uikú	6	3	cop	aux
fold-10	test-10.conllu	test-10.out.conllu	Hartt1938:0:0:638	6	imirá	3	3	parataxis	obl
fold-10	test-10.conllu	test-10.out.conllu	Hartt1938:3:32:885	5	i	6	6	expl	nsubj
fold-10	test-10.conllu	test-10.out.conllu	Hartt1938:3:32:885	6	puasú	3	3	conj	parataxis
fold-10	test-10.conllu	test-10.out.conllu	Hartt1938:3:32:885	8	i	9	9	expl	nsubj
fold-10	test-10.conllu	test-10.out.conllu	Hartt1938:3:32:885	9	pukú	3	6	conj	parataxis
fold-10	test-10.conllu	test-10.out.conllu	Hartt1938:3:32:885	11	imirawasú	3	9	conj	parataxis
fold-10	test-10.conllu	test-10.out.conllu	Hartt1938:3:32:885	21	iwaíka	14	23	conj	obl
fold-10	test-10.conllu	test-10.out.conllu	Hartt1938:3:32:885	23	yuíri	21	18	cc	punct
fold-10	test-10.conllu	test-10.out.conllu	Hartt1938:3:35:888	7	sitá	6	6	obj	advcl
fold-10	test-10.conllu	test-10.out.conllu	Hartt1938:3:65:918	3	maã	0	6	root	nsubj
fold-10	test-10.conllu	test-10.out.conllu	Hartt1938:3:65:918	6	urikú	3	0	parataxis	root
fold-10	test-10.conllu	test-10.out.conllu	Hartt1938:3:65:918	11	urikú	6	6	conj	parataxis
fold-10	test-10.conllu	test-10.out.conllu	Hartt1938:3:65:918	15	uyana	20	11	advcl	parataxis
fold-10	test-10.conllu	test-10.out.conllu	Hartt1938:3:65:918	21	ximiú	20	20	nsubj	obj
fold-10	test-10.conllu	test-10.out.conllu	Hartt1938:3:65:918	27	praina	3	20	parataxis	ccomp
fold-10	test-10.conllu	test-10.out.conllu	Aguiar1898:3:1:29	2	Maí	8	8	nsubj	advmod
fold-10	test-10.conllu	test-10.out.conllu	Aguiar1898:3:1:29	3	waá	2	8	fixed	nsubj
fold-10	test-10.conllu	test-10.out.conllu	Aguiar1898:3:1:29	9	apigawa	8	8	xcomp	nsubj
fold-10	test-10.conllu	test-10.out.conllu	Aguiar1898:3:12:40	2	Jesu	0	3	root	nsubj
fold-10	test-10.conllu	test-10.out.conllu	Aguiar1898:3:12:40	3	Christu	2	0	flat	root
fold-10	test-10.conllu	test-10.out.conllu	Aguiar1898:9:2:1002	1	Santa	2	5	amod	advcl
fold-10	test-10.conllu	test-10.out.conllu	Aguiar1898:9:2:1002	2	Maria	5	1	vocative	nsubj
fold-10	test-10.conllu	test-10.out.conllu	Aguiar1898:9:2:1002	4	Manha	2	5	nmod	nsubj
