sent_id	id	form	lemma	upos	gold_head	pred_head	gold_deprel	pred_deprel	head_ok	rel_ok	las_ok	attachment_only_error	label_only_error	both_error	gold_head_dist	pred_head_dist	head_distance_delta
MooreFP1994:0:0:7	1	Aikwé	aikwé	PART	0	0	root	root	True	True	True	False	False	False	1	1	0
MooreFP1994:0:0:7	2	kaxuwera	kaxuwera	NOUN	1	1	nsubj	nsubj	True	True	True	False	False	False	1	1	0
MooreFP1994:0:0:7	3	.	.	PUNCT	1	1	punct	punct	True	True	True	False	False	False	2	2	0
MooreFP1994:0:0:16	1	Ayururé	yururé	VERB	0	0	root	root	True	True	True	False	False	False	1	1	0
MooreFP1994:0:0:16	2	se	se	PRON	3	3	nmod:poss	nmod:poss	True	True	True	False	False	False	1	1	0
MooreFP1994:0:0:16	3	manha	manha	NOUN	1	1	iobj	obj	True	False	False	False	True	False	2	2	0
MooreFP1994:0:0:16	4	upitá	pitá	VERB	1	1	ccomp	advcl	True	False	False	False	True	False	3	3	0
MooreFP1994:0:0:16	5	arama	arama	SCONJ	4	4	mark	mark	True	True	True	False	False	False	1	1	0
MooreFP1994:0:0:16	6	yané	yané	PRON	7	7	nmod:poss	nmod:poss	True	True	True	False	False	False	1	1	0
MooreFP1994:0:0:16	7	rendawa	tendawa	NOUN	4	4	obl	obl	True	True	True	False	False	False	3	3	0
MooreFP1994:0:0:16	8	upé	upé	ADP	7	7	case	case	True	True	True	False	False	False	1	1	0
MooreFP1994:0:0:16	9	se	se	PRON	10	10	nmod:poss	nmod:poss	True	True	True	False	False	False	1	1	0
MooreFP1994:0:0:16	10	ratiwa	tatiwa	NOUN	11	4	nsubj	obj	False	False	False	False	False	True	1	6	-7
MooreFP1994:0:0:16	11	uxari	xari	VERB	7	10	acl:relcl	acl:relcl	False	True	False	True	False	False	4	1	3
MooreFP1994:0:0:16	12	waá	waá	PRON	11	11	obj	obj	True	True	True	False	False	False	1	1	0
MooreFP1994:0:0:16	13	yandé	yandé	PRON	11	11	iobj	iobj	True	True	True	False	False	False	2	2	0
MooreFP1994:0:0:16	14	arã	arã	ADP	13	13	case	case	True	True	True	False	False	False	1	1	0
MooreFP1994:0:0:16	15	.	.	PUNCT	1	1	punct	punct	True	True	True	False	False	False	14	14	0
MooreFP1994:0:0:27	1	Asika	sika	VERB	5	5	advcl	advcl	True	True	True	False	False	False	4	4	0
MooreFP1994:0:0:27	2	ramé	ramé	SCONJ	1	1	mark	mark	True	True	True	False	False	False	1	1	0
MooreFP1994:0:0:27	3	se	se	PRON	4	4	nmod:poss	nmod:poss	True	True	True	False	False	False	1	1	0
MooreFP1994:0:0:27	4	mbira-itá	mbira	NOUN	5	1	nsubj	obj	False	False	False	False	False	True	1	3	-4
MooreFP1994:0:0:27	5	ukiri	kiri	VERB	0	0	root	root	True	True	True	False	False	False	5	5	0
MooreFP1994:0:0:27	6	ana	ana	PART	5	5	advmod	advmod	True	True	True	False	False	False	1	1	0
MooreFP1994:0:0:27	7	uikú	ikú	AUX	5	5	aux	aux	True	True	True	False	False	False	2	2	0
MooreFP1994:0:0:27	8	.	.	PUNCT	5	5	punct	punct	True	True	True	False	False	False	3	3	0
MooreFP1994:1:2:29	1	Ixé	ixé	PRON	6	6	nsubj	nsubj	True	True	True	False	False	False	5	5	0
MooreFP1994:1:2:29	2	akayú	akayú	NOUN	3	6	reparandum	obj	False	False	False	False	False	True	1	4	3
MooreFP1994:1:2:29	3	nove	nove	NUM	4	4	nummod	nummod	True	True	True	False	False	False	1	1	0
MooreFP1994:1:2:29	4	akayú	akayú	NOUN	6	6	obl	obl	True	True	True	False	False	False	2	2	0
MooreFP1994:1:2:29	5	ana	ana	PART	6	6	advmod	advmod	True	True	True	False	False	False	1	1	0
MooreFP1994:1:2:29	6	ayuíri	yuíri	VERB	0	0	root	root	True	True	True	False	False	False	6	6	0
MooreFP1994:1:2:29	7	se	se	PRON	8	8	nmod:poss	nmod:poss	True	True	True	False	False	False	1	1	0
MooreFP1994:1:2:29	8	retama	tetama	NOUN	6	6	obl	obl	True	True	True	False	False	False	2	2	0
MooreFP1994:1:2:29	9	suí	suí	ADP	8	8	case	case	True	True	True	False	False	False	1	1	0
MooreFP1994:1:2:29	10	.	.	PUNCT	6	6	punct	punct	True	True	True	False	False	False	4	4	0
MooreFP1994:1:7:34	1	Mayé	mayé	ADV	5	5	advmod	advmod	True	True	True	False	False	False	4	4	0
MooreFP1994:1:7:34	2	taá	taá	PART	5	5	advmod	advmod	True	True	True	False	False	False	3	3	0
MooreFP1994:1:7:34	3	asú	sú	AUX	5	5	aux	aux	True	True	True	False	False	False	2	2	0
MooreFP1994:1:7:34	4	anhũ	anhũ	ADV	5	5	advmod	advmod	True	True	True	False	False	False	1	1	0
MooreFP1994:1:7:34	5	awatá	watá	VERB	0	0	root	root	True	True	True	False	False	False	5	5	0
MooreFP1994:1:7:34	6	se	se	PRON	7	7	nmod:poss	nmod:poss	True	True	True	False	False	False	1	1	0
MooreFP1994:1:7:34	7	retama	tetama	NOUN	5	5	obl	obl	True	True	True	False	False	False	2	2	0
MooreFP1994:1:7:34	8	kití	kití	ADP	7	7	case	case	True	True	True	False	False	False	1	1	0
MooreFP1994:1:7:34	9	amaã	maã	VERB	5	5	advcl	advcl	True	True	True	False	False	False	4	4	0
MooreFP1994:1:7:34	10	arã	arã	SCONJ	9	9	mark	mark	True	True	True	False	False	False	1	1	0
MooreFP1994:1:7:34	11	se	se	PRON	12	12	nmod:poss	nmod:poss	True	True	True	False	False	False	1	1	0
MooreFP1994:1:7:34	12	anama-itá	anama	NOUN	9	9	obj	obj	True	True	True	False	False	False	3	3	0
MooreFP1994:1:7:34	13	?	?	PUNCT	5	5	punct	punct	True	True	True	False	False	False	8	8	0
Alencar2021:0:0:3	1	Yandé	yandé	PRON	3	3	nsubj	nsubj	True	True	True	False	False	False	2	2	0
Alencar2021:0:0:3	2	yaikú	ikú	AUX	3	3	cop	cop	True	True	True	False	False	False	1	1	0
Alencar2021:0:0:3	3	ne	ne	PRON	0	0	root	root	True	True	True	False	False	False	3	3	0
Alencar2021:0:0:3	4	ruakí	ruakí	ADP	3	3	case	case	True	True	True	False	False	False	1	1	0
Alencar2021:0:0:3	5	.	.	PUNCT	3	3	punct	punct	True	True	True	False	False	False	2	2	0
Alencar2021:0:0:16	1	Maria	maria	PROPN	2	2	nmod:poss	nmod:poss	True	True	True	False	False	False	1	1	0
Alencar2021:0:0:16	2	rimbiú	timbiú	NOUN	4	4	nsubj	nsubj	True	True	True	False	False	False	2	2	0
Alencar2021:0:0:16	3	ti	ti	PART	4	4	advmod	advmod	True	True	True	False	False	False	1	1	0
Alencar2021:0:0:16	4	sé	sé	ADJ	0	0	root	root	True	True	True	False	False	False	4	4	0
Alencar2021:0:0:16	5	uikú	ikú	AUX	4	4	cop	cop	True	True	True	False	False	False	1	1	0
Alencar2021:0:0:16	6	.	.	PUNCT	4	4	punct	punct	True	True	True	False	False	False	2	2	0
Alencar2021:0:0:20	1	Aikú	ikú	AUX	2	2	cop	cop	True	True	True	False	False	False	1	1	0
Alencar2021:0:0:20	2	iké	iké	ADV	0	0	root	root	True	True	True	False	False	False	2	2	0
Alencar2021:0:0:20	3	.	.	PUNCT	2	2	punct	punct	True	True	True	False	False	False	1	1	0
Alencar2021:0:0:36	1	Aé	aé	PRON	3	3	nsubj	nsubj	True	True	True	False	False	False	2	2	0
Alencar2021:0:0:36	2	ti	ti	PART	3	3	advmod	advmod	True	True	True	False	False	False	1	1	0
Alencar2021:0:0:36	3	surí	rurí	VERB	0	0	root	root	True	True	True	False	False	False	3	3	0
Alencar2021:0:0:36	4	uikú	ikú	AUX	3	3	aux	aux	True	True	True	False	False	False	1	1	0
Alencar2021:0:0:36	5	.	.	PUNCT	3	3	punct	punct	True	True	True	False	False	False	2	2	0
Alencar2021:0:0:46	1	Igara	igara	NOUN	2	3	nmod:poss	nsubj	False	False	False	False	False	True	1	2	1
Alencar2021:0:0:46	2	paranã	paranã	NOUN	3	3	nsubj	nmod:poss	True	False	False	False	True	False	1	1	0
Alencar2021:0:0:46	3	suakí	ruakí	ADP	0	0	root	root	True	True	True	False	False	False	3	3	0
Alencar2021:0:0:46	4	.	.	PUNCT	3	3	punct	punct	True	True	True	False	False	False	1	1	0
Alencar2021:0:0:51	1	Igara	igara	NOUN	3	3	nsubj	nsubj	True	True	True	False	False	False	2	2	0
Alencar2021:0:0:51	2	uikú	ikú	AUX	3	3	cop	cop	True	True	True	False	False	False	1	1	0
Alencar2021:0:0:51	3	paranã	paranã	NOUN	0	0	root	root	True	True	True	False	False	False	3	3	0
Alencar2021:0:0:51	4	upé	upé	ADP	3	3	case	case	True	True	True	False	False	False	1	1	0
Alencar2021:0:0:51	5	.	.	PUNCT	3	3	punct	punct	True	True	True	False	False	False	2	2	0
Navarro2016:1:3:3	1	Ixé	ixé	PRON	2	2	nsubj	nsubj	True	True	True	False	False	False	1	1	0
Navarro2016:1:3:3	2	Maria	maria	PROPN	0	0	root	root	True	True	True	False	False	False	2	2	0
Navarro2016:1:3:3	3	.	.	PUNCT	2	2	punct	punct	True	True	True	False	False	False	1	1	0
Navarro2016:1:7:7	1	Puranga	puranga	ADJ	2	0	amod	root	False	False	False	False	False	True	1	1	-2
Navarro2016:1:7:7	2	pituna	pituna	NOUN	0	1	root	nsubj	False	False	False	False	False	True	2	1	1
Navarro2016:1:7:7	3	,	,	PUNCT	2	4	punct	punct	False	True	False	True	False	False	1	1	2
Navarro2016:1:7:7	4	Pedro	pedro	PROPN	2	1	vocative	vocative	False	True	False	True	False	False	2	3	-1
Navarro2016:1:7:7	5	!	!	PUNCT	2	1	punct	punct	False	True	False	True	False	False	3	4	-1
Navarro2016:1:13:13	1	Puranga	puranga	ADJ	2	0	amod	root	False	False	False	False	False	True	1	1	-2
Navarro2016:1:13:13	2	karuka	karuka	NOUN	0	1	root	nsubj	False	False	False	False	False	True	2	1	1
Navarro2016:1:13:13	3	,	,	PUNCT	4	4	punct	punct	True	True	True	False	False	False	1	1	0
Navarro2016:1:13:13	4	Antônio	antônio	PROPN	2	1	vocative	vocative	False	True	False	True	False	False	2	3	-1
Navarro2016:1:13:13	5	!	!	PUNCT	2	1	punct	punct	False	True	False	True	False	False	3	4	-1
Navarro2016:0:0:42	1	Mamé	mamé	ADV	0	0	root	root	True	True	True	False	False	False	1	1	0
Navarro2016:0:0:42	2	Barcelos	barcelos	PROPN	1	1	nsubj	nsubj	True	True	True	False	False	False	1	1	0
Navarro2016:0:0:42	3	?	?	PUNCT	1	1	punct	punct	True	True	True	False	False	False	2	2	0
Navarro2016:2:10:55	1	Pirá-itá	pirá	NOUN	2	2	nsubj	nsubj	True	True	True	False	False	False	1	1	0
Navarro2016:2:10:55	2	uyawáu	yawáu	VERB	0	0	root	root	True	True	True	False	False	False	2	2	0
Navarro2016:2:10:55	3	igarapé	igarapé	NOUN	2	2	obl	obl	True	True	True	False	False	False	1	1	0
Navarro2016:2:10:55	4	kití	kití	ADP	3	3	case	case	True	True	True	False	False	False	1	1	0
Navarro2016:2:10:55	5	.	.	PUNCT	2	2	punct	punct	True	True	True	False	False	False	3	3	0
Navarro2016:0:0:57	1	Maria	maria	PROPN	2	2	nsubj	nsubj	True	True	True	False	False	False	1	1	0
Navarro2016:0:0:57	2	unheẽ	nheẽ	VERB	0	0	root	root	True	True	True	False	False	False	2	2	0
Navarro2016:0:0:57	3	nheenga-itá	nheenga	NOUN	2	2	obj	obj	True	True	True	False	False	False	1	1	0
Navarro2016:0:0:57	4	puranga	puranga	ADJ	3	3	amod	amod	True	True	True	False	False	False	1	1	0
Navarro2016:0:0:57	5	Pedro	pedro	PROPN	2	2	iobj	iobj	True	True	True	False	False	False	3	3	0
Navarro2016:0:0:57	6	supé	supé	ADP	5	5	case	case	True	True	True	False	False	False	1	1	0
Navarro2016:0:0:57	7	.	.	PUNCT	2	2	punct	punct	True	True	True	False	False	False	5	5	0
Navarro2016:0:0:71	1	Remunhã	munhã	VERB	0	0	root	root	True	True	True	False	False	False	1	1	0
Navarro2016:0:0:71	2	será	será	PART	1	1	advmod	advmod	True	True	True	False	False	False	1	1	0
Navarro2016:0:0:71	3	maã	maã	PRON	1	1	obj	obj	True	True	True	False	False	False	2	2	0
Navarro2016:0:0:71	4	amunhã	munhã	VERB	3	3	acl:relcl	acl:relcl	True	True	True	False	False	False	1	1	0
Navarro2016:0:0:71	5	?	?	PUNCT	1	1	punct	punct	True	True	True	False	False	False	4	4	0
Navarro2016:0:0:74	1	Maã	maã	PRON	4	4	obj	obj	True	True	True	False	False	False	3	3	0
Navarro2016:0:0:74	2	taá	taá	PART	4	4	advmod	advmod	True	True	True	False	False	False	2	2	0
Navarro2016:0:0:74	3	indé	indé	PRON	4	4	nsubj	nsubj	True	True	True	False	False	False	1	1	0
Navarro2016:0:0:74	4	reputari	putari	VERB	0	0	root	root	True	True	True	False	False	False	4	4	0
Navarro2016:0:0:74	5	Maria	maria	PROPN	4	4	iobj	iobj	True	True	True	False	False	False	1	1	0
Navarro2016:0:0:74	6	supé	supé	ADP	5	5	case	case	True	True	True	False	False	False	1	1	0
Navarro2016:0:0:74	7	?	?	PUNCT	4	4	punct	punct	True	True	True	False	False	False	3	3	0
Navarro2016:0:0:88	1	Kunhã-itá	kunhã	NOUN	2	2	nsubj	nsubj	True	True	True	False	False	False	1	1	0
Navarro2016:0:0:88	2	usika	sika	VERB	0	0	root	root	True	True	True	False	False	False	2	2	0
Navarro2016:0:0:88	3	.	.	PUNCT	2	2	punct	punct	True	True	True	False	False	False	1	1	0
Navarro2016:0:0:89	1	Uka-itá	uka	NOUN	2	0	nsubj	root	False	False	False	False	False	True	1	1	-2
Navarro2016:0:0:89	2	mirĩ	mirĩ	ADJ	0	1	root	amod	False	False	False	False	False	True	2	1	1
Navarro2016:0:0:89	3	.	.	PUNCT	2	1	punct	punct	False	True	False	True	False	False	1	2	-1
Navarro2016:3:5:94	1	Aé	aé	PRON	2	2	nsubj	nsubj	True	True	True	False	False	False	1	1	0
Navarro2016:3:5:94	2	upiripana	piripana	VERB	0	0	root	root	True	True	True	False	False	False	2	2	0
Navarro2016:3:5:94	3	kurí	kurí	PART	2	2	advmod	advmod	True	True	True	False	False	False	1	1	0
Navarro2016:3:5:94	4	maã-itá	maã	NOUN	2	2	obj	obj	True	True	True	False	False	False	2	2	0
Navarro2016:3:5:94	5	i	i	PRON	6	6	nmod:poss	nmod:poss	True	True	True	False	False	False	1	1	0
Navarro2016:3:5:94	6	mimbira	mimbira	NOUN	2	2	iobj	obl	True	False	False	False	True	False	4	4	0
Navarro2016:3:5:94	7	supé	supé	ADP	6	6	case	case	True	True	True	False	False	False	1	1	0
Navarro2016:3:5:94	8	,	,	PUNCT	10	10	punct	punct	True	True	True	False	False	False	2	2	0
Navarro2016:3:5:94	9	i	i	PRON	10	10	nmod:poss	nmod:poss	True	True	True	False	False	False	1	1	0
Navarro2016:3:5:94	10	mena	mena	NOUN	6	2	conj	conj	False	True	False	True	False	False	4	8	-4
Navarro2016:3:5:94	11	supé	supé	ADP	10	10	case	case	True	True	True	False	False	False	1	1	0
Navarro2016:3:5:94	12	yuíri	yuíri	CCONJ	10	10	cc	cc	True	True	True	False	False	False	2	2	0
Navarro2016:3:5:94	13	.	.	PUNCT	2	2	punct	punct	True	True	True	False	False	False	11	11	0
Navarro2016:0:0:145	1	Se	se	PRON	3	3	obl	obl	True	True	True	False	False	False	2	2	0
Navarro2016:0:0:145	2	riré	riré	ADP	1	1	case	case	True	True	True	False	False	False	1	1	0
Navarro2016:0:0:145	3	usika	sika	VERB	0	0	root	root	True	True	True	False	False	False	3	3	0
Navarro2016:0:0:145	4	ana	ana	PART	3	3	advmod	advmod	True	True	True	False	False	False	1	1	0
Navarro2016:0:0:145	5	amú	amú	DET	6	6	det	det	True	True	True	False	False	False	1	1	0
Navarro2016:0:0:145	6	apigawa	apigawa	NOUN	3	3	nsubj	nsubj	True	True	True	False	False	False	3	3	0
Navarro2016:0:0:145	7	.	.	PUNCT	3	3	punct	punct	True	True	True	False	False	False	4	4	0
Navarro2016:0:0:159	1	Xukúi	xukúi	PART	0	0	root	root	True	True	True	False	False	False	1	1	0
Navarro2016:0:0:159	2	kamixá	kamixá	NOUN	1	1	nsubj	nsubj	True	True	True	False	False	False	1	1	0
Navarro2016:0:0:159	3	.	.	PUNCT	1	1	punct	punct	True	True	True	False	False	False	2	2	0
Navarro2016:4:9:176	1	Aé	aé	PRON	2	2	nsubj	nsubj	True	True	True	False	False	False	1	1	0
Navarro2016:4:9:176	2	urasú	rasú	VERB	0	0	root	root	True	True	True	False	False	False	2	2	0
Navarro2016:4:9:176	3	pirá	pirá	NOUN	2	2	obj	obj	True	True	True	False	False	False	1	1	0
Navarro2016:4:9:176	4	suka	uka	NOUN	3	2	nmod	obl	False	False	False	False	False	True	1	2	-1
Navarro2016:4:9:176	5	suí	suí	ADP	4	4	case	case	True	True	True	False	False	False	1	1	0
Navarro2016:4:9:176	6	sukwera	sukwera	NOUN	8	2	nsubj	obj	False	False	False	False	False	True	2	4	-6
Navarro2016:4:9:176	7	waá	waá	PRON	6	8	nmod:poss	nsubj	False	False	False	False	False	True	1	1	2
Navarro2016:4:9:176	8	membeka	membeka	ADJ	3	6	acl:relcl	acl:relcl	False	True	False	True	False	False	5	2	3
Navarro2016:4:9:176	9	.	.	PUNCT	2	2	punct	punct	True	True	True	False	False	False	7	7	0
Navarro2016:0:0:212	1	Asuiwara	asuí	ADV	7	7	advmod	advmod	True	True	True	False	False	False	6	6	0
Navarro2016:0:0:212	2	kwera	kwera	PART	7	7	advmod	advmod	True	True	True	False	False	False	5	5	0
Navarro2016:0:0:212	3	,	,	PUNCT	7	7	punct	punct	True	True	True	False	False	False	4	4	0
Navarro2016:0:0:212	4	mukũi	mukũi	NUM	5	5	nummod	nummod	True	True	True	False	False	False	1	1	0
Navarro2016:0:0:212	5	apigawa	apigawa	NOUN	7	7	nsubj	nsubj	True	True	True	False	False	False	2	2	0
Navarro2016:0:0:212	6	nhũ	nhũ	ADV	5	7	advmod	advmod	False	True	False	True	False	False	1	1	2
Navarro2016:0:0:212	7	upitá	pitá	VERB	0	0	root	root	True	True	True	False	False	False	7	7	0
Navarro2016:0:0:212	8	umanhana	manhana	VERB	7	7	parataxis	parataxis	True	True	True	False	False	False	1	1	0
Navarro2016:0:0:212	9	uikú	ikú	AUX	8	8	aux	aux	True	True	True	False	False	False	1	1	0
Navarro2016:0:0:212	10	yané	yané	PRON	12	11	nmod:poss	nmod:poss	False	True	False	True	False	False	2	1	-1
Navarro2016:0:0:212	11	itá	itá	NOUN	12	12	nmod:poss	nmod:poss	True	True	True	False	False	False	1	1	0
Navarro2016:0:0:212	12	uka	uka	NOUN	8	8	obj	obj	True	True	True	False	False	False	4	4	0
Navarro2016:0:0:212	13	.	.	PUNCT	7	7	punct	punct	True	True	True	False	False	False	6	6	0
Avila2021:0:0:17	1	Aité	aité	PRON	3	3	nsubj	nsubj	True	True	True	False	False	False	2	2	0
Avila2021:0:0:17	2	usú	sú	AUX	3	3	aux	aux	True	True	True	False	False	False	1	1	0
Avila2021:0:0:17	3	umunhã	munhã	VERB	0	0	root	root	True	True	True	False	False	False	3	3	0
Avila2021:0:0:17	4	.	.	PUNCT	3	3	punct	punct	True	True	True	False	False	False	1	1	0
Avila2021:0:0:19	1	Asuí	asuí	CCONJ	2	2	cc	cc	True	True	True	False	False	False	1	1	0
Avila2021:0:0:19	2	yamukwekatú	mukwekatú	VERB	0	0	root	root	True	True	True	False	False	False	2	2	0
Avila2021:0:0:19	3	kwá	kwá	DET	5	5	det	det	True	True	True	False	False	False	2	2	0
Avila2021:0:0:19	4	yané	yané	PRON	5	5	nmod:poss	nmod:poss	True	True	True	False	False	False	1	1	0
Avila2021:0:0:19	5	rumuara	sumuara	NOUN	2	2	obj	obj	True	True	True	False	False	False	3	3	0
Avila2021:0:0:19	6	,	,	PUNCT	7	7	punct	punct	True	True	True	False	False	False	1	1	0
Avila2021:0:0:19	7	urikú	rikú	VERB	5	2	acl:relcl	parataxis	False	False	False	False	False	True	2	5	-3
Avila2021:0:0:19	8	waá	waá	PRON	7	7	nsubj	nsubj	True	True	True	False	False	False	1	1	0
Avila2021:0:0:19	9	kwá	kwá	DET	10	10	det	det	True	True	True	False	False	False	1	1	0
Avila2021:0:0:19	10	manduarisá	manduarisá	NOUN	7	7	obj	obj	True	True	True	False	False	False	3	3	0
Avila2021:0:0:19	11	usikari	sikari	VERB	10	7	acl	advcl	False	False	False	False	False	True	1	4	-3
Avila2021:0:0:19	12	arã	arã	SCONJ	11	11	mark	mark	True	True	True	False	False	False	1	1	0
Avila2021:0:0:19	13	ukwá	kwá	VERB	11	11	xcomp	conj	True	False	False	False	True	False	2	2	0
Avila2021:0:0:19	14	aité	aité	PRON	16	16	det	det	True	True	True	False	False	False	2	2	0
Avila2021:0:0:19	15	kwá	kwá	DET	16	16	det	det	True	True	True	False	False	False	1	1	0
Avila2021:0:0:19	16	nheenga	nheenga	NOUN	17	17	nmod:poss	nmod:poss	True	True	True	False	False	False	1	1	0
Avila2021:0:0:19	17	resewara	sesewara	NOUN	13	13	obj	obj	True	True	True	False	False	False	4	4	0
Avila2021:0:0:19	18	,	,	PUNCT	7	13	punct	punct	False	True	False	True	False	False	11	5	6
Avila2021:0:0:19	19	[...]	[...]	PUNCT	7	2	punct	punct	False	True	False	True	False	False	12	17	-5
Avila2021:0:0:19	20	.	.	PUNCT	2	2	punct	punct	True	True	True	False	False	False	18	18	0
Avila2021:0:0:24	1	Asuí	asuí	ADV	6	6	advmod	advmod	True	True	True	False	False	False	5	5	0
Avila2021:0:0:24	2	paá	paá	PART	6	6	advmod	advmod	True	True	True	False	False	False	4	4	0
Avila2021:0:0:24	3	nhaã	nhaã	DET	4	4	det	det	True	True	True	False	False	False	1	1	0
Avila2021:0:0:24	4	kunhã	kunhã	NOUN	6	6	nsubj	nsubj	True	True	True	False	False	False	2	2	0
Avila2021:0:0:24	5	i	i	PRON	6	6	expl	expl	True	True	True	False	False	False	1	1	0
Avila2021:0:0:24	6	kweré	kweré	VERB	0	0	root	root	True	True	True	False	False	False	6	6	0
Avila2021:0:0:24	7	wana	wana	PART	6	6	advmod	advmod	True	True	True	False	False	False	1	1	0
Avila2021:0:0:24	8	umbaú	mbaú	VERB	6	6	xcomp	xcomp	True	True	True	False	False	False	2	2	0
Avila2021:0:0:24	9	maã	maã	PRON	8	8	obj	obj	True	True	True	False	False	False	1	1	0
Avila2021:0:0:24	10	i	i	PRON	11	11	nmod:poss	nmod:poss	True	True	True	False	False	False	1	1	0
Avila2021:0:0:24	11	mena	mena	NOUN	12	12	nsubj	nsubj	True	True	True	False	False	False	1	1	0
Avila2021:0:0:24	12	umbaú	mbaú	VERB	9	9	acl:relcl	acl:relcl	True	True	True	False	False	False	3	3	0
Avila2021:0:0:24	13	waá	waá	PRON	12	12	obj	obj	True	True	True	False	False	False	1	1	0
Avila2021:0:0:24	14	.	.	PUNCT	6	6	punct	punct	True	True	True	False	False	False	8	8	0
Avila2021:5:1:28	1	Yautí	yautí	NOUN	2	2	nsubj	nsubj	True	True	True	False	False	False	1	1	0
Avila2021:5:1:28	2	unheẽ	nheẽ	VERB	0	0	root	root	True	True	True	False	False	False	2	2	0
Avila2021:5:1:28	3	:	:	PUNCT	6	6	punct	punct	True	True	True	False	False	False	3	3	0
Avila2021:5:1:28	4	―	―	PUNCT	6	6	punct	punct	True	True	True	False	False	False	2	2	0
Avila2021:5:1:28	5	Yasú	sú	AUX	6	6	aux	aux	True	True	True	False	False	False	1	1	0
Avila2021:5:1:28	6	yayuuka	yuuka	VERB	2	2	ccomp	ccomp	True	True	True	False	False	False	4	4	0
Avila2021:5:1:28	7	i	i	PRON	8	8	nmod:poss	nmod:poss	True	True	True	False	False	False	1	1	0
Avila2021:5:1:28	8	kãwera	kãwera	NOUN	6	6	obj	obj	True	True	True	False	False	False	2	2	0
Avila2021:5:1:28	9	.	.	PUNCT	2	2	punct	punct	True	True	True	False	False	False	7	7	0
Avila2021:0:0:53	1	Ne	ne	PRON	2	2	nmod:poss	nmod:poss	True	True	True	False	False	False	1	1	0
Avila2021:0:0:53	2	paya	paya	NOUN	3	3	nsubj	nsubj	True	True	True	False	False	False	1	1	0
Avila2021:0:0:53	3	umundú	mundú	VERB	0	0	root	root	True	True	True	False	False	False	3	3	0
Avila2021:0:0:53	4	será	será	PART	3	3	advmod	advmod	True	True	True	False	False	False	1	1	0
Avila2021:0:0:53	5	reruri	ruri	VERB	3	3	ccomp	ccomp	True	True	True	False	False	False	2	2	0
Avila2021:0:0:53	6	maã	maã	PRON	5	5	obj	obj	True	True	True	False	False	False	1	1	0
Avila2021:0:0:53	7	?	?	PUNCT	3	3	punct	punct	True	True	True	False	False	False	4	4	0
Avila2021:0:0:61	1	Ne	ne	PRON	2	2	nsubj	nsubj	True	True	True	False	False	False	1	1	0
Avila2021:0:0:61	2	isí	isí	VERB	0	0	root	root	True	True	True	False	False	False	2	2	0
Avila2021:0:0:61	3	será	será	PART	2	2	advmod	advmod	True	True	True	False	False	False	1	1	0
Avila2021:0:0:61	4	?	?	PUNCT	2	2	punct	punct	True	True	True	False	False	False	2	2	0
Avila2021:0:0:95	1	Aikwé	aikwé	PART	0	0	root	root	True	True	True	False	False	False	1	1	0
Avila2021:0:0:95	2	yepé	yepé	DET	4	3	det	det	False	True	False	True	False	False	2	1	-1
Avila2021:0:0:95	3	Isana	isana	PROPN	4	4	nmod:poss	nmod:poss	True	True	True	False	False	False	1	1	0
Avila2021:0:0:95	4	rakanga	sakanga	NOUN	1	1	nsubj	nsubj	True	True	True	False	False	False	3	3	0
Avila2021:0:0:95	5	sera	sera	NOUN	7	7	nsubj	nsubj	True	True	True	False	False	False	2	2	0
Avila2021:0:0:95	6	waá	waá	PRON	5	5	nmod:poss	nmod:poss	True	True	True	False	False	False	1	1	0
Avila2021:0:0:95	7	Pirayawara	pirayawara	PROPN	4	4	acl:relcl	acl:relcl	True	True	True	False	False	False	3	3	0
Avila2021:0:0:95	8	,	,	PUNCT	10	10	punct	punct	True	True	True	False	False	False	2	2	0
Avila2021:0:0:95	9	wirandé	wirandé	ADV	10	10	advmod	advmod	True	True	True	False	False	False	1	1	0
Avila2021:0:0:95	10	asú	sú	VERB	1	1	parataxis	parataxis	True	True	True	False	False	False	9	9	0
Avila2021:0:0:95	11	putari	putari	AUX	10	10	aux	aux	True	True	True	False	False	False	1	1	0
Avila2021:0:0:95	12	apinaitika	pinaitika	VERB	10	10	xcomp	parataxis	True	False	False	False	True	False	2	2	0
Avila2021:0:0:95	13	i	i	PRON	14	14	nmod:poss	nmod:poss	True	True	True	False	False	False	1	1	0
Avila2021:0:0:95	14	apira	apira	NOUN	10	12	obl	obl	False	True	False	True	False	False	4	2	2
Avila2021:0:0:95	15	kití	kití	ADP	14	14	case	case	True	True	True	False	False	False	1	1	0
Avila2021:0:0:95	16	.	.	PUNCT	1	1	punct	punct	True	True	True	False	False	False	15	15	0
Avila2021:0:0:103	1	Mayé	mayé	SCONJ	5	8	mark	mark	False	True	False	True	False	False	4	7	3
Avila2021:0:0:103	2	indé	indé	PRON	5	8	nsubj	nsubj	False	True	False	True	False	False	3	6	3
Avila2021:0:0:103	3	reikú	ikú	AUX	5	8	cop	cop	False	True	False	True	False	False	2	5	3
Avila2021:0:0:103	4	ana	ana	PART	5	8	advmod	advmod	False	True	False	True	False	False	1	4	3
Avila2021:0:0:103	5	iké	iké	ADV	8	8	advcl	advmod	True	False	False	False	True	False	3	3	0
Avila2021:0:0:103	6	,	,	PUNCT	5	8	punct	punct	False	True	False	True	False	False	1	2	3
Avila2021:0:0:103	7	yané	yané	PRON	8	8	nmod:poss	nmod:poss	True	True	True	False	False	False	1	1	0
Avila2021:0:0:103	8	rumuara	sumuara	NOUN	0	0	root	root	True	True	True	False	False	False	8	8	0
Avila2021:0:0:103	9	kurí	kurí	PART	8	8	advmod	advmod	True	True	True	False	False	False	1	1	0
Avila2021:0:0:103	10	indé	indé	PRON	8	8	nsubj	nsubj	True	True	True	False	False	False	2	2	0
Avila2021:0:0:103	11	.	.	PUNCT	8	8	punct	punct	True	True	True	False	False	False	3	3	0
Avila2021:0:0:133	1	Aé	aé	PRON	2	2	nsubj	nsubj	True	True	True	False	False	False	1	1	0
Avila2021:0:0:133	2	umundú	mundú	VERB	0	0	root	root	True	True	True	False	False	False	2	2	0
Avila2021:0:0:133	3	yeperesé	yeperesé	ADV	2	2	advmod	advmod	True	True	True	False	False	False	1	1	0
Avila2021:0:0:133	4	itakwara	itakwara	NOUN	2	2	obl	obl	True	True	True	False	False	False	2	2	0
Avila2021:0:0:133	5	kití	kití	ADP	4	4	case	case	True	True	True	False	False	False	1	1	0
Avila2021:0:0:133	6	panhẽ	panhẽ	DET	8	8	det	det	True	True	True	False	False	False	2	2	0
Avila2021:0:0:133	7	i	i	PRON	8	8	nmod:poss	nmod:poss	True	True	True	False	False	False	1	1	0
Avila2021:0:0:133	8	maã-itá	maã	NOUN	9	9	nmod:poss	nmod:poss	True	True	True	False	False	False	1	1	0
Avila2021:0:0:133	9	rimirera	ximirera	NOUN	2	2	obj	obj	True	True	True	False	False	False	7	7	0
Avila2021:0:0:133	10	,	,	PUNCT	14	14	punct	punct	True	True	True	False	False	False	4	4	0
Avila2021:0:0:133	11	ti	ti	PART	14	14	advmod	advmod	True	True	True	False	False	False	3	3	0
Avila2021:0:0:133	12	arama	arama	SCONJ	14	14	mark	mark	True	True	True	False	False	False	2	2	0
Avila2021:0:0:133	13	suayana-itá	suayana	NOUN	14	14	nsubj	nsubj	True	True	True	False	False	False	1	1	0
Avila2021:0:0:133	14	umunhã	munhã	VERB	2	2	advcl	advcl	True	True	True	False	False	False	12	12	0
Avila2021:0:0:133	15	amú	amú	PRON	14	14	obj	obj	True	True	True	False	False	False	1	1	0
Avila2021:0:0:133	16	aintá	aintá	PRON	15	14	nmod	obl	False	False	False	False	False	True	1	2	-1
Avila2021:0:0:133	17	yawé	yawé	ADP	16	16	case	case	True	True	True	False	False	False	1	1	0
Avila2021:0:0:133	18	.	.	PUNCT	2	2	punct	punct	True	True	True	False	False	False	16	16	0
Avila2021:0:0:134	1	Remunuã	munuã	VERB	0	0	root	root	True	True	True	False	False	False	1	1	0
Avila2021:0:0:134	2	ne	ne	PRON	3	3	nmod:poss	nmod:poss	True	True	True	False	False	False	1	1	0
Avila2021:0:0:134	3	mira-itá	mira	NOUN	1	1	obj	obj	True	True	True	False	False	False	2	2	0
Avila2021:0:0:134	4	,	,	PUNCT	5	5	punct	punct	True	True	True	False	False	False	1	1	0
Avila2021:0:0:134	5	remuyukwakú	muyukwakú	VERB	1	1	parataxis	parataxis	True	True	True	False	False	False	4	4	0
Avila2021:0:0:134	6	aintá	aintá	PRON	5	5	obj	obj	True	True	True	False	False	False	1	1	0
Avila2021:0:0:134	7	,	,	PUNCT	9	9	punct	punct	True	True	True	False	False	False	2	2	0
Avila2021:0:0:134	8	asú	sú	AUX	9	9	aux	aux	True	True	True	False	False	False	1	1	0
Avila2021:0:0:134	9	ambué	mbué	VERB	5	5	parataxis	parataxis	True	True	True	False	False	False	4	4	0
Avila2021:0:0:134	10	indé	indé	PRON	9	9	obj	obj	True	True	True	False	False	False	1	1	0
Avila2021:0:0:134	11	remundú	mundú	VERB	9	9	xcomp	xcomp	True	True	True	False	False	False	2	2	0
Avila2021:0:0:134	12	,	,	PUNCT	13	13	punct	punct	True	True	True	False	False	False	1	1	0
Avila2021:0:0:134	13	rekwáu	kwáu	VERB	9	11	advcl	advcl	False	True	False	True	False	False	4	2	2
Avila2021:0:0:134	14	arama	arama	SCONJ	13	13	mark	mark	True	True	True	False	False	False	1	1	0
Avila2021:0:0:134	15	remundú	mundú	VERB	13	13	xcomp	xcomp	True	True	True	False	False	False	2	2	0
Avila2021:0:0:134	16	ne	ne	PRON	17	17	nmod:poss	nmod:poss	True	True	True	False	False	False	1	1	0
Avila2021:0:0:134	17	mira-itá	mira	NOUN	15	15	obj	obj	True	True	True	False	False	False	2	2	0
Avila2021:0:0:134	18	.	.	PUNCT	1	1	punct	punct	True	True	True	False	False	False	17	17	0
Avila2021:0:0:143	1	Ariré	ariré	ADV	3	3	advmod	advmod	True	True	True	False	False	False	2	2	0
Avila2021:0:0:143	2	kurumĩ	kurumĩ	NOUN	3	3	nsubj	nsubj	True	True	True	False	False	False	1	1	0
Avila2021:0:0:143	3	usú	sú	VERB	0	0	root	root	True	True	True	False	False	False	3	3	0
Avila2021:0:0:143	4	ana	ana	PART	3	3	advmod	advmod	True	True	True	False	False	False	1	1	0
Avila2021:0:0:143	5	amú	amú	DET	6	6	det	det	True	True	True	False	False	False	1	1	0
Avila2021:0:0:143	6	tetama	tetama	NOUN	3	3	obl	obl	True	True	True	False	False	False	3	3	0
Avila2021:0:0:143	7	kití	kití	ADP	6	6	case	case	True	True	True	False	False	False	1	1	0
Avila2021:0:0:143	8	,	,	PUNCT	9	9	punct	punct	True	True	True	False	False	False	1	1	0
Avila2021:0:0:143	9	uyawáu	yawáu	VERB	3	3	parataxis	parataxis	True	True	True	False	False	False	6	6	0
Avila2021:0:0:143	10	amú-itá	amú	DET	12	12	det	det	True	True	True	False	False	False	2	2	0
Avila2021:0:0:143	11	i	i	PRON	12	12	nmod:poss	nmod:poss	True	True	True	False	False	False	1	1	0
Avila2021:0:0:143	12	anama	anama	NOUN	9	9	nsubj	obj	True	False	False	False	True	False	3	3	0
Avila2021:0:0:143	13	,	,	PUNCT	14	14	punct	punct	True	True	True	False	False	False	1	1	0
Avila2021:0:0:143	14	utirika	tirika	VERB	9	9	parataxis	parataxis	True	True	True	False	False	False	5	5	0
Avila2021:0:0:143	15	pawa	pawa	PART	14	14	advmod	advmod	True	True	True	False	False	False	1	1	0
Avila2021:0:0:143	16	kwá	kwá	ADV	14	14	obl	obl	True	True	True	False	False	False	2	2	0
Avila2021:0:0:143	17	suí	suí	ADP	16	16	case	case	True	True	True	False	False	False	1	1	0
Avila2021:0:0:143	18	aintá	aintá	PRON	19	19	nsubj	nsubj	True	True	True	False	False	False	1	1	0
Avila2021:0:0:143	19	usikié	sikié	VERB	14	14	advcl	advcl	True	True	True	False	False	False	5	5	0
Avila2021:0:0:143	20	resé	resé	SCONJ	19	19	mark	mark	True	True	True	False	False	False	1	1	0
Avila2021:0:0:143	21	.	.	PUNCT	3	3	punct	punct	True	True	True	False	False	False	18	18	0
Avila2021:0:0:146	1	Asú	sú	AUX	2	2	aux	aux	True	True	True	False	False	False	1	1	0
Avila2021:0:0:146	2	amupuãmu	mupuãmu	VERB	0	0	root	root	True	True	True	False	False	False	2	2	0
Avila2021:0:0:146	3	se	se	PRON	4	4	nmod:poss	nmod:poss	True	True	True	False	False	False	1	1	0
Avila2021:0:0:146	4	kisawa	kisawa	NOUN	2	2	obj	obj	True	True	True	False	False	False	2	2	0
Avila2021:0:0:146	5	se	se	PRON	6	6	nmod:poss	nmod:poss	True	True	True	False	False	False	1	1	0
Avila2021:0:0:146	6	tiãnha	tiãnha	NOUN	2	2	obl	obl	True	True	True	False	False	False	4	4	0
Avila2021:0:0:146	7	resé	resé	ADP	6	6	case	case	True	True	True	False	False	False	1	1	0
Avila2021:0:0:146	8	.	.	PUNCT	2	2	punct	punct	True	True	True	False	False	False	6	6	0
Avila2021:14:1:157	1	Nẽ	nẽ	PART	3	3	advmod	advmod	True	True	True	False	False	False	2	2	0
Avila2021:14:1:157	2	paá	paá	PART	3	3	advmod	advmod	True	True	True	False	False	False	1	1	0
Avila2021:14:1:157	3	uxari	xari	VERB	0	0	root	root	True	True	True	False	False	False	3	3	0
Avila2021:14:1:157	4	i	i	PRON	5	5	nmod:poss	nmod:poss	True	True	True	False	False	False	1	1	0
Avila2021:14:1:157	5	manha	manha	NOUN	3	3	obj	obj	True	True	True	False	False	False	2	2	0
Avila2021:14:1:157	6	.	.	PUNCT	3	3	punct	punct	True	True	True	False	False	False	3	3	0
Avila2021:0:0:161	1	Apekatú	apekatú	ADV	8	5	advmod	advmod	False	True	False	True	False	False	7	4	-3
Avila2021:0:0:161	2	,	,	PUNCT	1	5	punct	punct	False	True	False	True	False	False	1	3	4
Avila2021:0:0:161	3	makití	makití	ADV	8	5	advmod	advmod	False	True	False	True	False	False	5	2	-3
Avila2021:0:0:161	4	kurasí	kurasí	NOUN	5	5	nsubj	nsubj	True	True	True	False	False	False	1	1	0
Avila2021:0:0:161	5	uyenú	yenú	VERB	3	0	advcl:relcl	root	False	False	False	False	False	True	2	5	-3
Avila2021:0:0:161	6	,	,	PUNCT	3	8	punct	punct	False	True	False	True	False	False	3	2	5
Avila2021:0:0:161	7	mira	mira	NOUN	8	8	nsubj	nsubj	True	True	True	False	False	False	1	1	0
Avila2021:0:0:161	8	usendú	sendú	VERB	0	5	root	parataxis	False	False	False	False	False	True	8	3	5
Avila2021:0:0:161	9	Poronominare	poronominare	PROPN	10	10	nmod:poss	nmod:poss	True	True	True	False	False	False	1	1	0
Avila2021:0:0:161	10	manha	manha	NOUN	11	11	nmod:poss	nmod:poss	True	True	True	False	False	False	1	1	0
Avila2021:0:0:161	11	nheengarisawa	nheengarisawa	NOUN	8	8	obj	obj	True	True	True	False	False	False	3	3	0
Avila2021:0:0:161	12	.	.	PUNCT	8	5	punct	punct	False	True	False	True	False	False	4	7	-3
Avila2021:0:0:174	1	Yepé	yepé	DET	2	2	det	det	True	True	True	False	False	False	1	1	0
Avila2021:0:0:174	2	ara	ara	NOUN	5	5	obl	obl	True	True	True	False	False	False	3	3	0
Avila2021:0:0:174	3	paá	paá	PART	5	5	advmod	advmod	True	True	True	False	False	False	2	2	0
Avila2021:0:0:174	4	wainambí	wainambí	NOUN	5	5	nsubj	nsubj	True	True	True	False	False	False	1	1	0
Avila2021:0:0:174	5	uyusaã	yusaã	VERB	0	0	root	root	True	True	True	False	False	False	5	5	0
Avila2021:0:0:174	6	manguarí	manguarí	NOUN	5	5	obl	obl	True	True	True	False	False	False	1	1	0
Avila2021:0:0:174	7	irumu	irumu	ADP	6	6	case	case	True	True	True	False	False	False	1	1	0
Avila2021:0:0:174	8	,	,	PUNCT	10	10	punct	punct	True	True	True	False	False	False	2	2	0
Avila2021:0:0:174	9	ta	ta	PRON	10	10	nsubj	nsubj	True	True	True	False	False	False	1	1	0
Avila2021:0:0:174	10	umaã	maã	VERB	5	5	advcl	advcl	True	True	True	False	False	False	5	5	0
Avila2021:0:0:174	11	arã	arã	SCONJ	10	10	mark	mark	True	True	True	False	False	False	1	1	0
Avila2021:0:0:174	12	awá	awá	PRON	16	16	nsubj	nsubj	True	True	True	False	False	False	4	4	0
Avila2021:0:0:174	13	taá	taá	PART	16	16	advmod	advmod	True	True	True	False	False	False	3	3	0
Avila2021:0:0:174	14	kutara	kutara	ADV	16	16	advmod	advmod	True	True	True	False	False	False	2	2	0
Avila2021:0:0:174	15	piri	piri	ADV	14	14	advmod	advmod	True	True	True	False	False	False	1	1	0
Avila2021:0:0:174	16	uyasá	yasá	VERB	10	10	ccomp	ccomp	True	True	True	False	False	False	6	6	0
Avila2021:0:0:174	17	paranawasú	paranawasú	NOUN	16	16	obj	obj	True	True	True	False	False	False	1	1	0
Avila2021:0:0:174	18	.	.	PUNCT	5	5	punct	punct	True	True	True	False	False	False	13	13	0
Avila2021:0:0:183	1	Compadre	compadre	NOUN	4	4	vocative	vocative	True	True	True	False	False	False	3	3	0
Avila2021:0:0:183	2	,	,	PUNCT	1	1	punct	punct	True	True	True	False	False	False	1	1	0
Avila2021:0:0:183	3	puxiwera	puxiwera	ADV	4	4	advmod	advmod	True	True	True	False	False	False	1	1	0
Avila2021:0:0:183	4	asasá	sasá	VERB	0	0	root	root	True	True	True	False	False	False	4	4	0
Avila2021:0:0:183	5	,	,	PUNCT	8	8	punct	punct	True	True	True	False	False	False	3	3	0
Avila2021:0:0:183	6	mirá	mirá	NOUN	7	7	nmod:poss	nmod:poss	True	True	True	False	False	False	1	1	0
Avila2021:0:0:183	7	rumitera	sumitera	NOUN	8	8	nsubj	nsubj	True	True	True	False	False	False	1	1	0
Avila2021:0:0:183	8	uwiké	wiké	VERB	4	4	parataxis	parataxis	True	True	True	False	False	False	4	4	0
Avila2021:0:0:183	9	se	se	PRON	10	10	nmod:poss	nmod:poss	True	True	True	False	False	False	1	1	0
Avila2021:0:0:183	10	putiá	putiá	NOUN	8	8	obl	obl	True	True	True	False	False	False	2	2	0
Avila2021:0:0:183	11	pe	upé	ADP	10	10	case	case	True	True	True	False	False	False	1	1	0
Avila2021:0:0:183	12	,	,	PUNCT	13	13	punct	punct	True	True	True	False	False	False	1	1	0
Avila2021:0:0:183	13	reyuri	yuri	VERB	8	8	parataxis	parataxis	True	True	True	False	False	False	5	5	0
Avila2021:0:0:183	14	reyuuka	yuuka	VERB	13	13	xcomp	xcomp	True	True	True	False	False	False	1	1	0
Avila2021:0:0:183	15	ixé	ixé	PRON	14	14	obj	obj	True	True	True	False	False	False	1	1	0
Avila2021:0:0:183	16	kwá	kwá	ADV	14	14	obl	obl	True	True	True	False	False	False	2	2	0
Avila2021:0:0:183	17	suí	suí	ADP	16	16	case	case	True	True	True	False	False	False	1	1	0
Avila2021:0:0:183	18	.	.	PUNCT	4	4	punct	punct	True	True	True	False	False	False	14	14	0
Avila2021:0:0:186	1	Kuíri	kuíri	ADV	6	6	advmod	advmod	True	True	True	False	False	False	5	5	0
Avila2021:0:0:186	2	,	,	PUNCT	1	6	punct	punct	False	True	False	True	False	False	1	4	5
Avila2021:0:0:186	3	ti	ti	PART	6	6	advmod	advmod	True	True	True	False	False	False	3	3	0
Avila2021:0:0:186	4	arama	arama	SCONJ	6	6	mark	mark	True	True	True	False	False	False	2	2	0
Avila2021:0:0:186	5	aintá	aintá	PRON	6	6	nsubj	nsubj	True	True	True	False	False	False	1	1	0
Avila2021:0:0:186	6	umusarái	musarái	VERB	10	0	advcl	root	False	False	False	False	False	True	4	6	-10
Avila2021:0:0:186	7	ne	ne	PRON	6	6	obl	obl	True	True	True	False	False	False	1	1	0
Avila2021:0:0:186	8	resé	resé	ADP	7	7	case	case	True	True	True	False	False	False	1	1	0
Avila2021:0:0:186	9	,	,	PUNCT	6	10	punct	punct	False	True	False	True	False	False	3	1	4
Avila2021:0:0:186	10	remutatatinga	mutatatinga	VERB	0	6	root	parataxis	False	False	False	False	False	True	10	4	6
Avila2021:0:0:186	11	aintá	aintá	PRON	10	10	obj	obj	True	True	True	False	False	False	1	1	0
Avila2021:0:0:186	12	sikantá	sikantá	NOUN	10	10	obl	obl	True	True	True	False	False	False	2	2	0
Avila2021:0:0:186	13	pe	upé	ADP	12	12	case	case	True	True	True	False	False	False	1	1	0
Avila2021:0:0:186	14	uyeréu	yeréu	VERB	10	10	advcl	advcl	True	True	True	False	False	False	4	4	0
Avila2021:0:0:186	15	arama	arama	SCONJ	14	14	mark	mark	True	True	True	False	False	False	1	1	0
Avila2021:0:0:186	16	itá	itá	NOUN	14	14	xcomp	obj	True	False	False	False	True	False	2	2	0
Avila2021:0:0:186	17	.	.	PUNCT	10	6	punct	punct	False	True	False	True	False	False	7	11	-4
Avila2021:0:0:206	1	Aé	aé	PRON	2	2	nsubj	nsubj	True	True	True	False	False	False	1	1	0
Avila2021:0:0:206	2	usú	sú	VERB	0	0	root	root	True	True	True	False	False	False	2	2	0
Avila2021:0:0:206	3	wã	wã	PART	2	2	advmod	advmod	True	True	True	False	False	False	1	1	0
Avila2021:0:0:206	4	i	i	PRON	5	5	nmod:poss	nmod:poss	True	True	True	False	False	False	1	1	0
Avila2021:0:0:206	5	tawa	tawa	NOUN	2	2	obl	obl	True	True	True	False	False	False	3	3	0
Avila2021:0:0:206	6	kití	kití	ADP	5	5	case	case	True	True	True	False	False	False	1	1	0
Avila2021:0:0:206	7	.	.	PUNCT	2	2	punct	punct	True	True	True	False	False	False	5	5	0
Avila2021:0:0:213	1	Ape	ape	ADV	3	3	advmod	advmod	True	True	True	False	False	False	2	2	0
Avila2021:0:0:213	2	paá	paá	PART	3	3	advmod	advmod	True	True	True	False	False	False	1	1	0
Avila2021:0:0:213	3	umaã	maã	VERB	0	0	root	root	True	True	True	False	False	False	3	3	0
Avila2021:0:0:213	4	yuí-itá	yuí	NOUN	5	5	nsubj	nsubj	True	True	True	False	False	False	1	1	0
Avila2021:0:0:213	5	upupuri	pupuri	VERB	3	3	ccomp	ccomp	True	True	True	False	False	False	2	2	0
Avila2021:0:0:213	6	,	,	PUNCT	8	8	punct	punct	True	True	True	False	False	False	2	2	0
Avila2021:0:0:213	7	ape	ape	ADV	8	8	advmod	advmod	True	True	True	False	False	False	1	1	0
Avila2021:0:0:213	8	unheẽ	nheẽ	VERB	5	3	parataxis	parataxis	False	True	False	True	False	False	3	5	-2
Avila2021:0:0:213	9	tayera-itá	tayera	NOUN	8	8	iobj	iobj	True	True	True	False	False	False	1	1	0
Avila2021:0:0:213	10	supé	supé	ADP	9	9	case	case	True	True	True	False	False	False	1	1	0
Avila2021:0:0:213	11	:	:	PUNCT	13	13	punct	punct	True	True	True	False	False	False	2	2	0
Avila2021:0:0:213	12	―	―	PUNCT	13	13	punct	punct	True	True	True	False	False	False	1	1	0
Avila2021:0:0:213	13	Pemaã	maã	VERB	8	8	ccomp	ccomp	True	True	True	False	False	False	5	5	0
Avila2021:0:0:213	14	nhaã-itá	nhaã	PRON	13	13	obj	obj	True	True	True	False	False	False	1	1	0
Avila2021:0:0:213	15	upupuri	pupuri	VERB	14	14	acl:relcl	acl:relcl	True	True	True	False	False	False	1	1	0
Avila2021:0:0:213	16	waá-itá	waá	PRON	15	15	nsubj	obj	True	False	False	False	True	False	1	1	0
Avila2021:0:0:213	17	,	,	PUNCT	19	19	punct	punct	True	True	True	False	False	False	2	2	0
Avila2021:0:0:213	18	pesú	sú	AUX	19	19	aux	aux	True	True	True	False	False	False	1	1	0
Avila2021:0:0:213	19	peyuuka	yuuka	VERB	13	13	parataxis	parataxis	True	True	True	False	False	False	6	6	0
Avila2021:0:0:213	20	,	,	PUNCT	21	21	punct	punct	True	True	True	False	False	False	1	1	0
Avila2021:0:0:213	21	pemixiri	mixiri	VERB	19	19	parataxis	parataxis	True	True	True	False	False	False	2	2	0
Avila2021:0:0:213	22	,	,	PUNCT	23	23	punct	punct	True	True	True	False	False	False	1	1	0
Avila2021:0:0:213	23	yasaã	saã	VERB	21	21	advcl	advcl	True	True	True	False	False	False	2	2	0
Avila2021:0:0:213	24	arama	arama	SCONJ	23	23	mark	mark	True	True	True	False	False	False	1	1	0
Avila2021:0:0:213	25	sa	sa	SCONJ	26	26	mark	mark	True	True	True	False	False	False	1	1	0
Avila2021:0:0:213	26	puranga	puranga	ADJ	23	23	ccomp	advcl	True	False	False	False	True	False	3	3	0
Avila2021:0:0:213	27	yambaú	mbaú	VERB	26	26	advcl	advcl	True	True	True	False	False	False	1	1	0
Avila2021:0:0:213	28	arã	arã	SCONJ	27	27	mark	mark	True	True	True	False	False	False	1	1	0
Avila2021:0:0:213	29	aintá	aintá	PRON	27	27	obj	obj	True	True	True	False	False	False	2	2	0
Avila2021:0:0:213	30	.	.	PUNCT	3	3	punct	punct	True	True	True	False	False	False	27	27	0
Avila2021:0:0:238	1	Arikú	rikú	VERB	0	0	root	root	True	True	True	False	False	False	1	1	0
Avila2021:0:0:238	2	se	se	PRON	3	3	nmod:poss	nmod:poss	True	True	True	False	False	False	1	1	0
Avila2021:0:0:238	3	rimbawa	simbawa	NOUN	1	1	obj	obj	True	True	True	False	False	False	2	2	0
Avila2021:0:0:238	4	,	,	PUNCT	7	7	punct	punct	True	True	True	False	False	False	3	3	0
Avila2021:0:0:238	5	se	se	PRON	6	6	nmod:poss	nmod:poss	True	True	True	False	False	False	1	1	0
Avila2021:0:0:238	6	kwekatú	kwekatú	NOUN	7	7	nmod:poss	nmod:poss	True	True	True	False	False	False	1	1	0
Avila2021:0:0:238	7	rasusara	rasusara	NOUN	3	1	appos	parataxis	False	False	False	False	False	True	4	6	-2
Avila2021:0:0:238	8	.	.	PUNCT	1	1	punct	punct	True	True	True	False	False	False	7	7	0
Avila2021:0:0:244	1	Ma	ma	CCONJ	5	11	cc	cc	False	True	False	True	False	False	4	10	6
Avila2021:0:0:244	2	mairamé	mairamé	SCONJ	3	5	mark	mark	False	True	False	True	False	False	1	3	2
Avila2021:0:0:244	3	apigá	apigá	NOUN	5	5	advcl	nsubj	True	False	False	False	True	False	2	2	0
Avila2021:0:0:244	4	,	,	PUNCT	3	3	punct	punct	True	True	True	False	False	False	1	1	0
Avila2021:0:0:244	5	uwatá	watá	VERB	0	11	root	advcl	False	False	False	False	False	True	5	6	11
Avila2021:0:0:244	6	i	i	PRON	7	7	nmod:poss	nmod:poss	True	True	True	False	False	False	1	1	0
Avila2021:0:0:244	7	manha	manha	NOUN	5	5	obl	obl	True	True	True	False	False	False	2	2	0
Avila2021:0:0:244	8	irumu	irumu	ADP	7	7	case	case	True	True	True	False	False	False	1	1	0
Avila2021:0:0:244	9	até	até	ADP	10	11	case	mark	False	False	False	False	False	True	1	2	1
Avila2021:0:0:244	10	mairamé	mairamé	ADV	5	11	advmod	advmod	False	True	False	True	False	False	5	1	6
Avila2021:0:0:244	11	umpuruã	mpuruã	VERB	10	0	advcl:relcl	root	False	False	False	False	False	True	1	11	-10
Avila2021:0:0:244	12	i	i	PRON	13	13	nmod:poss	nmod:poss	True	True	True	False	False	False	1	1	0
Avila2021:0:0:244	13	manha	manha	NOUN	11	11	obj	obj	True	True	True	False	False	False	2	2	0
Avila2021:0:0:244	14	.	.	PUNCT	11	11	punct	punct	True	True	True	False	False	False	3	3	0
Avila2021:0:0:285	1	Aé	aé	PRON	2	2	nsubj	nsubj	True	True	True	False	False	False	1	1	0
Avila2021:0:0:285	2	uyukatiwa	yuká	VERB	0	0	root	root	True	True	True	False	False	False	2	2	0
Avila2021:0:0:285	3	yakaré	yakaré	NOUN	2	4	obj	nsubj	False	False	False	False	False	True	1	1	2
Avila2021:0:0:285	4	usú	sú	VERB	2	2	advcl	advcl	True	True	True	False	False	False	2	2	0
Avila2021:0:0:285	5	rametiwa	ramé	SCONJ	4	4	mark	mark	True	True	True	False	False	False	1	1	0
Avila2021:0:0:285	6	tumasawa	tumasawa	NOUN	4	4	obl	obl	True	True	True	False	False	False	2	2	0
Avila2021:0:0:285	7	kití	kití	ADP	6	6	case	case	True	True	True	False	False	False	1	1	0
Avila2021:0:0:285	8	.	.	PUNCT	2	2	punct	punct	True	True	True	False	False	False	6	6	0
Avila2021:0:0:286	1	Indé	indé	PRON	2	2	nsubj	nsubj	True	True	True	False	False	False	1	1	0
Avila2021:0:0:286	2	inambú	inambú	NOUN	0	0	root	root	True	True	True	False	False	False	2	2	0
Avila2021:0:0:286	3	kurí	kurí	PART	2	2	advmod	advmod	True	True	True	False	False	False	1	1	0
Avila2021:0:0:286	4	,	,	PUNCT	5	5	punct	punct	True	True	True	False	False	False	1	1	0
Avila2021:0:0:286	5	unheengari	nheengari	VERB	2	2	advcl	advcl	True	True	True	False	False	False	3	3	0
Avila2021:0:0:286	6	arama	arama	SCONJ	5	5	mark	mark	True	True	True	False	False	False	1	1	0
Avila2021:0:0:286	7	karuka	karuka	NOUN	5	5	obl	obl	True	True	True	False	False	False	2	2	0
Avila2021:0:0:286	8	ramé	ramé	ADP	7	7	case	case	True	True	True	False	False	False	1	1	0
Avila2021:0:0:286	9	,	,	PUNCT	10	10	punct	punct	True	True	True	False	False	False	1	1	0
Avila2021:0:0:286	10	pituna	pituna	NOUN	7	2	conj	conj	False	True	False	True	False	False	3	8	-5
Avila2021:0:0:286	11	ramé	ramé	ADP	10	10	case	case	True	True	True	False	False	False	1	1	0
Avila2021:0:0:286	12	,	,	PUNCT	13	13	punct	punct	True	True	True	False	False	False	1	1	0
Avila2021:0:0:286	13	pisayé	pisayé	NOUN	7	2	conj	conj	False	True	False	True	False	False	6	11	-5
Avila2021:0:0:286	14	ramé	ramé	ADP	13	13	case	case	True	True	True	False	False	False	1	1	0
Avila2021:0:0:286	15	,	,	PUNCT	16	16	punct	punct	True	True	True	False	False	False	1	1	0
Avila2021:0:0:286	16	pituna-pukú	pituna-pukú	NOUN	7	2	conj	conj	False	True	False	True	False	False	9	14	-5
Avila2021:0:0:286	17	ramé	ramé	ADP	16	16	case	case	True	True	True	False	False	False	1	1	0
Avila2021:0:0:286	18	,	,	PUNCT	19	19	punct	punct	True	True	True	False	False	False	1	1	0
Avila2021:0:0:286	19	kuẽma-piranga	kuẽma-piranga	NOUN	7	2	conj	conj	False	True	False	True	False	False	12	17	-5
Avila2021:0:0:286	20	ramé	ramé	ADP	19	19	case	case	True	True	True	False	False	False	1	1	0
Avila2021:0:0:286	21	.	.	PUNCT	2	2	punct	punct	True	True	True	False	False	False	19	19	0
Avila2021:26:1:302	1	Aiwã	aiwã	ADV	3	3	advmod	advmod	True	True	True	False	False	False	2	2	0
Avila2021:26:1:302	2	paá	paá	PART	3	3	advmod	advmod	True	True	True	False	False	False	1	1	0
Avila2021:26:1:302	3	usika	sika	VERB	0	0	root	root	True	True	True	False	False	False	3	3	0
Avila2021:26:1:302	4	nhaã	nhaã	DET	5	5	det	det	True	True	True	False	False	False	1	1	0
Avila2021:26:1:302	5	upé	upé	NOUN	3	3	nsubj	nsubj	True	True	True	False	False	False	2	2	0
Avila2021:26:1:302	6	.	.	PUNCT	3	3	punct	punct	True	True	True	False	False	False	3	3	0
Avila2021:0:0:307	1	Kurasí	kurasí	NOUN	5	2	nsubj	nsubj	False	True	False	True	False	False	4	1	-3
Avila2021:0:0:307	2	iwaté	iwaté	ADJ	0	0	root	root	True	True	True	False	False	False	2	2	0
Avila2021:0:0:307	3	ã	ã	PART	2	2	advmod	advmod	True	True	True	False	False	False	1	1	0
Avila2021:0:0:307	4	,	,	PUNCT	5	5	punct	punct	True	True	True	False	False	False	1	1	0
Avila2021:0:0:307	5	asú	sú	VERB	2	2	parataxis	parataxis	True	True	True	False	False	False	3	3	0
Avila2021:0:0:307	6	putari	putari	AUX	5	5	aux	aux	True	True	True	False	False	False	1	1	0
Avila2021:0:0:307	7	apurakí	purakí	VERB	5	5	xcomp	xcomp	True	True	True	False	False	False	2	2	0
Avila2021:0:0:307	8	.	.	PUNCT	2	2	punct	punct	True	True	True	False	False	False	6	6	0
Avila2021:0:0:312	1	Ta	ta	PRON	2	2	nsubj	nsubj	True	True	True	False	False	False	1	1	0
Avila2021:0:0:312	2	umundú	mundú	VERB	0	0	root	root	True	True	True	False	False	False	2	2	0
Avila2021:0:0:312	3	ã	ã	PART	2	2	advmod	advmod	True	True	True	False	False	False	1	1	0
Avila2021:0:0:312	4	ta	ta	PRON	5	5	nsubj	nsubj	True	True	True	False	False	False	1	1	0
Avila2021:0:0:312	5	uwiyé	wiyé	VERB	2	2	ccomp	xcomp	True	False	False	False	True	False	3	3	0
Avila2021:0:0:312	6	igara	igara	NOUN	5	5	obl	obl	True	True	True	False	False	False	1	1	0
Avila2021:0:0:312	7	kití	kití	ADP	6	6	case	case	True	True	True	False	False	False	1	1	0
Avila2021:0:0:312	8	,	,	PUNCT	10	10	punct	punct	True	True	True	False	False	False	2	2	0
Avila2021:0:0:312	9	ta	ta	PRON	10	10	nsubj	nsubj	True	True	True	False	False	False	1	1	0
Avila2021:0:0:312	10	uyuíri	yuíri	VERB	5	5	parataxis	parataxis	True	True	True	False	False	False	5	5	0
Avila2021:0:0:312	11	paá	paá	PART	10	10	advmod	advmod	True	True	True	False	False	False	1	1	0
Avila2021:0:0:312	12	ta	ta	PRON	13	13	nsubj	nsubj	True	True	True	False	False	False	1	1	0
Avila2021:0:0:312	13	uyapukúi	yapukúi	VERB	10	10	parataxis	xcomp	True	False	False	False	True	False	3	3	0
Avila2021:0:0:312	14	,	,	PUNCT	20	20	punct	punct	True	True	True	False	False	False	6	6	0
Avila2021:0:0:312	15	kwayentu	kwayentu	ADV	20	20	advmod	advmod	True	True	True	False	False	False	5	5	0
Avila2021:0:0:312	16	ã	ã	PART	20	15	advmod	advmod	False	True	False	True	False	False	4	1	-5
Avila2021:0:0:312	17	tẽ	tẽ	PART	20	16	advmod	advmod	False	True	False	True	False	False	3	1	-4
Avila2021:0:0:312	18	paá	paá	PART	20	20	advmod	advmod	True	True	True	False	False	False	2	2	0
Avila2021:0:0:312	19	ta	ta	PRON	20	20	nsubj	nsubj	True	True	True	False	False	False	1	1	0
Avila2021:0:0:312	20	usika	sika	VERB	13	2	advcl	parataxis	False	False	False	False	False	True	7	18	-11
Avila2021:0:0:312	21	arã	arã	SCONJ	20	20	mark	mark	True	True	True	False	False	False	1	1	0
Avila2021:0:0:312	22	ta	ta	PRON	23	23	nmod:poss	nmod:poss	True	True	True	False	False	False	1	1	0
Avila2021:0:0:312	23	rendawa	tendawa	NOUN	20	20	obl	obl	True	True	True	False	False	False	3	3	0
Avila2021:0:0:312	24	kití	kití	ADP	23	23	case	case	True	True	True	False	False	False	1	1	0
Avila2021:0:0:312	25	,	,	PUNCT	20	26	punct	punct	False	True	False	True	False	False	5	1	6
Avila2021:0:0:312	26	apekatú	apekatú	ADV	20	20	advmod	advcl	True	False	False	False	True	False	6	6	0
Avila2021:0:0:312	27	.	.	PUNCT	2	2	punct	punct	True	True	True	False	False	False	25	25	0
Avila2021:0:0:321	1	Sasí	sasí	VERB	0	0	root	root	True	True	True	False	False	False	1	1	0
Avila2021:0:0:321	2	ana	ana	PART	1	1	advmod	advmod	True	True	True	False	False	False	1	1	0
Avila2021:0:0:321	3	paá	paá	PART	1	1	advmod	advmod	True	True	True	False	False	False	2	2	0
Avila2021:0:0:321	4	i	i	PRON	5	5	nmod:poss	nmod:poss	True	True	True	False	False	False	1	1	0
Avila2021:0:0:321	5	piá	piá	NOUN	1	6	nsubj	nmod:poss	False	False	False	False	False	True	4	1	5
Avila2021:0:0:321	6	yumasí	yumasí	NOUN	1	1	obl	obl	True	True	True	False	False	False	5	5	0
Avila2021:0:0:321	7	resé	resé	ADP	6	6	case	case	True	True	True	False	False	False	1	1	0
Avila2021:0:0:321	8	,	,	PUNCT	10	10	punct	punct	True	True	True	False	False	False	2	2	0
Avila2021:0:0:321	9	aé	aé	PRON	10	10	nsubj	nsubj	True	True	True	False	False	False	1	1	0
Avila2021:0:0:321	10	ukamirika	kamirika	VERB	1	1	parataxis	parataxis	True	True	True	False	False	False	9	9	0
Avila2021:0:0:321	11	i	i	PRON	12	12	nmod:poss	nmod:poss	True	True	True	False	False	False	1	1	0
Avila2021:0:0:321	12	marika	marika	NOUN	10	10	obj	obj	True	True	True	False	False	False	2	2	0
Avila2021:0:0:321	13	usasá	sasá	VERB	10	10	advcl	advcl	True	True	True	False	False	False	3	3	0
Avila2021:0:0:321	14	xinga	xinga	ADV	13	13	advmod	advmod	True	True	True	False	False	False	1	1	0
Avila2021:0:0:321	15	arama	arama	SCONJ	13	13	mark	mark	True	True	True	False	False	False	2	2	0
Avila2021:0:0:321	16	.	.	PUNCT	1	1	punct	punct	True	True	True	False	False	False	15	15	0
Avila2021:28:1:324	1	Igantiwa	igantiwa	NOUN	3	0	vocative	root	False	False	False	False	False	True	2	1	-3
Avila2021:28:1:324	2	,	,	PUNCT	1	3	punct	punct	False	True	False	True	False	False	1	1	2
Avila2021:28:1:324	3	itá	itá	NOUN	0	1	root	conj	False	False	False	False	False	True	3	2	1
Avila2021:28:1:324	4	kití	kití	ADP	3	3	case	case	True	True	True	False	False	False	1	1	0
Avila2021:28:1:324	5	.	.	PUNCT	3	1	punct	punct	False	True	False	True	False	False	2	4	-2
Avila2021:0:0:378	1	Kariwa	kariwa	NOUN	2	2	nmod:poss	nmod:poss	True	True	True	False	False	False	1	1	0
Avila2021:0:0:378	2	nheenga	nheenga	NOUN	4	4	obl	obl	True	True	True	False	False	False	2	2	0
Avila2021:0:0:378	3	rupí	rupí	ADP	2	2	case	case	True	True	True	False	False	False	1	1	0
Avila2021:0:0:378	4	yasaã	saã	VERB	0	0	root	root	True	True	True	False	False	False	4	4	0
Avila2021:0:0:378	5	iwasuíma	iwasú	ADJ	4	4	ccomp	xcomp	True	False	False	False	True	False	1	1	0
Avila2021:0:0:378	6	,	,	PUNCT	8	8	punct	punct	True	True	True	False	False	False	2	2	0
Avila2021:0:0:378	7	nhaãsé	nhaãsé	SCONJ	8	8	mark	mark	True	True	True	False	False	False	1	1	0
Avila2021:0:0:378	8	yayupukwá	yupukwá	VERB	4	4	advcl	advcl	True	True	True	False	False	False	4	4	0
Avila2021:0:0:378	9	wã	wã	PART	8	8	advmod	advmod	True	True	True	False	False	False	1	1	0
Avila2021:0:0:378	10	i	i	PRON	8	8	obl	obl	True	True	True	False	False	False	2	2	0
Avila2021:0:0:378	11	irumu	irumu	ADP	10	10	case	case	True	True	True	False	False	False	1	1	0
Avila2021:0:0:378	12	.	.	PUNCT	4	4	punct	punct	True	True	True	False	False	False	8	8	0
Avila2021:0:0:383	1	Ape	ape	ADV	6	6	advmod	advmod	True	True	True	False	False	False	5	5	0
Avila2021:0:0:383	2	ana	ana	PART	6	6	advmod	advmod	True	True	True	False	False	False	4	4	0
Avila2021:0:0:383	3	tẽ	tẽ	PART	1	6	advmod	advmod	False	True	False	True	False	False	2	3	5
Avila2021:0:0:383	4	paá	paá	PART	6	6	advmod	advmod	True	True	True	False	False	False	2	2	0
Avila2021:0:0:383	5	tipusiwasú	tipusí	NOUN	6	6	nsubj	nsubj	True	True	True	False	False	False	1	1	0
Avila2021:0:0:383	6	umungiri	mungiri	VERB	0	0	root	root	True	True	True	False	False	False	6	6	0
Avila2021:0:0:383	7	aé	aé	PRON	6	6	obj	obj	True	True	True	False	False	False	1	1	0
Avila2021:0:0:383	8	.	.	PUNCT	6	6	punct	punct	True	True	True	False	False	False	2	2	0
Avila2021:0:0:392	1	[...]	[...]	PUNCT	3	3	punct	punct	True	True	True	False	False	False	2	2	0
Avila2021:0:0:392	2	aintá	aintá	PRON	3	3	nsubj	nsubj	True	True	True	False	False	False	1	1	0
Avila2021:0:0:392	3	usaã	saã	VERB	0	0	root	root	True	True	True	False	False	False	3	3	0
Avila2021:0:0:392	4	sakusawa	sakusawa	NOUN	3	6	obj	nsubj	False	False	False	False	False	True	1	2	3
Avila2021:0:0:392	5	sé	sé	ADJ	4	4	amod	amod	True	True	True	False	False	False	1	1	0
Avila2021:0:0:392	6	usika	sika	VERB	3	3	xcomp	parataxis	True	False	False	False	True	False	3	3	0
Avila2021:0:0:392	7	aintá	aintá	PRON	8	8	nmod:poss	nmod:poss	True	True	True	False	False	False	1	1	0
Avila2021:0:0:392	8	pira	pira	NOUN	6	6	obl	obl	True	True	True	False	False	False	2	2	0
Avila2021:0:0:392	9	resé	resé	ADP	8	8	case	case	True	True	True	False	False	False	1	1	0
Avila2021:0:0:392	10	iwitú	iwitú	NOUN	6	6	obl	obl	True	True	True	False	False	False	4	4	0
Avila2021:0:0:392	11	yawé	yawé	ADP	10	10	case	case	True	True	True	False	False	False	1	1	0
Avila2021:0:0:392	12	,	,	PUNCT	3	3	punct	punct	True	True	True	False	False	False	9	9	0
Avila2021:0:0:392	13	[...]	[...]	PUNCT	3	3	punct	punct	True	True	True	False	False	False	10	10	0
Avila2021:0:0:392	14	.	.	PUNCT	3	3	punct	punct	True	True	True	False	False	False	11	11	0
Avila2021:0:0:397	1	Resaã	saã	VERB	0	0	root	root	True	True	True	False	False	False	1	1	0
Avila2021:0:0:397	2	nhaã	nhaã	DET	3	3	det	det	True	True	True	False	False	False	1	1	0
Avila2021:0:0:397	3	kamixá	kamixá	NOUN	1	1	obj	obj	True	True	True	False	False	False	2	2	0
Avila2021:0:0:397	4	aruri	ruri	VERB	3	3	acl:relcl	acl:relcl	True	True	True	False	False	False	1	1	0
Avila2021:0:0:397	5	waá	waá	PRON	4	4	obj	obj	True	True	True	False	False	False	1	1	0
Avila2021:0:0:397	6	indé	indé	PRON	4	4	iobj	iobj	True	True	True	False	False	False	2	2	0
Avila2021:0:0:397	7	arã	arã	ADP	6	6	case	case	True	True	True	False	False	False	1	1	0
Avila2021:0:0:397	8	.	.	PUNCT	1	1	punct	punct	True	True	True	False	False	False	7	7	0
Avila2021:0:0:401	1	Se	se	PRON	2	2	nmod:poss	nmod:poss	True	True	True	False	False	False	1	1	0
Avila2021:0:0:401	2	iwá-itá	iwá	NOUN	0	5	root	vocative	False	False	False	False	False	True	2	3	5
Avila2021:0:0:401	3	,	,	PUNCT	5	2	punct	punct	False	True	False	True	False	False	2	1	-3
Avila2021:0:0:401	4	masuí	masuí	ADV	5	5	advmod	advmod	True	True	True	False	False	False	1	1	0
Avila2021:0:0:401	5	usinhĩ	sinhĩ	VERB	2	0	acl:relcl	root	False	False	False	False	False	True	3	5	-2
Avila2021:0:0:401	6	kurí	kurí	PART	5	5	advmod	advmod	True	True	True	False	False	False	1	1	0
Avila2021:0:0:401	7	amú-itá	amú	PRON	5	5	nsubj	obj	True	False	False	False	True	False	2	2	0
Avila2021:0:0:401	8	se	se	PRON	7	5	nmod	obl	False	False	False	False	False	True	1	3	-2
Avila2021:0:0:401	9	yawé	yawé	ADP	8	8	case	case	True	True	True	False	False	False	1	1	0
Avila2021:0:0:401	10	upurakari	purakari	VERB	5	5	advcl	advcl	True	True	True	False	False	False	5	5	0
Avila2021:0:0:401	11	arama	arama	SCONJ	10	10	mark	mark	True	True	True	False	False	False	1	1	0
Avila2021:0:0:401	12	iwí	iwí	NOUN	10	10	obj	obj	True	True	True	False	False	False	2	2	0
Avila2021:0:0:401	13	.	.	PUNCT	5	5	punct	punct	True	True	True	False	False	False	8	8	0
Avila2021:0:0:403	1	Marupí	marupí	ADV	0	0	root	root	True	True	True	False	False	False	1	1	0
Avila2021:0:0:403	2	se	se	PRON	3	3	nmod:poss	nmod:poss	True	True	True	False	False	False	1	1	0
Avila2021:0:0:403	3	rapé	pé	NOUN	1	6	nsubj	nmod:poss	False	False	False	False	False	True	2	3	5
Avila2021:0:0:403	4	,	,	PUNCT	6	6	punct	punct	True	True	True	False	False	False	2	2	0
Avila2021:0:0:403	5	se	se	PRON	6	6	nmod:poss	nmod:poss	True	True	True	False	False	False	1	1	0
Avila2021:0:0:403	6	ramunha	tamunha	NOUN	1	1	vocative	vocative	True	True	True	False	False	False	5	5	0
Avila2021:0:0:403	7	?	?	PUNCT	1	1	punct	punct	True	True	True	False	False	False	6	6	0
Avila2021:0:0:411	1	Yasú	sú	AUX	2	2	aux	aux	True	True	True	False	False	False	1	1	0
Avila2021:0:0:411	2	yasusuka	susuka	VERB	0	0	root	root	True	True	True	False	False	False	2	2	0
Avila2021:0:0:411	3	awatií	awatií	NOUN	2	2	obj	obj	True	True	True	False	False	False	1	1	0
Avila2021:0:0:411	4	!	!	PUNCT	2	2	punct	punct	True	True	True	False	False	False	2	2	0
Avila2021:0:0:412	1	Yapuú	puú	VERB	0	0	root	root	True	True	True	False	False	False	1	1	0
Avila2021:0:0:412	2	kurí	kurí	PART	1	1	advmod	advmod	True	True	True	False	False	False	1	1	0
Avila2021:0:0:412	3	kwá	kwá	PRON	1	1	obj	obj	True	True	True	False	False	False	2	2	0
Avila2021:0:0:412	4	yayutima	yutima	VERB	3	3	acl:relcl	acl:relcl	True	True	True	False	False	False	1	1	0
Avila2021:0:0:412	5	waá-itá	waá	PRON	4	4	obj	obj	True	True	True	False	False	False	1	1	0
Avila2021:0:0:412	6	.	.	PUNCT	1	1	punct	punct	True	True	True	False	False	False	5	5	0
Avila2021:0:0:417	1	Kariwa-itá	kariwa	NOUN	2	2	nsubj	nsubj	True	True	True	False	False	False	1	1	0
Avila2021:0:0:417	2	uputari	putari	VERB	0	0	root	root	True	True	True	False	False	False	2	2	0
Avila2021:0:0:417	3	upiripana	piripana	VERB	2	2	xcomp	xcomp	True	True	True	False	False	False	1	1	0
Avila2021:0:0:417	4	awatí	awatí	NOUN	3	3	obj	obj	True	True	True	False	False	False	1	1	0
Avila2021:0:0:417	5	.	.	PUNCT	2	2	punct	punct	True	True	True	False	False	False	3	3	0
Avila2021:33:2:421	1	Aramé	aramé	ADV	3	3	advmod	advmod	True	True	True	False	False	False	2	2	0
Avila2021:33:2:421	2	paá	paá	PART	3	3	advmod	advmod	True	True	True	False	False	False	1	1	0
Avila2021:33:2:421	3	upisika	pisika	VERB	0	0	root	root	True	True	True	False	False	False	3	3	0
Avila2021:33:2:421	4	aé	aé	PRON	3	3	obj	obj	True	True	True	False	False	False	1	1	0
Avila2021:33:2:421	5	,	,	PUNCT	6	6	punct	punct	True	True	True	False	False	False	1	1	0
Avila2021:33:2:421	6	urasú	rasú	VERB	3	3	parataxis	parataxis	True	True	True	False	False	False	3	3	0
Avila2021:33:2:421	7	yumimisawa	yumimisawa	NOUN	6	6	obl	obl	True	True	True	False	False	False	1	1	0
Avila2021:33:2:421	8	rupí	rupí	ADP	7	7	case	case	True	True	True	False	False	False	1	1	0
Avila2021:33:2:421	9	.	.	PUNCT	3	3	punct	punct	True	True	True	False	False	False	6	6	0
Avila2021:0:0:425	1	Ixé	ixé	PRON	3	3	nsubj	nsubj	True	True	True	False	False	False	2	2	0
Avila2021:0:0:425	2	yuíri	yuíri	ADV	3	3	advmod	advmod	True	True	True	False	False	False	1	1	0
Avila2021:0:0:425	3	asú	sú	VERB	0	0	root	root	True	True	True	False	False	False	3	3	0
Avila2021:0:0:425	4	akití	akití	ADV	3	3	advmod	advmod	True	True	True	False	False	False	1	1	0
Avila2021:0:0:425	5	,	,	PUNCT	6	6	punct	punct	True	True	True	False	False	False	1	1	0
Avila2021:0:0:425	6	iké	iké	ADV	3	3	parataxis	advmod	True	False	False	False	True	False	3	3	0
Avila2021:0:0:425	7	rẽ	rẽ	PART	6	6	advmod	advmod	True	True	True	False	False	False	1	1	0
Avila2021:0:0:425	8	aikú	ikú	AUX	6	3	cop	aux	False	False	False	False	False	True	2	5	-3
Avila2021:0:0:425	9	,	,	PUNCT	11	11	punct	punct	True	True	True	False	False	False	2	2	0
Avila2021:0:0:425	10	aramé	aramé	ADV	11	11	advmod	advmod	True	True	True	False	False	False	1	1	0
Avila2021:0:0:425	11	resarú	sarú	VERB	6	3	parataxis	parataxis	False	True	False	True	False	False	5	8	-3
Avila2021:0:0:425	12	rẽ	rẽ	PART	11	11	advmod	advmod	True	True	True	False	False	False	1	1	0
Avila2021:0:0:425	13	,	,	PUNCT	14	14	punct	punct	True	True	True	False	False	False	1	1	0
Avila2021:0:0:425	14	yasú	sú	VERB	11	3	advcl	advcl	False	True	False	True	False	False	3	11	-8
Avila2021:0:0:425	15	arama	arama	SCONJ	14	14	mark	mark	True	True	True	False	False	False	1	1	0
Avila2021:0:0:425	16	yepewasú	yepewasú	ADJ	14	14	advmod	parataxis	True	False	False	False	True	False	2	2	0
Avila2021:0:0:425	17	,	,	PUNCT	18	16	punct	punct	False	True	False	True	False	False	1	1	-2
Avila2021:0:0:425	18	akití	akití	ADV	11	16	parataxis	advmod	False	False	False	False	False	True	7	2	5
Avila2021:0:0:425	19	yuíri	yuíri	ADV	18	16	advmod	advmod	False	True	False	True	False	False	1	3	-2
Avila2021:0:0:425	20	se	se	PRON	21	21	nmod:poss	nmod:poss	True	True	True	False	False	False	1	1	0
Avila2021:0:0:425	21	kirisawa	kirisawa	NOUN	18	16	nsubj	nsubj	False	True	False	True	False	False	3	5	-2
Avila2021:0:0:425	22	.	.	PUNCT	3	3	punct	punct	True	True	True	False	False	False	19	19	0
Avila2021:34:1:426	1	—	—	PUNCT	2	2	punct	punct	True	True	True	False	False	False	1	1	0
Avila2021:34:1:426	2	Setá	setá	VERB	0	0	root	root	True	True	True	False	False	False	2	2	0
Avila2021:34:1:426	3	será	será	PART	2	2	advmod	advmod	True	True	True	False	False	False	1	1	0
Avila2021:34:1:426	4	kuité	kuité	ADV	2	2	advmod	advmod	True	True	True	False	False	False	2	2	0
Avila2021:34:1:426	5	sikantá	sikantá	NOUN	2	2	nsubj	nsubj	True	True	True	False	False	False	3	3	0
Avila2021:34:1:426	6	arupí	arupí	ADV	2	2	advmod	advmod	True	True	True	False	False	False	4	4	0
Avila2021:34:1:426	7	?	?	PUNCT	2	2	punct	punct	True	True	True	False	False	False	5	5	0
Avila2021:0:0:428	1	Aikwé	aikwé	PART	0	3	root	advmod	False	False	False	False	False	True	1	2	3
Avila2021:0:0:428	2	paá	paá	PART	1	3	advmod	advmod	False	True	False	True	False	False	1	1	2
Avila2021:0:0:428	3	kuxiíma	kuxiíma	ADV	1	0	advmod	root	False	False	False	False	False	True	2	3	-1
Avila2021:0:0:428	4	mukũi	mukũi	NUM	5	5	nummod	nummod	True	True	True	False	False	False	1	1	0
Avila2021:0:0:428	5	apigawa	apigawa	NOUN	1	3	nsubj	nsubj	False	True	False	True	False	False	4	2	2
Avila2021:0:0:428	6	:	:	PUNCT	9	7	punct	punct	False	True	False	True	False	False	3	1	-2
Avila2021:0:0:428	7	yepé	yepé	PRON	9	5	nsubj	appos	False	False	False	False	False	True	2	2	-4
Avila2021:0:0:428	8	kuité	kuité	ADV	9	9	advmod	advmod	True	True	True	False	False	False	1	1	0
Avila2021:0:0:428	9	mendasara	mendasara	ADJ	1	7	parataxis	amod	False	False	False	False	False	True	8	2	6
Avila2021:0:0:428	10	,	,	PUNCT	13	13	punct	punct	True	True	True	False	False	False	3	3	0
Avila2021:0:0:428	11	amú	amú	PRON	13	13	nsubj	nsubj	True	True	True	False	False	False	2	2	0
Avila2021:0:0:428	12	kuité	kuité	ADV	13	13	advmod	advmod	True	True	True	False	False	False	1	1	0
Avila2021:0:0:428	13	uyumuwarixí	yumuwarixí	VERB	9	7	parataxis	conj	False	False	False	False	False	True	4	6	-2
Avila2021:0:0:428	14	i	i	PRON	15	15	nmod:poss	nmod:poss	True	True	True	False	False	False	1	1	0
Avila2021:0:0:428	15	mú	mú	NOUN	16	16	nmod:poss	nmod:poss	True	True	True	False	False	False	1	1	0
Avila2021:0:0:428	16	rimirikú	simirikú	NOUN	13	13	obl	obl	True	True	True	False	False	False	3	3	0
Avila2021:0:0:428	17	irumu	irumu	ADP	16	16	case	case	True	True	True	False	False	False	1	1	0
Avila2021:0:0:428	18	.	.	PUNCT	1	3	punct	punct	False	True	False	True	False	False	17	15	2
Avila2021:0:0:433	1	Yawé	yawé	ADV	3	5	csubj	advmod	False	False	False	False	False	True	2	4	2
Avila2021:0:0:433	2	waá-itá	waá	PRON	1	1	nsubj	fixed	True	False	False	False	True	False	1	1	0
Avila2021:0:0:433	3	aikwewara	aikwé	PART	0	5	root	advmod	False	False	False	False	False	True	3	2	5
Avila2021:0:0:433	4	mairamé	mairamé	SCONJ	5	5	mark	mark	True	True	True	False	False	False	1	1	0
Avila2021:0:0:433	5	yakuntari	kuntari	VERB	3	0	advcl	root	False	False	False	False	False	True	2	5	-3
Avila2021:0:0:433	6	kwá	kwá	DET	7	7	det	det	True	True	True	False	False	False	1	1	0
Avila2021:0:0:433	7	nheengatú	nheengatú	NOUN	5	5	obj	obj	True	True	True	False	False	False	2	2	0
Avila2021:0:0:433	8	.	.	PUNCT	3	5	punct	punct	False	True	False	True	False	False	5	3	2
Avila2021:0:0:435	1	Yautí	yautí	NOUN	2	2	nsubj	nsubj	True	True	True	False	False	False	1	1	0
Avila2021:0:0:435	2	usuaxara	suaxara	VERB	0	0	root	root	True	True	True	False	False	False	2	2	0
Avila2021:0:0:435	3	:	:	PUNCT	5	5	punct	punct	True	True	True	False	False	False	2	2	0
Avila2021:0:0:435	4	―	―	PUNCT	5	5	punct	punct	True	True	True	False	False	False	1	1	0
Avila2021:0:0:435	5	Retirika	tirika	VERB	2	2	ccomp	ccomp	True	True	True	False	False	False	3	3	0
Avila2021:0:0:435	6	mikití	mikití	ADV	5	5	advmod	advmod	True	True	True	False	False	False	1	1	0
Avila2021:0:0:435	7	xinga	xinga	ADV	5	5	advmod	advmod	True	True	True	False	False	False	2	2	0
Avila2021:0:0:435	8	.	.	PUNCT	2	2	punct	punct	True	True	True	False	False	False	6	6	0
Avila2021:0:0:448	1	Tupana	tupana	NOUN	4	4	obl	obl	True	True	True	False	False	False	3	3	0
Avila2021:0:0:448	2	resé	resé	ADP	1	1	case	case	True	True	True	False	False	False	1	1	0
Avila2021:0:0:448	3	,	,	PUNCT	1	1	punct	punct	True	True	True	False	False	False	2	2	0
Avila2021:0:0:448	4	remeẽ	meẽ	VERB	0	0	root	root	True	True	True	False	False	False	4	4	0
Avila2021:0:0:448	5	maã	maã	PRON	4	4	obj	obj	True	True	True	False	False	False	1	1	0
Avila2021:0:0:448	6	aú	ú	VERB	4	10	advcl	advcl	False	True	False	True	False	False	2	4	6
Avila2021:0:0:448	7	arama	arama	SCONJ	6	6	mark	mark	True	True	True	False	False	False	1	1	0
Avila2021:0:0:448	8	,	,	PUNCT	10	10	punct	punct	True	True	True	False	False	False	2	2	0
Avila2021:0:0:448	9	se	se	PRON	10	10	nsubj	nsubj	True	True	True	False	False	False	1	1	0
Avila2021:0:0:448	10	yumasí	yumasí	VERB	6	4	parataxis	parataxis	False	True	False	True	False	False	4	6	-2
Avila2021:0:0:448	11	reté	reté	ADV	10	10	advmod	advmod	True	True	True	False	False	False	1	1	0
Avila2021:0:0:448	12	.	.	PUNCT	4	4	punct	punct	True	True	True	False	False	False	8	8	0
Avila2021:37:1:465	1	―	―	PUNCT	3	3	punct	punct	True	True	True	False	False	False	2	2	0
Avila2021:37:1:465	2	[...]	[...]	PUNCT	3	3	punct	punct	True	True	True	False	False	False	1	1	0
Avila2021:37:1:465	3	repirari	pirari	VERB	0	0	root	root	True	True	True	False	False	False	3	3	0
Avila2021:37:1:465	4	rẽ	rẽ	PART	3	3	advmod	advmod	True	True	True	False	False	False	1	1	0
Avila2021:37:1:465	5	kwá	kwá	DET	6	7	det	det	False	True	False	True	False	False	1	2	1
Avila2021:37:1:465	6	uka	uka	NOUN	7	7	nmod:poss	nmod:poss	True	True	True	False	False	False	1	1	0
Avila2021:37:1:465	7	rukena	ukena	NOUN	3	3	obj	obj	True	True	True	False	False	False	4	4	0
Avila2021:37:1:465	8	asemu	semu	VERB	3	3	advcl	advcl	True	True	True	False	False	False	5	5	0
Avila2021:37:1:465	9	arama	arama	SCONJ	8	8	mark	mark	True	True	True	False	False	False	1	1	0
Avila2021:37:1:465	10	.	.	PUNCT	3	3	punct	punct	True	True	True	False	False	False	7	7	0
Avila2021:0:0:468	1	Wirandé	wirandé	ADV	3	3	advmod	advmod	True	True	True	False	False	False	2	2	0
Avila2021:0:0:468	2	kurí	kurí	PART	3	3	advmod	advmod	True	True	True	False	False	False	1	1	0
Avila2021:0:0:468	3	yasú	sú	VERB	0	0	root	root	True	True	True	False	False	False	3	3	0
Avila2021:0:0:468	4	akití	akití	ADV	3	3	advmod	advmod	True	True	True	False	False	False	1	1	0
Avila2021:0:0:468	5	,	,	PUNCT	6	6	punct	punct	True	True	True	False	False	False	1	1	0
Avila2021:0:0:468	6	eré	eré	PART	3	3	parataxis	advmod	True	False	False	False	True	False	3	3	0
Avila2021:0:0:468	7	?	?	PUNCT	3	3	punct	punct	True	True	True	False	False	False	4	4	0
Avila2021:42:2:496	1	Ximirikú	simirikú	NOUN	2	2	nsubj	nsubj	True	True	True	False	False	False	1	1	0
Avila2021:42:2:496	2	umpuka	mpuka	VERB	0	0	root	root	True	True	True	False	False	False	2	2	0
Avila2021:42:2:496	3	,	,	PUNCT	4	4	punct	punct	True	True	True	False	False	False	1	1	0
Avila2021:42:2:496	4	umunhã	munhã	VERB	2	2	parataxis	parataxis	True	True	True	False	False	False	2	2	0
Avila2021:42:2:496	5	yukisé	yukisé	NOUN	4	4	obj	obj	True	True	True	False	False	False	1	1	0
Avila2021:42:2:496	6	.	.	PUNCT	2	2	punct	punct	True	True	True	False	False	False	4	4	0
Avila2021:0:0:506	1	Se	se	PRON	2	2	nmod:poss	nmod:poss	True	True	True	False	False	False	1	1	0
Avila2021:0:0:506	2	anama-itá	anama	NOUN	4	4	vocative	vocative	True	True	True	False	False	False	2	2	0
Avila2021:0:0:506	3	,	,	PUNCT	2	2	punct	punct	True	True	True	False	False	False	1	1	0
Avila2021:0:0:506	4	yuri	yuri	VERB	0	0	root	root	True	True	True	False	False	False	4	4	0
Avila2021:0:0:506	5	!	!	PUNCT	4	4	punct	punct	True	True	True	False	False	False	1	1	0
Avila2021:0:0:508	1	Kuíri	kuíri	ADV	4	4	advmod	advmod	True	True	True	False	False	False	3	3	0
Avila2021:0:0:508	2	supí	supí	PART	4	4	advmod	advmod	True	True	True	False	False	False	2	2	0
Avila2021:0:0:508	3	asú	sú	AUX	4	4	aux	aux	True	True	True	False	False	False	1	1	0
Avila2021:0:0:508	4	ayupika	yupika	VERB	0	0	root	root	True	True	True	False	False	False	4	4	0
Avila2021:0:0:508	5	se	se	PRON	6	6	nmod:poss	nmod:poss	True	True	True	False	False	False	1	1	0
Avila2021:0:0:508	6	paya	paya	NOUN	7	7	nmod:poss	nmod:poss	True	True	True	False	False	False	1	1	0
Avila2021:0:0:508	7	ambira	ambira	NOUN	4	4	obj	obj	True	True	True	False	False	False	3	3	0
Avila2021:0:0:508	8	.	.	PUNCT	4	4	punct	punct	True	True	True	False	False	False	4	4	0
Avila2021:0:0:512	1	Mamé	mamé	ADV	6	2	advmod	advmod	False	True	False	True	False	False	5	1	-4
Avila2021:0:0:512	2	asika	sika	VERB	1	0	advcl:relcl	root	False	False	False	False	False	True	1	2	-1
Avila2021:0:0:512	3	,	,	PUNCT	1	6	punct	punct	False	True	False	True	False	False	2	3	5
Avila2021:0:0:512	4	indé	indé	PRON	6	6	nsubj	nsubj	True	True	True	False	False	False	2	2	0
Avila2021:0:0:512	5	kurí	kurí	PART	6	6	advmod	advmod	True	True	True	False	False	False	1	1	0
Avila2021:0:0:512	6	resika	sika	VERB	0	2	root	parataxis	False	False	False	False	False	True	6	4	2
Avila2021:0:0:512	7	,	,	PUNCT	11	11	punct	punct	True	True	True	False	False	False	4	4	0
Avila2021:0:0:512	8	panhẽ	panhẽ	PRON	11	11	nsubj	nsubj	True	True	True	False	False	False	3	3	0
Avila2021:0:0:512	9	kurí	kurí	PART	11	11	advmod	advmod	True	True	True	False	False	False	2	2	0
Avila2021:0:0:512	10	ne	ne	PRON	11	11	obj	obj	True	True	True	False	False	False	1	1	0
Avila2021:0:0:512	11	sendú	sendú	VERB	6	6	parataxis	parataxis	True	True	True	False	False	False	5	5	0
Avila2021:0:0:512	12	.	.	PUNCT	6	2	punct	punct	False	True	False	True	False	False	6	10	-4
Avila2021:0:0:516	1	Se	se	PRON	2	2	nmod:poss	nmod:poss	True	True	True	False	False	False	1	1	0
Avila2021:0:0:516	2	manha	manha	NOUN	4	4	nsubj	nsubj	True	True	True	False	False	False	2	2	0
Avila2021:0:0:516	3	se	se	PRON	4	4	obj	obj	True	True	True	False	False	False	1	1	0
Avila2021:0:0:516	4	mundú	mundú	VERB	0	0	root	root	True	True	True	False	False	False	4	4	0
Avila2021:0:0:516	5	garapá	garapá	NOUN	4	4	obl	obl	True	True	True	False	False	False	1	1	0
Avila2021:0:0:516	6	pe	upé	ADP	5	5	case	case	True	True	True	False	False	False	1	1	0
Avila2021:0:0:516	7	ayuíri	yuíri	VERB	4	4	advcl	advcl	True	True	True	False	False	False	3	3	0
Avila2021:0:0:516	8	arama	arama	SCONJ	7	7	mark	mark	True	True	True	False	False	False	1	1	0
Avila2021:0:0:516	9	.	.	PUNCT	4	4	punct	punct	True	True	True	False	False	False	5	5	0
Avila2021:0:0:522	1	Tuyué	tuyué	NOUN	4	4	nsubj	nsubj	True	True	True	False	False	False	3	3	0
Avila2021:0:0:522	2	ti	ti	PART	4	4	advmod	advmod	True	True	True	False	False	False	2	2	0
Avila2021:0:0:522	3	wã	wã	PART	4	4	advmod	advmod	True	True	True	False	False	False	1	1	0
Avila2021:0:0:522	4	urikú	rikú	VERB	0	0	root	root	True	True	True	False	False	False	4	4	0
Avila2021:0:0:522	5	i	i	PRON	6	6	nmod:poss	nmod:poss	True	True	True	False	False	False	1	1	0
Avila2021:0:0:522	6	awa	awa	NOUN	4	4	obj	obj	True	True	True	False	False	False	2	2	0
Avila2021:0:0:522	7	,	,	PUNCT	8	8	punct	punct	True	True	True	False	False	False	1	1	0
Avila2021:0:0:522	8	uyupiruka	yupiruka	VERB	4	4	parataxis	parataxis	True	True	True	False	False	False	4	4	0
Avila2021:0:0:522	9	wã	wã	PART	8	8	advmod	advmod	True	True	True	False	False	False	1	1	0
Avila2021:0:0:522	10	i	i	PRON	11	11	nmod:poss	nmod:poss	True	True	True	False	False	False	1	1	0
Avila2021:0:0:522	11	akanga	akanga	NOUN	8	8	nsubj	obj	True	False	False	False	True	False	3	3	0
Avila2021:0:0:522	12	.	.	PUNCT	4	4	punct	punct	True	True	True	False	False	False	8	8	0
Avila2021:0:0:555	1	Buburi	buburi	PROPN	2	2	nsubj	nsubj	True	True	True	False	False	False	1	1	0
Avila2021:0:0:555	2	unheẽ	nheẽ	VERB	0	0	root	root	True	True	True	False	False	False	2	2	0
Avila2021:0:0:555	3	i	i	PRON	2	2	iobj	iobj	True	True	True	False	False	False	1	1	0
Avila2021:0:0:555	4	xupé	xupé	ADP	3	3	case	case	True	True	True	False	False	False	1	1	0
Avila2021:0:0:555	5	uyuuka	yuuka	VERB	2	2	ccomp	advcl	True	False	False	False	True	False	3	3	0
Avila2021:0:0:555	6	arã	arã	SCONJ	5	5	mark	mark	True	True	True	False	False	False	1	1	0
Avila2021:0:0:555	7	aé	aé	PRON	5	5	obj	obj	True	True	True	False	False	False	2	2	0
Avila2021:0:0:555	8	umendari	mendari	VERB	5	5	advcl	advcl	True	True	True	False	False	False	3	3	0
Avila2021:0:0:555	9	rundé	rundé	SCONJ	8	8	mark	mark	True	True	True	False	False	False	1	1	0
Avila2021:0:0:555	10	.	.	PUNCT	2	2	punct	punct	True	True	True	False	False	False	8	8	0
Avila2021:0:0:583	1	Ti	ti	PART	2	2	advmod	advmod	True	True	True	False	False	False	1	1	0
Avila2021:0:0:583	2	reganani	ganani	VERB	0	0	root	root	True	True	True	False	False	False	2	2	0
Avila2021:0:0:583	3	apigawa	apigawa	NOUN	2	2	obl	obl	True	True	True	False	False	False	1	1	0
Avila2021:0:0:583	4	supé	supé	ADP	3	3	case	case	True	True	True	False	False	False	1	1	0
Avila2021:0:0:583	5	,	,	PUNCT	7	7	punct	punct	True	True	True	False	False	False	2	2	0
Avila2021:0:0:583	6	ma	ma	CCONJ	7	7	cc	cc	True	True	True	False	False	False	1	1	0
Avila2021:0:0:583	7	reganani	ganani	VERB	2	2	conj	conj	True	True	True	False	False	False	5	5	0
Avila2021:0:0:583	8	Deus	deus	PROPN	7	7	obl	obl	True	True	True	False	False	False	1	1	0
Avila2021:0:0:583	9	supé	supé	ADP	8	8	case	case	True	True	True	False	False	False	1	1	0
Avila2021:0:0:583	10	.	.	PUNCT	2	2	punct	punct	True	True	True	False	False	False	8	8	0
Avila2021:0:0:594	1	Rewiyé	wiyé	VERB	0	0	root	root	True	True	True	False	False	False	1	1	0
Avila2021:0:0:594	2	,	,	PUNCT	4	4	punct	punct	True	True	True	False	False	False	2	2	0
Avila2021:0:0:594	3	se	se	PRON	4	4	nmod:poss	nmod:poss	True	True	True	False	False	False	1	1	0
Avila2021:0:0:594	4	rimiarirú	timiarirú	NOUN	1	1	vocative	obj	True	False	False	False	True	False	3	3	0
Avila2021:0:0:594	5	,	,	PUNCT	7	7	punct	punct	True	True	True	False	False	False	2	2	0
Avila2021:0:0:594	6	kurumú	kurumú	SCONJ	7	7	mark	mark	True	True	True	False	False	False	1	1	0
Avila2021:0:0:594	7	amundú	mundú	VERB	1	1	advcl	advcl	True	True	True	False	False	False	6	6	0
Avila2021:0:0:594	8	tukandira	tukandira	NOUN	7	7	obj	obj	True	True	True	False	False	False	1	1	0
Avila2021:0:0:594	9	.	.	PUNCT	1	1	punct	punct	True	True	True	False	False	False	8	8	0
Avila2021:0:0:595	1	Te	te	PART	3	3	advmod	advmod	True	True	True	False	False	False	2	2	0
Avila2021:0:0:595	2	kurí	kurí	PART	3	3	advmod	advmod	True	True	True	False	False	False	1	1	0
Avila2021:0:0:595	3	reyumú	yumú	VERB	0	0	root	root	True	True	True	False	False	False	3	3	0
Avila2021:0:0:595	4	kwá	kwá	DET	5	5	det	det	True	True	True	False	False	False	1	1	0
Avila2021:0:0:595	5	wirá-itá	wirá	NOUN	3	3	obj	obj	True	True	True	False	False	False	2	2	0
Avila2021:0:0:595	6	setá	setá	VERB	5	5	acl:relcl	acl:relcl	True	True	True	False	False	False	1	1	0
Avila2021:0:0:595	7	waá	waá	PRON	6	6	nsubj	nsubj	True	True	True	False	False	False	1	1	0
Avila2021:0:0:595	8	,	,	PUNCT	13	13	punct	punct	True	True	True	False	False	False	5	5	0
Avila2021:0:0:595	9	kurumú	kurumú	SCONJ	13	13	mark	mark	True	True	True	False	False	False	4	4	0
Avila2021:0:0:595	10	taá	taá	PART	13	13	advmod	advmod	True	True	True	False	False	False	3	3	0
Avila2021:0:0:595	11	kurí	kurí	PART	13	13	advmod	advmod	True	True	True	False	False	False	2	2	0
Avila2021:0:0:595	12	aintá	aintá	PRON	13	13	nsubj	nsubj	True	True	True	False	False	False	1	1	0
Avila2021:0:0:595	13	uyuká	yuká	VERB	3	3	advcl	advcl	True	True	True	False	False	False	10	10	0
Avila2021:0:0:595	14	indé	indé	PRON	13	13	obj	obj	True	True	True	False	False	False	1	1	0
Avila2021:0:0:595	15	.	.	PUNCT	3	3	punct	punct	True	True	True	False	False	False	12	12	0
Avila2021:0:0:599	1	Yamunhã	munhã	VERB	7	7	advcl	advcl	True	True	True	False	False	False	6	6	0
Avila2021:0:0:599	2	ramé	ramé	SCONJ	1	1	mark	mark	True	True	True	False	False	False	1	1	0
Avila2021:0:0:599	3	nhaã	nhaã	PRON	1	1	obj	obj	True	True	True	False	False	False	2	2	0
Avila2021:0:0:599	4	,	,	PUNCT	1	1	punct	punct	True	True	True	False	False	False	3	3	0
Avila2021:0:0:599	5	kurumú	kurumú	ADV	7	7	advmod	advmod	True	True	True	False	False	False	2	2	0
Avila2021:0:0:599	6	taá	taá	PART	7	7	advmod	advmod	True	True	True	False	False	False	1	1	0
Avila2021:0:0:599	7	yamanú	manú	VERB	0	0	root	root	True	True	True	False	False	False	7	7	0
Avila2021:0:0:599	8	.	.	PUNCT	7	7	punct	punct	True	True	True	False	False	False	1	1	0
Avila2021:0:0:604	1	Ti	ti	PART	2	2	advmod	advmod	True	True	True	False	False	False	1	1	0
Avila2021:0:0:604	2	umburi	mburi	VERB	0	0	root	root	True	True	True	False	False	False	2	2	0
Avila2021:0:0:604	3	sakanga-itá	sakanga	NOUN	2	2	obj	obj	True	True	True	False	False	False	1	1	0
Avila2021:0:0:604	4	.	.	PUNCT	2	2	punct	punct	True	True	True	False	False	False	2	2	0
Avila2021:0:0:611	1	Uikú	ikú	AUX	4	4	cop	cop	True	True	True	False	False	False	3	3	0
Avila2021:0:0:611	2	amú	amú	DET	3	4	det	det	False	True	False	True	False	False	1	2	1
Avila2021:0:0:611	3	awá	awá	PRON	4	4	nmod:poss	nmod:poss	True	True	True	False	False	False	1	1	0
Avila2021:0:0:611	4	ruka	uka	NOUN	0	0	root	root	True	True	True	False	False	False	4	4	0
Avila2021:0:0:611	5	upé	upé	ADP	4	4	case	case	True	True	True	False	False	False	1	1	0
Avila2021:0:0:611	6	.	.	PUNCT	4	4	punct	punct	True	True	True	False	False	False	2	2	0
Avila2021:0:0:624	1	Awá	awá	PRON	2	2	nmod:poss	nmod:poss	True	True	True	False	False	False	1	1	0
Avila2021:0:0:624	2	ruka	uka	NOUN	5	5	obl	obl	True	True	True	False	False	False	3	3	0
Avila2021:0:0:624	3	upé	upé	ADP	2	2	case	case	True	True	True	False	False	False	1	1	0
Avila2021:0:0:624	4	taá	taá	PART	5	5	advmod	advmod	True	True	True	False	False	False	1	1	0
Avila2021:0:0:624	5	resú	sú	VERB	0	0	root	root	True	True	True	False	False	False	5	5	0
Avila2021:0:0:624	6	putari	putari	AUX	5	5	aux	aux	True	True	True	False	False	False	1	1	0
Avila2021:0:0:624	7	?	?	PUNCT	5	5	punct	punct	True	True	True	False	False	False	2	2	0
Avila2021:0:0:629	1	Mairamé	mairamé	SCONJ	2	2	mark	mark	True	True	True	False	False	False	1	1	0
Avila2021:0:0:629	2	tiapú	tiapú	VERB	13	5	advcl	advcl	False	True	False	True	False	False	11	3	-8
Avila2021:0:0:629	3	aé	aé	PRON	2	2	nsubj	nsubj	True	True	True	False	False	False	1	1	0
Avila2021:0:0:629	4	""""	""""	PUNCT	5	5	punct	punct	True	True	True	False	False	False	1	1	0
Avila2021:0:0:629	5	traka	traka	INTJ	2	7	ccomp	discourse	False	False	False	False	False	True	3	2	5
Avila2021:0:0:629	6	…	…	PUNCT	5	5	punct	punct	True	True	True	False	False	False	1	1	0
Avila2021:0:0:629	7	traka	traka	INTJ	5	13	conj	discourse	False	False	False	False	False	True	2	6	8
Avila2021:0:0:629	8	…	…	PUNCT	7	9	punct	punct	False	True	False	True	False	False	1	1	2
Avila2021:0:0:629	9	traka	traka	INTJ	5	7	conj	conj	False	True	False	True	False	False	4	2	2
Avila2021:0:0:629	10	…	…	PUNCT	9	13	punct	punct	False	True	False	True	False	False	1	3	4
Avila2021:0:0:629	11	""""	""""	PUNCT	5	13	punct	punct	False	True	False	True	False	False	6	2	8
Avila2021:0:0:629	12	,	,	PUNCT	2	13	punct	punct	False	True	False	True	False	False	10	1	11
Avila2021:0:0:629	13	umbeú	mbeú	VERB	0	0	root	root	True	True	True	False	False	False	13	13	0
Avila2021:0:0:629	14	uikú	ikú	AUX	13	13	aux	aux	True	True	True	False	False	False	1	1	0
Avila2021:0:0:629	15	awá	awá	PRON	13	13	iobj	iobj	True	True	True	False	False	False	2	2	0
Avila2021:0:0:629	16	supé	supé	ADP	15	15	case	case	True	True	True	False	False	False	1	1	0
Avila2021:0:0:629	17	arama	arama	ADP	15	15	case	case	True	True	True	False	False	False	2	2	0
Avila2021:0:0:629	18	usendú	sendú	VERB	15	17	acl:relcl	acl:relcl	False	True	False	True	False	False	3	1	2
Avila2021:0:0:629	19	waá	waá	PRON	18	18	nsubj	nsubj	True	True	True	False	False	False	1	1	0
Avila2021:0:0:629	20	uikú	ikú	AUX	18	18	aux	aux	True	True	True	False	False	False	2	2	0
Avila2021:0:0:629	21	i	i	PRON	25	13	obl	obl	False	True	False	True	False	False	4	8	-12
Avila2021:0:0:629	22	xupé	xupé	ADP	21	21	case	case	True	True	True	False	False	False	1	1	0
Avila2021:0:0:629	23	arama	arama	ADP	21	21	case	case	True	True	True	False	False	False	2	2	0
Avila2021:0:0:629	24	usú	sú	AUX	25	25	aux	aux	True	True	True	False	False	False	1	1	0
Avila2021:0:0:629	25	uyusuaxara	yusuaxara	VERB	13	13	ccomp	ccomp	True	True	True	False	False	False	12	12	0
Avila2021:0:0:629	26	,	,	PUNCT	35	35	punct	punct	True	True	True	False	False	False	9	9	0
Avila2021:0:0:629	27	u	u	CCONJ	35	35	cc	cc	True	True	True	False	False	False	8	8	0
Avila2021:0:0:629	28	tiramé	tiramé	CCONJ	27	35	fixed	punct	False	False	False	False	False	True	1	7	8
Avila2021:0:0:629	29	maã	maã	PRON	35	32	nsubj	obj	False	False	False	False	False	True	6	3	-3
Avila2021:0:0:629	30	umanduári	manduári	VERB	29	29	acl:relcl	acl:relcl	True	True	True	False	False	False	1	1	0
Avila2021:0:0:629	31	waá	waá	PRON	32	30	obj	nsubj	False	False	False	False	False	True	1	1	-2
Avila2021:0:0:629	32	umunhã	munhã	VERB	30	35	xcomp	advcl	False	False	False	False	False	True	2	3	5
Avila2021:0:0:629	33	ti	ti	PART	35	35	advmod	advmod	True	True	True	False	False	False	2	2	0
Avila2021:0:0:629	34	usú	sú	AUX	35	35	aux	aux	True	True	True	False	False	False	1	1	0
Avila2021:0:0:629	35	usemu	semu	VERB	25	25	conj	parataxis	True	False	False	False	True	False	10	10	0
Avila2021:0:0:629	36	puranga	puranga	ADV	35	35	advmod	advmod	True	True	True	False	False	False	1	1	0
Avila2021:0:0:629	37	,	,	PUNCT	41	41	punct	punct	True	True	True	False	False	False	4	4	0
Avila2021:0:0:629	38	tiramé	tiramé	CCONJ	41	41	cc	cc	True	True	True	False	False	False	3	3	0
Avila2021:0:0:629	39	yuíri	yuíri	ADV	41	41	advmod	advmod	True	True	True	False	False	False	2	2	0
Avila2021:0:0:629	40	aintá	aintá	PRON	41	41	nsubj	nsubj	True	True	True	False	False	False	1	1	0
Avila2021:0:0:629	41	umbeú	mbeú	VERB	13	35	conj	conj	False	True	False	True	False	False	28	6	22
Avila2021:0:0:629	42	rundé	rundé	SCONJ	41	41	mark	mark	True	True	True	False	False	False	1	1	0
Avila2021:0:0:629	43	i	i	PRON	41	41	iobj	obl	True	False	False	False	True	False	2	2	0
Avila2021:0:0:629	44	xupé	xupé	ADP	43	43	case	case	True	True	True	False	False	False	1	1	0
Avila2021:0:0:629	45	marandua	marandua	NOUN	41	41	obj	obj	True	True	True	False	False	False	4	4	0
Avila2021:0:0:629	46	.	.	PUNCT	13	13	punct	punct	True	True	True	False	False	False	33	33	0
Avila2021:0:0:633	1	Se	se	PRON	2	2	nmod:poss	nmod:poss	True	True	True	False	False	False	1	1	0
Avila2021:0:0:633	2	manha	manha	NOUN	3	3	nmod:poss	nmod:poss	True	True	True	False	False	False	1	1	0
Avila2021:0:0:633	3	ambira	ambira	NOUN	5	5	nsubj	nsubj	True	True	True	False	False	False	2	2	0
Avila2021:0:0:633	4	ti	ti	PART	5	5	advmod	advmod	True	True	True	False	False	False	1	1	0
Avila2021:0:0:633	5	usendú	sendú	VERB	0	0	root	root	True	True	True	False	False	False	5	5	0
Avila2021:0:0:633	6	nheengatú	nheengatú	NOUN	5	5	obj	obj	True	True	True	False	False	False	1	1	0
Avila2021:0:0:633	7	.	.	PUNCT	5	5	punct	punct	True	True	True	False	False	False	2	2	0
Avila2021:0:0:671	1	Mira	mira	NOUN	2	2	nmod:poss	nmod:poss	True	True	True	False	False	False	1	1	0
Avila2021:0:0:671	2	riiya	siiya	NOUN	3	3	nsubj	nsubj	True	True	True	False	False	False	1	1	0
Avila2021:0:0:671	3	usika	sika	VERB	0	0	root	root	True	True	True	False	False	False	3	3	0
Avila2021:0:0:671	4	.	.	PUNCT	3	3	punct	punct	True	True	True	False	False	False	1	1	0
Avila2021:0:0:675	1	Panhẽ	panhẽ	DET	2	2	det	det	True	True	True	False	False	False	1	1	0
Avila2021:0:0:675	2	mira-itá	mira	NOUN	3	3	nsubj	nsubj	True	True	True	False	False	False	1	1	0
Avila2021:0:0:675	3	surí	rurí	VERB	0	0	root	root	True	True	True	False	False	False	3	3	0
Avila2021:0:0:675	4	uyana	yana	VERB	3	3	parataxis	parataxis	True	True	True	False	False	False	1	1	0
Avila2021:0:0:675	5	i	i	PRON	4	4	obl	obl	True	True	True	False	False	False	1	1	0
Avila2021:0:0:675	6	kití	kití	ADP	5	5	case	case	True	True	True	False	False	False	1	1	0
Avila2021:0:0:675	7	,	,	PUNCT	9	9	punct	punct	True	True	True	False	False	False	2	2	0
Avila2021:0:0:675	8	tuyué-itá	tuyué	NOUN	9	9	nsubj	nsubj	True	True	True	False	False	False	1	1	0
Avila2021:0:0:675	9	uri	yuri	VERB	4	4	advcl	parataxis	True	False	False	False	True	False	5	5	0
Avila2021:0:0:675	10	arama	arama	SCONJ	9	9	mark	mark	True	True	True	False	False	False	1	1	0
Avila2021:0:0:675	11	umaã	maã	VERB	9	9	xcomp	xcomp	True	True	True	False	False	False	2	2	0
Avila2021:0:0:675	12	sesé	resé	ADP	11	11	obl	obl	True	True	True	False	False	False	1	1	0
Avila2021:0:0:675	13	.	.	PUNCT	3	3	punct	punct	True	True	True	False	False	False	10	10	0
Avila2021:0:0:684	1	Igara	igara	NOUN	4	4	nsubj	nsubj	True	True	True	False	False	False	3	3	0
Avila2021:0:0:684	2	iké	iké	ADV	4	1	advmod	advmod	False	True	False	True	False	False	2	1	-3
Avila2021:0:0:684	3	kawarú	kawarú	NOUN	4	4	nmod:poss	nmod:poss	True	True	True	False	False	False	1	1	0
Avila2021:0:0:684	4	nungara	nungara	NOUN	0	0	root	root	True	True	True	False	False	False	4	4	0
Avila2021:0:0:684	5	.	.	PUNCT	4	4	punct	punct	True	True	True	False	False	False	1	1	0
Avila2021:50:2:687	1	―	―	PUNCT	3	3	punct	punct	True	True	True	False	False	False	2	2	0
Avila2021:50:2:687	2	Se	se	PRON	3	3	nsubj	nsubj	True	True	True	False	False	False	1	1	0
Avila2021:50:2:687	3	katú	katú	VERB	0	0	root	root	True	True	True	False	False	False	3	3	0
Avila2021:50:2:687	4	nhuntu	nhuntu	ADV	3	3	advmod	advmod	True	True	True	False	False	False	1	1	0
Avila2021:50:2:687	5	aikú	ikú	AUX	3	3	aux	aux	True	True	True	False	False	False	2	2	0
Avila2021:50:2:687	6	.	.	PUNCT	3	3	punct	punct	True	True	True	False	False	False	3	3	0
Avila2021:0:0:712	1	Marama	marama	ADV	2	2	advmod	advmod	True	True	True	False	False	False	1	1	0
Avila2021:0:0:712	2	reikupukú	ikupukú	VERB	0	0	root	root	True	True	True	False	False	False	2	2	0
Avila2021:0:0:712	3	?	?	PUNCT	2	2	punct	punct	True	True	True	False	False	False	1	1	0
NTLN2019:0:0:2	1	Nhaãsé	nhaãsé	ADV	4	4	advmod	advmod	True	True	True	False	False	False	3	3	0
NTLN2019:0:0:2	2	Deus	deus	PROPN	3	3	nmod:poss	nmod:poss	True	True	True	False	False	False	1	1	0
NTLN2019:0:0:2	3	purangasawa	purangasawa	NOUN	4	4	nsubj	nsubj	True	True	True	False	False	False	1	1	0
NTLN2019:0:0:2	4	usika	sika	VERB	0	0	root	root	True	True	True	False	False	False	4	4	0
NTLN2019:0:0:2	5	ana	ana	PART	4	4	advmod	advmod	True	True	True	False	False	False	1	1	0
NTLN2019:0:0:2	6	aintá	aintá	PRON	4	4	obl	obl	True	True	True	False	False	False	2	2	0
NTLN2019:0:0:2	7	resé	resé	ADP	6	6	case	case	True	True	True	False	False	False	1	1	0
NTLN2019:0:0:2	8	umukaturu	mukaturu	VERB	4	4	advcl	advcl	True	True	True	False	False	False	4	4	0
NTLN2019:0:0:2	9	arama	arama	SCONJ	8	8	mark	mark	True	True	True	False	False	False	1	1	0
NTLN2019:0:0:2	10	panhẽ	panhẽ	DET	11	11	det	det	True	True	True	False	False	False	1	1	0
NTLN2019:0:0:2	11	apigawa-itá	apigawa	NOUN	8	8	obj	obj	True	True	True	False	False	False	3	3	0
NTLN2019:0:0:2	12	;	;	PUNCT	4	4	punct	punct	True	True	True	False	False	False	8	8	0
NTLN2019:0:0:3	1	Kirimbawa	kirimbawa	ADV	3	3	advmod	advmod	True	True	True	False	False	False	2	2	0
NTLN2019:0:0:3	2	aintá	aintá	PRON	3	3	nsubj	nsubj	True	True	True	False	False	False	1	1	0
NTLN2019:0:0:3	3	umuruayana	muruayana	VERB	0	0	root	root	True	True	True	False	False	False	3	3	0
NTLN2019:0:0:3	4	yandé	yandé	PRON	3	3	obj	obj	True	True	True	False	False	False	1	1	0
NTLN2019:0:0:3	5	,	,	PUNCT	8	8	punct	punct	True	True	True	False	False	False	3	3	0
NTLN2019:0:0:3	6	puxiwera	puxiwera	ADV	8	8	advmod	advmod	True	True	True	False	False	False	2	2	0
NTLN2019:0:0:3	7	aintá	aintá	PRON	8	8	nsubj	nsubj	True	True	True	False	False	False	1	1	0
NTLN2019:0:0:3	8	umunhã	munhã	VERB	3	3	parataxis	parataxis	True	True	True	False	False	False	5	5	0
NTLN2019:0:0:3	9	yandé	yandé	PRON	8	8	obl	obl	True	True	True	False	False	False	1	1	0
NTLN2019:0:0:3	10	arama	arama	ADP	9	9	case	case	True	True	True	False	False	False	1	1	0
NTLN2019:0:0:3	11	até	até	SCONJ	14	14	mark	mark	True	True	True	False	False	False	3	3	0
NTLN2019:0:0:3	12	yané	yané	PRON	13	13	nmod:poss	nmod:poss	True	True	True	False	False	False	1	1	0
NTLN2019:0:0:3	13	kirimbawasawa	kirimbawasawa	NOUN	14	14	nsubj	nsubj	True	True	True	False	False	False	1	1	0
NTLN2019:0:0:3	14	upawa	pawa	VERB	8	8	advcl	ccomp	True	False	False	False	True	False	6	6	0
NTLN2019:0:0:3	15	yané	yané	PRON	14	14	obl	obl	True	True	True	False	False	False	1	1	0
NTLN2019:0:0:3	16	suí	suí	ADP	15	15	case	case	True	True	True	False	False	False	1	1	0
NTLN2019:0:0:3	17	,	,	PUNCT	19	19	punct	punct	True	True	True	False	False	False	2	2	0
NTLN2019:0:0:3	18	ti	ti	PART	19	19	advmod	advmod	True	True	True	False	False	False	1	1	0
NTLN2019:0:0:3	19	yakwá	kwá	VERB	14	8	parataxis	parataxis	False	True	False	True	False	False	5	11	-6
NTLN2019:0:0:3	20	mayé	mayé	ADV	22	22	advmod	advmod	True	True	True	False	False	False	2	2	0
NTLN2019:0:0:3	21	taá	taá	PART	22	22	advmod	advmod	True	True	True	False	False	False	1	1	0
NTLN2019:0:0:3	22	yamunhã	munhã	VERB	19	19	ccomp	ccomp	True	True	True	False	False	False	3	3	0
NTLN2019:0:0:3	23	yamanduári	manduári	VERB	22	22	parataxis	xcomp	True	False	False	False	True	False	1	1	0
NTLN2019:0:0:3	24	yamanú	manú	VERB	23	23	advcl	advcl	True	True	True	False	False	False	1	1	0
NTLN2019:0:0:3	25	arama	arama	SCONJ	24	24	mark	mark	True	True	True	False	False	False	1	1	0
NTLN2019:0:0:3	26	.	.	PUNCT	3	3	punct	punct	True	True	True	False	False	False	23	23	0
NTLN2019:3:3:30	1	Yawé	yawé	ADV	11	11	advmod	advmod	True	True	True	False	False	False	10	10	0
NTLN2019:3:3:30	2	tẽ	tẽ	PART	1	1	advmod	advmod	True	True	True	False	False	False	1	1	0
NTLN2019:3:3:30	3	yuíri	yuíri	ADV	11	1	advmod	advmod	False	True	False	True	False	False	8	2	-10
NTLN2019:3:3:30	4	kwá	kwá	DET	5	5	det	det	True	True	True	False	False	False	1	1	0
NTLN2019:3:3:30	5	ií	ií	NOUN	6	6	nmod:poss	nmod:poss	True	True	True	False	False	False	1	1	0
NTLN2019:3:3:30	6	rukena	ukena	NOUN	11	11	nsubj	nsubj	True	True	True	False	False	False	5	5	0
NTLN2019:3:3:30	7	sembika	sembika	ADJ	5	6	acl:relcl	acl:relcl	False	True	False	True	False	False	2	1	1
NTLN2019:3:3:30	8	waá	waá	PRON	7	7	nsubj	nsubj	True	True	True	False	False	False	1	1	0
NTLN2019:3:3:30	9	ti	ti	PART	11	11	advmod	advmod	True	True	True	False	False	False	2	2	0
NTLN2019:3:3:30	10	upuderi	puderi	AUX	11	11	aux	aux	True	True	True	False	False	False	1	1	0
NTLN2019:3:3:30	11	umusemu	musemu	VERB	0	0	root	root	True	True	True	False	False	False	11	11	0
NTLN2019:3:3:30	12	ií	ií	NOUN	11	11	obj	obj	True	True	True	False	False	False	1	1	0
NTLN2019:3:3:30	13	seẽ	seẽ	ADJ	12	12	acl:relcl	acl:relcl	True	True	True	False	False	False	1	1	0
NTLN2019:3:3:30	14	waá	waá	PRON	13	13	nsubj	nsubj	True	True	True	False	False	False	1	1	0
NTLN2019:3:3:30	15	.	.	PUNCT	11	11	punct	punct	True	True	True	False	False	False	4	4	0
NTLN2019:5:1:37	1	Asuí	asuí	ADV	3	3	advmod	advmod	True	True	True	False	False	False	2	2	0
NTLN2019:5:1:37	2	aintá	aintá	PRON	3	3	nsubj	nsubj	True	True	True	False	False	False	1	1	0
NTLN2019:5:1:37	3	usika	sika	VERB	0	0	root	root	True	True	True	False	False	False	3	3	0
NTLN2019:5:1:37	4	Betisaida	betisaida	PROPN	3	3	obl	obl	True	True	True	False	False	False	1	1	0
NTLN2019:5:1:37	5	kití	kití	ADP	4	4	case	case	True	True	True	False	False	False	1	1	0
NTLN2019:5:1:37	6	,	,	PUNCT	9	9	punct	punct	True	True	True	False	False	False	3	3	0
NTLN2019:5:1:37	7	asuí	asuí	CCONJ	9	9	cc	cc	True	True	True	False	False	False	2	2	0
NTLN2019:5:1:37	8	aintá	aintá	PRON	9	9	nsubj	nsubj	True	True	True	False	False	False	1	1	0
NTLN2019:5:1:37	9	urasú	rasú	VERB	3	3	conj	conj	True	True	True	False	False	False	6	6	0
NTLN2019:5:1:37	10	i	i	PRON	9	9	iobj	obl	True	False	False	False	True	False	1	1	0
NTLN2019:5:1:37	11	xupé	xupé	ADP	10	10	case	case	True	True	True	False	False	False	1	1	0
NTLN2019:5:1:37	12	yepé	yepé	PRON	9	16	obj	nsubj	False	False	False	False	False	True	3	4	7
NTLN2019:5:1:37	13	sesaíma	resaíma	VERB	12	16	acl:relcl	acl:relcl	False	True	False	True	False	False	1	3	4
NTLN2019:5:1:37	14	waá	waá	PRON	13	13	nsubj	nsubj	True	True	True	False	False	False	1	1	0
NTLN2019:5:1:37	15	aintá	aintá	PRON	16	16	nsubj	nsubj	True	True	True	False	False	False	1	1	0
NTLN2019:5:1:37	16	upurandú	purandú	VERB	9	9	parataxis	parataxis	True	True	True	False	False	False	7	7	0
NTLN2019:5:1:37	17	Jesus	jesus	PROPN	16	18	obj	nsubj	False	False	False	False	False	True	1	1	2
NTLN2019:5:1:37	18	uxari	xari	VERB	16	16	xcomp	ccomp	True	False	False	False	True	False	2	2	0
NTLN2019:5:1:37	19	arama	arama	SCONJ	18	18	mark	mark	True	True	True	False	False	False	1	1	0
NTLN2019:5:1:37	20	i	i	PRON	21	21	nmod:poss	nmod:poss	True	True	True	False	False	False	1	1	0
NTLN2019:5:1:37	21	pú	pú	NOUN	18	18	obj	obl	True	False	False	False	True	False	3	3	0
NTLN2019:5:1:37	22	sesé	resé	ADP	18	21	obl	case	False	False	False	False	False	True	4	1	3
NTLN2019:5:1:37	23	.	.	PUNCT	3	3	punct	punct	True	True	True	False	False	False	20	20	0
NLTN2019:4-12:6:206	1	Asuí	asuí	ADV	3	3	advmod	advmod	True	True	True	False	False	False	2	2	0
NLTN2019:4-12:6:206	2	Jesus	jesus	PROPN	3	3	nsubj	nsubj	True	True	True	False	False	False	1	1	0
NLTN2019:4-12:6:206	3	unheẽ	nheẽ	VERB	0	0	root	root	True	True	True	False	False	False	3	3	0
NLTN2019:4-12:6:206	4	i	i	PRON	3	3	iobj	iobj	True	True	True	False	False	False	1	1	0
NLTN2019:4-12:6:206	5	xupé	xupé	ADP	4	4	case	case	True	True	True	False	False	False	1	1	0
NLTN2019:4-12:6:206	6	:	:	PUNCT	11	8	punct	punct	False	True	False	True	False	False	5	2	-3
NLTN2019:4-12:6:206	7	—	—	PUNCT	11	8	punct	punct	False	True	False	True	False	False	4	1	-3
NLTN2019:4-12:6:206	8	Ixé	ixé	PRON	11	26	nsubj	nsubj	False	True	False	True	False	False	3	18	15
NLTN2019:4-12:6:206	9	té	té	PART	8	8	advmod	advmod	True	True	True	False	False	False	1	1	0
NLTN2019:4-12:6:206	10	kwá	kwá	DET	11	11	det	det	True	True	True	False	False	False	1	1	0
NLTN2019:4-12:6:206	11	peé	peé	NOUN	3	8	ccomp	nsubj	False	False	False	False	False	True	8	3	5
NLTN2019:4-12:6:206	12	,	,	PUNCT	15	13	punct	punct	False	True	False	True	False	False	3	1	-2
NLTN2019:4-12:6:206	13	ixé	ixé	PRON	15	19	nsubj	expl	False	False	False	False	False	True	2	6	4
NLTN2019:4-12:6:206	14	té	té	PART	13	13	advmod	advmod	True	True	True	False	False	False	1	1	0
NLTN2019:4-12:6:206	15	kwá	kwá	DET	11	16	conj	det	False	False	False	False	False	True	4	1	5
NLTN2019:4-12:6:206	16	supí	supí	NOUN	15	17	acl:relcl	nmod:poss	False	False	False	False	False	True	1	1	2
NLTN2019:4-12:6:206	17	waá	waá	PRON	16	13	nsubj	nsubj	False	True	False	True	False	False	1	4	-3
NLTN2019:4-12:6:206	18	,	,	PUNCT	22	13	punct	punct	False	True	False	True	False	False	4	5	-9
NLTN2019:4-12:6:206	19	ixé	ixé	PRON	22	26	nsubj	nsubj	False	True	False	True	False	False	3	7	4
NLTN2019:4-12:6:206	20	té	té	PART	19	19	advmod	advmod	True	True	True	False	False	False	1	1	0
NLTN2019:4-12:6:206	21	kwá	kwá	DET	22	22	det	det	True	True	True	False	False	False	1	1	0
NLTN2019:4-12:6:206	22	sikwesawa	sikwesawa	NOUN	11	19	conj	nsubj	False	False	False	False	False	True	11	3	8
NLTN2019:4-12:6:206	23	,	,	PUNCT	26	26	punct	punct	True	True	True	False	False	False	3	3	0
NLTN2019:4-12:6:206	24	ti	ti	PART	26	26	advmod	advmod	True	True	True	False	False	False	2	2	0
NLTN2019:4-12:6:206	25	awá	awá	PRON	26	26	nsubj	nsubj	True	True	True	False	False	False	1	1	0
NLTN2019:4-12:6:206	26	umaã	maã	VERB	3	3	parataxis	ccomp	True	False	False	False	True	False	23	23	0
NLTN2019:4-12:6:206	27	se	se	PRON	28	28	nmod:poss	nmod:poss	True	True	True	False	False	False	1	1	0
NLTN2019:4-12:6:206	28	paya	paya	NOUN	26	26	obl	obl	True	True	True	False	False	False	2	2	0
NLTN2019:4-12:6:206	29	piri	piri	ADP	28	28	case	case	True	True	True	False	False	False	1	1	0
NLTN2019:4-12:6:206	30	ti	ti	PART	33	33	advmod	advmod	True	True	True	False	False	False	3	3	0
NLTN2019:4-12:6:206	31	ramé	ramé	SCONJ	33	33	mark	mark	True	True	True	False	False	False	2	2	0
NLTN2019:4-12:6:206	32	maã	maã	PART	33	33	advmod	advmod	True	True	True	False	False	False	1	1	0
NLTN2019:4-12:6:206	33	harasú	rasú	VERB	26	26	advcl	ccomp	True	False	False	False	True	False	7	7	0
NLTN2019:4-12:6:206	34	aé	aé	PRON	33	33	obj	obj	True	True	True	False	False	False	1	1	0
NLTN2019:4-12:6:206	35	.	.	PUNCT	3	3	punct	punct	True	True	True	False	False	False	32	32	0
Cruz2011:0:0:2	1	Yawasemu	wasemu	VERB	0	0	root	root	True	True	True	False	False	False	1	1	0
Cruz2011:0:0:2	2	aé	aé	PRON	1	1	obj	obj	True	True	True	False	False	False	1	1	0
Cruz2011:0:0:2	3	.	.	PUNCT	1	1	punct	punct	True	True	True	False	False	False	2	2	0
Cruz2011:0:0:3	1	Ape	ape	ADV	3	3	advmod	advmod	True	True	True	False	False	False	2	2	0
Cruz2011:0:0:3	2	aintá	aintá	PRON	3	3	nsubj	nsubj	True	True	True	False	False	False	1	1	0
Cruz2011:0:0:3	3	taumaã	maã	VERB	0	0	root	root	True	True	True	False	False	False	3	3	0
Cruz2011:0:0:3	4	nhaã	nhaã	DET	5	5	det	det	True	True	True	False	False	False	1	1	0
Cruz2011:0:0:3	5	mayuwa	mayuwa	NOUN	3	3	obj	obj	True	True	True	False	False	False	2	2	0
Cruz2011:0:0:3	6	.	.	PUNCT	3	3	punct	punct	True	True	True	False	False	False	3	3	0
Cruz2011:0:0:5	1	Aité	aité	PRON	3	2	nsubj	nsubj	False	True	False	True	False	False	2	1	-1
Cruz2011:0:0:5	2	kwá	kwá	DET	1	3	det	det	False	True	False	True	False	False	1	1	2
Cruz2011:0:0:5	3	se	se	PRON	0	0	root	root	True	True	True	False	False	False	3	3	0
Cruz2011:0:0:5	4	yara	yara	ADP	3	3	case	case	True	True	True	False	False	False	1	1	0
Cruz2011:0:0:5	5	.	.	PUNCT	3	3	punct	punct	True	True	True	False	False	False	2	2	0
Cruz2011:0:0:6	1	Se	se	PRON	2	2	nmod:poss	nmod:poss	True	True	True	False	False	False	1	1	0
Cruz2011:0:0:6	2	ramunha	tamunha	NOUN	6	6	vocative	vocative	True	True	True	False	False	False	4	4	0
Cruz2011:0:0:6	3	,	,	PUNCT	2	2	punct	punct	True	True	True	False	False	False	1	1	0
Cruz2011:0:0:6	4	mayé	mayé	ADV	6	6	advmod	advmod	True	True	True	False	False	False	2	2	0
Cruz2011:0:0:6	5	taá	taá	PART	6	6	advmod	advmod	True	True	True	False	False	False	1	1	0
Cruz2011:0:0:6	6	yaseruka	seruka	VERB	0	0	root	root	True	True	True	False	False	False	6	6	0
Cruz2011:0:0:6	7	aité	aité	PRON	6	6	obj	obj	True	True	True	False	False	False	1	1	0
Cruz2011:0:0:6	8	kwá	kwá	DET	7	7	det	det	True	True	True	False	False	False	1	1	0
Cruz2011:0:0:6	9	?	?	PUNCT	6	6	punct	punct	True	True	True	False	False	False	3	3	0
Cruz2011:0:0:15	1	Yasika	sika	VERB	0	0	root	root	True	True	True	False	False	False	1	1	0
Cruz2011:0:0:15	2	wã	wã	PART	1	1	advmod	advmod	True	True	True	False	False	False	1	1	0
Cruz2011:0:0:15	3	,	,	PUNCT	4	4	punct	punct	True	True	True	False	False	False	1	1	0
Cruz2011:0:0:15	4	yapirari	pirari	VERB	1	1	conj	parataxis	True	False	False	False	True	False	3	3	0
Cruz2011:0:0:15	5	.	.	PUNCT	1	1	punct	punct	True	True	True	False	False	False	4	4	0
Cruz2011:0:0:25	1	Uií	uií	ADV	2	2	nmod:poss	nmod:poss	True	True	True	False	False	False	1	1	0
Cruz2011:0:0:25	2	ara	ara	NOUN	5	0	nsubj	root	False	False	False	False	False	True	3	2	-5
Cruz2011:0:0:25	3	umanú	manú	VERB	4	2	acl:relcl	acl:relcl	False	True	False	True	False	False	1	1	-2
Cruz2011:0:0:25	4	waá-itá	waá	PRON	5	3	nmod:poss	nsubj	False	False	False	False	False	True	1	1	-2
Cruz2011:0:0:25	5	ara	ara	NOUN	0	3	root	obj	False	False	False	False	False	True	5	2	3
Cruz2011:0:0:25	6	.	.	PUNCT	5	2	punct	punct	False	True	False	True	False	False	1	4	-3
Cruz2011:0:0:26	1	Xukúi	xukúi	PART	0	4	root	advmod	False	False	False	False	False	True	1	3	4
Cruz2011:0:0:26	2	i	i	PRON	3	3	nmod:poss	nmod:poss	True	True	True	False	False	False	1	1	0
Cruz2011:0:0:26	3	makira	makira	NOUN	1	4	nsubj	nsubj	False	True	False	True	False	False	2	1	3
Cruz2011:0:0:26	4	aíwa	aíwa	ADJ	3	0	amod	root	False	False	False	False	False	True	1	4	-3
Cruz2011:0:0:26	5	.	.	PUNCT	1	4	punct	punct	False	True	False	True	False	False	4	1	3
Cruz2011:0:0:31	1	Ixé	ixé	PRON	3	3	nsubj	nsubj	True	True	True	False	False	False	2	2	0
Cruz2011:0:0:31	2	asú	sú	AUX	3	3	aux	aux	True	True	True	False	False	False	1	1	0
Cruz2011:0:0:31	3	akontinuari	kontinuari	VERB	0	0	root	root	True	True	True	False	False	False	3	3	0
Cruz2011:0:0:31	4	maã	maã	PRON	3	3	obj	obj	True	True	True	False	False	False	1	1	0
Cruz2011:0:0:31	5	João	joão	PROPN	6	6	nsubj	nsubj	True	True	True	False	False	False	1	1	0
Cruz2011:0:0:31	6	umbeú	mbeú	VERB	4	4	acl:relcl	acl:relcl	True	True	True	False	False	False	2	2	0
Cruz2011:0:0:31	7	waá	waá	PRON	6	6	obj	obj	True	True	True	False	False	False	1	1	0
Cruz2011:0:0:31	8	.	.	PUNCT	3	3	punct	punct	True	True	True	False	False	False	5	5	0
Cruz2011:0:0:35	1	Akwá	kwá	VERB	0	0	root	root	True	True	True	False	False	False	1	1	0
Cruz2011:0:0:35	2	anheẽ	nheẽ	VERB	3	1	acl:relcl	acl:relcl	False	True	False	True	False	False	1	1	-2
Cruz2011:0:0:35	3	waá	waá	PRON	1	2	obj	obj	False	True	False	True	False	False	2	1	1
Cruz2011:0:0:35	4	.	.	PUNCT	1	1	punct	punct	True	True	True	False	False	False	3	3	0
Cruz2011:0:0:36	1	Ape	ape	ADV	3	3	advmod	advmod	True	True	True	False	False	False	2	2	0
Cruz2011:0:0:36	2	paá	paá	PART	3	3	advmod	advmod	True	True	True	False	False	False	1	1	0
Cruz2011:0:0:36	3	umaã	maã	VERB	0	0	root	root	True	True	True	False	False	False	3	3	0
Cruz2011:0:0:36	4	taupuri	puri	VERB	6	3	acl:relcl	acl:relcl	False	True	False	True	False	False	2	1	-3
Cruz2011:0:0:36	5	uikú	ikú	AUX	4	4	aux	aux	True	True	True	False	False	False	1	1	0
Cruz2011:0:0:36	6	waá	waá	PRON	3	4	obj	nsubj	False	False	False	False	False	True	3	2	1
Cruz2011:0:0:36	7	nhaã	nhaã	DET	8	8	det	det	True	True	True	False	False	False	1	1	0
Cruz2011:0:0:36	8	kavernawasú	kaverna	NOUN	4	4	obl	obl	True	True	True	False	False	False	4	4	0
Cruz2011:0:0:36	9	upé	upé	ADP	8	8	case	case	True	True	True	False	False	False	1	1	0
Cruz2011:0:0:36	10	.	.	PUNCT	3	3	punct	punct	True	True	True	False	False	False	7	7	0
Cruz2011:0:0:65	1	""""	""""	PUNCT	2	2	punct	punct	True	True	True	False	False	False	1	1	0
Cruz2011:0:0:65	2	Mamãe	mamãe	NOUN	5	5	ccomp	ccomp	True	True	True	False	False	False	3	3	0
Cruz2011:0:0:65	3	""""	""""	PUNCT	2	2	punct	punct	True	True	True	False	False	False	1	1	0
Cruz2011:0:0:65	4	,	,	PUNCT	5	2	punct	punct	False	True	False	True	False	False	1	2	-3
Cruz2011:0:0:65	5	unheẽ	nheẽ	VERB	0	0	root	root	True	True	True	False	False	False	5	5	0
Cruz2011:0:0:65	6	wera	wera	PART	5	5	advmod	advmod	True	True	True	False	False	False	1	1	0
Cruz2011:0:0:65	7	ixé	ixé	PRON	5	5	iobj	iobj	True	True	True	False	False	False	2	2	0
Cruz2011:0:0:65	8	arã	arã	ADP	7	7	case	case	True	True	True	False	False	False	1	1	0
Cruz2011:0:0:65	9	nhaã	nhaã	DET	11	11	det	det	True	True	True	False	False	False	2	2	0
Cruz2011:0:0:65	10	se	se	PRON	11	11	nmod:poss	nmod:poss	True	True	True	False	False	False	1	1	0
Cruz2011:0:0:65	11	kurumĩ	kurumĩ	NOUN	5	5	nsubj	nsubj	True	True	True	False	False	False	6	6	0
Cruz2011:0:0:65	12	.	.	PUNCT	5	5	punct	punct	True	True	True	False	False	False	7	7	0
Cruz2011:0:0:69	1	Asú	sú	VERB	0	0	root	root	True	True	True	False	False	False	1	1	0
Cruz2011:0:0:69	2	saurú	saurú	NOUN	1	1	obl	obj	True	False	False	False	True	False	1	1	0
Cruz2011:0:0:69	3	wera	wera	PART	1	1	advmod	advmod	True	True	True	False	False	False	2	2	0
Cruz2011:0:0:69	4	kupixá	kupixá	NOUN	1	1	obl	obl	True	True	True	False	False	False	3	3	0
Cruz2011:0:0:69	5	kití	kití	ADP	4	4	case	case	True	True	True	False	False	False	1	1	0
Cruz2011:0:0:69	6	.	.	PUNCT	1	1	punct	punct	True	True	True	False	False	False	5	5	0
Cruz2011:0:0:70	1	Kuxima	kuxima	ADV	5	5	advmod	advmod	True	True	True	False	False	False	4	4	0
Cruz2011:0:0:70	2	,	,	PUNCT	1	5	punct	punct	False	True	False	True	False	False	1	3	4
Cruz2011:0:0:70	3	kwaíra	kwaíra	ADJ	5	5	advcl	advcl	True	True	True	False	False	False	2	2	0
Cruz2011:0:0:70	4	ramé	ramé	SCONJ	3	3	mark	mark	True	True	True	False	False	False	1	1	0
Cruz2011:0:0:70	5	amurí	murí	VERB	0	0	root	root	True	True	True	False	False	False	5	5	0
Cruz2011:0:0:70	6	wera	wera	PART	5	5	advmod	advmod	True	True	True	False	False	False	1	1	0
Cruz2011:0:0:70	7	indé	indé	PRON	5	5	obj	obj	True	True	True	False	False	False	2	2	0
Cruz2011:0:0:70	8	.	.	PUNCT	5	5	punct	punct	True	True	True	False	False	False	3	3	0
Cruz2011:4:2:75	1	Yawé	yawé	ADV	2	2	advmod	advmod	True	True	True	False	False	False	1	1	0
Cruz2011:4:2:75	2	upitá	pitá	VERB	0	0	root	root	True	True	True	False	False	False	2	2	0
Cruz2011:4:2:75	3	…	…	PUNCT	2	2	punct	punct	True	True	True	False	False	False	1	1	0
Cruz2011:0:0:87	1	Ixé	ixé	PRON	2	2	nsubj	nsubj	True	True	True	False	False	False	1	1	0
Cruz2011:0:0:87	2	kwera	kwera	NOUN	0	0	root	root	True	True	True	False	False	False	2	2	0
Cruz2011:0:0:87	3	.	.	PUNCT	2	2	punct	punct	True	True	True	False	False	False	1	1	0
Cruz2011:0:0:88	1	Homem	homem	NOUN	3	3	nsubj	nsubj	True	True	True	False	False	False	2	2	0
Cruz2011:0:0:88	2	ti	ti	PART	3	3	advmod	advmod	True	True	True	False	False	False	1	1	0
Cruz2011:0:0:88	3	kwera	kwera	NOUN	0	0	root	root	True	True	True	False	False	False	3	3	0
Cruz2011:0:0:88	4	!	!	PUNCT	3	3	punct	punct	True	True	True	False	False	False	1	1	0
Cruz2011:0:0:95	1	Mukura	mikura	NOUN	6	6	dislocated	nsubj	True	False	False	False	True	False	5	5	0
Cruz2011:0:0:95	2	kuíri	kuíri	ADV	6	6	advmod	advmod	True	True	True	False	False	False	4	4	0
Cruz2011:0:0:95	3	kwá	kwá	DET	4	4	det	det	True	True	True	False	False	False	1	1	0
Cruz2011:0:0:95	4	tempo	tempo	NOUN	6	6	obl	obj	True	False	False	False	True	False	2	2	0
Cruz2011:0:0:95	5	aé	aé	PRON	6	6	nsubj	nsubj	True	True	True	False	False	False	1	1	0
Cruz2011:0:0:95	6	urikú	rikú	VERB	0	0	root	root	True	True	True	False	False	False	6	6	0
Cruz2011:0:0:95	7	sete	sete	NUM	8	8	nummod	nummod	True	True	True	False	False	False	1	1	0
Cruz2011:0:0:95	8	vida	vida	NOUN	6	10	obj	nsubj	False	False	False	False	False	True	2	2	4
Cruz2011:0:0:95	9	porque	porque	SCONJ	10	10	mark	mark	True	True	True	False	False	False	1	1	0
Cruz2011:0:0:95	10	uwari	wari	VERB	6	6	advcl	advcl	True	True	True	False	False	False	4	4	0
Cruz2011:0:0:95	11	kwera	kwera	NOUN	10	12	parataxis	nsubj	False	False	False	False	False	True	1	1	2
Cruz2011:0:0:95	12	upuka	puka	VERB	10	10	parataxis	ccomp	True	False	False	False	True	False	2	2	0
Cruz2011:0:0:95	13	pá	pá	PART	12	12	advmod	advmod	True	True	True	False	False	False	1	1	0
Cruz2011:0:0:95	14	sete	sete	NUM	15	15	nummod	nummod	True	True	True	False	False	False	1	1	0
Cruz2011:0:0:95	15	pedaço	pedaço	NOUN	12	12	obj	obj	True	True	True	False	False	False	3	3	0
Cruz2011:0:0:95	16	.	.	PUNCT	6	6	punct	punct	True	True	True	False	False	False	10	10	0
Cruz2011:0:0:117	1	Ti	ti	PART	4	4	advmod	advmod	True	True	True	False	False	False	3	3	0
Cruz2011:0:0:117	2	ramé	ramé	SCONJ	4	4	mark	mark	True	True	True	False	False	False	2	2	0
Cruz2011:0:0:117	3	manungara	manungara	PRON	4	4	obj	obj	True	True	True	False	False	False	1	1	0
Cruz2011:0:0:117	4	rerikú	rikú	VERB	5	5	advcl	advcl	True	True	True	False	False	False	1	1	0
Cruz2011:0:0:117	5	remeẽ	meẽ	VERB	0	0	root	root	True	True	True	False	False	False	5	5	0
Cruz2011:0:0:117	6	xibé	xibé	NOUN	5	5	obj	obj	True	True	True	False	False	False	1	1	0
Cruz2011:0:0:117	7	ntu	ntu	ADV	5	5	advmod	advmod	True	True	True	False	False	False	2	2	0
Cruz2011:0:0:117	8	.	.	PUNCT	5	5	punct	punct	True	True	True	False	False	False	3	3	0
Cruz2011:0:0:127	1	Pewapika	wapika	VERB	0	0	root	root	True	True	True	False	False	False	1	1	0
Cruz2011:0:0:127	2	ntu	ntu	ADV	1	1	advmod	advmod	True	True	True	False	False	False	1	1	0
Cruz2011:0:0:127	3	pemaã	maã	VERB	1	1	parataxis	parataxis	True	True	True	False	False	False	2	2	0
Cruz2011:0:0:127	4	.	.	PUNCT	1	1	punct	punct	True	True	True	False	False	False	3	3	0
Cruz2011:0:0:140	1	Ixé	ixé	PRON	3	3	nsubj	nsubj	True	True	True	False	False	False	2	2	0
Cruz2011:0:0:140	2	ti	ti	PART	3	3	advmod	advmod	True	True	True	False	False	False	1	1	0
Cruz2011:0:0:140	3	baniwa	baniwa	NOUN	0	0	root	root	True	True	True	False	False	False	3	3	0
Cruz2011:0:0:140	4	.	.	PUNCT	3	3	punct	punct	True	True	True	False	False	False	1	1	0
Cruz2011:0:0:144	1	Yasú	sú	AUX	2	2	aux	aux	True	True	True	False	False	False	1	1	0
Cruz2011:0:0:144	2	yakirari	kirari	VERB	0	0	root	root	True	True	True	False	False	False	2	2	0
Cruz2011:0:0:144	3	yepé	yepé	DET	4	4	det	det	True	True	True	False	False	False	1	1	0
Cruz2011:0:0:144	4	asosiasao	asosiasao	NOUN	2	2	obj	obj	True	True	True	False	False	False	2	2	0
Cruz2011:0:0:144	5	.	.	PUNCT	2	2	punct	punct	True	True	True	False	False	False	3	3	0
Cruz2011:0:0:155	1	Kuíri	kuíri	ADV	2	2	advmod	advmod	True	True	True	False	False	False	1	1	0
Cruz2011:0:0:155	2	puranga	puranga	ADJ	0	0	root	root	True	True	True	False	False	False	2	2	0
Cruz2011:0:0:155	3	uikú	ikú	AUX	2	2	cop	cop	True	True	True	False	False	False	1	1	0
Cruz2011:0:0:155	4	.	.	PUNCT	2	2	punct	punct	True	True	True	False	False	False	2	2	0
Casasnovas2006:1:7:7	1	Aape	aape	ADV	6	6	advmod	advmod	True	True	True	False	False	False	5	5	0
Casasnovas2006:1:7:7	2	,	,	PUNCT	3	3	punct	punct	True	True	True	False	False	False	1	1	0
Casasnovas2006:1:7:7	3	paá	paá	PART	6	6	advmod	advmod	True	True	True	False	False	False	3	3	0
Casasnovas2006:1:7:7	4	,	,	PUNCT	3	3	punct	punct	True	True	True	False	False	False	1	1	0
Casasnovas2006:1:7:7	5	urubú	urubú	NOUN	6	6	nsubj	nsubj	True	True	True	False	False	False	1	1	0
Casasnovas2006:1:7:7	6	usuaxara	suaxara	VERB	0	0	root	root	True	True	True	False	False	False	6	6	0
Casasnovas2006:1:7:7	7	:	:	PUNCT	12	8	punct	punct	False	True	False	True	False	False	5	1	-4
Casasnovas2006:1:7:7	8	Compadre	compadre	NOUN	12	6	vocative	obj	False	False	False	False	False	True	4	2	-6
Casasnovas2006:1:7:7	9	,	,	PUNCT	8	12	punct	punct	False	True	False	True	False	False	1	3	4
Casasnovas2006:1:7:7	10	ixé	ixé	PRON	12	12	nsubj	nsubj	True	True	True	False	False	False	2	2	0
Casasnovas2006:1:7:7	11	ti	ti	PART	12	12	advmod	advmod	True	True	True	False	False	False	1	1	0
Casasnovas2006:1:7:7	12	aputari	putari	VERB	6	6	ccomp	parataxis	True	False	False	False	True	False	6	6	0
Casasnovas2006:1:7:7	13	amunhã	munhã	VERB	12	12	xcomp	parataxis	True	False	False	False	True	False	1	1	0
Casasnovas2006:1:7:7	14	puxiwera	puxiwera	NOUN	13	13	obj	obj	True	True	True	False	False	False	1	1	0
Casasnovas2006:1:7:7	15	suú-itá	suú	NOUN	13	13	iobj	iobj	True	True	True	False	False	False	2	2	0
Casasnovas2006:1:7:7	16	supé	supé	ADP	15	15	case	case	True	True	True	False	False	False	1	1	0
Casasnovas2006:1:7:7	17	,	,	PUNCT	21	21	punct	punct	True	True	True	False	False	False	4	4	0
Casasnovas2006:1:7:7	18	ma	ma	CCONJ	21	21	cc	cc	True	True	True	False	False	False	3	3	0
Casasnovas2006:1:7:7	19	kuíri	kuíri	ADV	21	21	advmod	advmod	True	True	True	False	False	False	2	2	0
Casasnovas2006:1:7:7	20	se	se	PRON	21	21	nsubj	nsubj	True	True	True	False	False	False	1	1	0
Casasnovas2006:1:7:7	21	yumasí	yumasí	VERB	12	13	conj	conj	False	True	False	True	False	False	9	8	1
Casasnovas2006:1:7:7	22	retana	retana	ADV	21	21	advmod	advmod	True	True	True	False	False	False	1	1	0
Casasnovas2006:1:7:7	23	,	,	PUNCT	24	24	punct	punct	True	True	True	False	False	False	1	1	0
Casasnovas2006:1:7:7	24	remukameẽ	mukameẽ	VERB	30	21	advcl	advcl	False	True	False	True	False	False	6	3	-9
Casasnovas2006:1:7:7	25	ramé	ramé	SCONJ	24	24	mark	mark	True	True	True	False	False	False	1	1	0
Casasnovas2006:1:7:7	26	mayé	mayé	ADV	27	27	advmod	advmod	True	True	True	False	False	False	1	1	0
Casasnovas2006:1:7:7	27	amunhã	munhã	VERB	24	24	ccomp	ccomp	True	True	True	False	False	False	3	3	0
Casasnovas2006:1:7:7	28	arã	arã	SCONJ	27	27	mark	mark	True	True	True	False	False	False	1	1	0
Casasnovas2006:1:7:7	29	,	,	PUNCT	30	30	punct	punct	True	True	True	False	False	False	1	1	0
Casasnovas2006:1:7:7	30	akwá	kwá	VERB	21	21	parataxis	parataxis	True	True	True	False	False	False	9	9	0
Casasnovas2006:1:7:7	31	katú	katú	ADV	30	30	advmod	advmod	True	True	True	False	False	False	1	1	0
Casasnovas2006:1:7:7	32	amunhã	munhã	VERB	30	30	xcomp	ccomp	True	False	False	False	True	False	2	2	0
Casasnovas2006:1:7:7	33	.	.	PUNCT	6	6	punct	punct	True	True	True	False	False	False	27	27	0
Casasnovas2006:2:1:15	1	Yepé	yepé	DET	2	2	det	det	True	True	True	False	False	False	1	1	0
Casasnovas2006:2:1:15	2	ara	ara	NOUN	6	6	obl	obl	True	True	True	False	False	False	4	4	0
Casasnovas2006:2:1:15	3	,	,	PUNCT	2	6	punct	punct	False	True	False	True	False	False	1	3	4
Casasnovas2006:2:1:15	4	yawaraté	yawaraté	NOUN	6	6	nsubj	nsubj	True	True	True	False	False	False	2	2	0
Casasnovas2006:2:1:15	5	usú	sú	AUX	6	6	aux	aux	True	True	True	False	False	False	1	1	0
Casasnovas2006:2:1:15	6	usikari	sikari	VERB	0	0	root	root	True	True	True	False	False	False	6	6	0
Casasnovas2006:2:1:15	7	yautí	yautí	NOUN	6	6	obj	obj	True	True	True	False	False	False	1	1	0
Casasnovas2006:2:1:15	8	umbaú	mbaú	VERB	6	6	advcl	advcl	True	True	True	False	False	False	2	2	0
Casasnovas2006:2:1:15	9	arã	arã	SCONJ	8	8	mark	mark	True	True	True	False	False	False	1	1	0
Casasnovas2006:2:1:15	10	aé	aé	PRON	8	8	obj	obj	True	True	True	False	False	False	2	2	0
Casasnovas2006:2:1:15	11	.	.	PUNCT	6	6	punct	punct	True	True	True	False	False	False	5	5	0
Casasnovas2006:3:5:29	1	Kwema	kwema	NOUN	9	9	obl	obl	True	True	True	False	False	False	8	8	0
Casasnovas2006:3:5:29	2	irumu	irumu	ADP	1	1	case	case	True	True	True	False	False	False	1	1	0
Casasnovas2006:3:5:29	3	,	,	PUNCT	4	4	punct	punct	True	True	True	False	False	False	1	1	0
Casasnovas2006:3:5:29	4	paá	paá	PART	9	9	advmod	advmod	True	True	True	False	False	False	5	5	0
Casasnovas2006:3:5:29	5	,	,	PUNCT	4	4	punct	punct	True	True	True	False	False	False	1	1	0
Casasnovas2006:3:5:29	6	mukũi	mukũi	NUM	9	9	nsubj	nsubj	True	True	True	False	False	False	3	3	0
Casasnovas2006:3:5:29	7	aintá	aintá	PRON	6	6	nmod	nmod	True	True	True	False	False	False	1	1	0
Casasnovas2006:3:5:29	8	suiwara	suiwara	ADP	7	7	case	case	True	True	True	False	False	False	1	1	0
Casasnovas2006:3:5:29	9	tawiyé	wiyé	VERB	0	0	root	root	True	True	True	False	False	False	9	9	0
Casasnovas2006:3:5:29	10	garapá	garapá	NOUN	9	9	obl	obl	True	True	True	False	False	False	1	1	0
Casasnovas2006:3:5:29	11	kití	kití	ADP	10	10	case	case	True	True	True	False	False	False	1	1	0
Casasnovas2006:3:5:29	12	,	,	PUNCT	16	16	punct	punct	True	True	True	False	False	False	4	4	0
Casasnovas2006:3:5:29	13	asuí	asuí	CCONJ	16	16	cc	cc	True	True	True	False	False	False	3	3	0
Casasnovas2006:3:5:29	14	akití	akití	ADV	16	16	advmod	advmod	True	True	True	False	False	False	2	2	0
Casasnovas2006:3:5:29	15	tẽ	tẽ	PART	14	14	advmod	advmod	True	True	True	False	False	False	1	1	0
Casasnovas2006:3:5:29	16	takanhemu	kanhemu	VERB	9	9	conj	conj	True	True	True	False	False	False	7	7	0
Casasnovas2006:3:5:29	17	.	.	PUNCT	9	9	punct	punct	True	True	True	False	False	False	8	8	0
Casasnovas2006:3:7:31	1	Mairamé	mairamé	SCONJ	2	2	mark	mark	True	True	True	False	False	False	1	1	0
Casasnovas2006:3:7:31	2	puranga	puranga	ADJ	6	6	advcl	advcl	True	True	True	False	False	False	4	4	0
Casasnovas2006:3:7:31	3	waá	waá	PRON	2	2	expl	nsubj	True	False	False	False	True	False	1	1	0
Casasnovas2006:3:7:31	4	ara	ara	NOUN	2	2	nsubj	nsubj	True	True	True	False	False	False	2	2	0
Casasnovas2006:3:7:31	5	,	,	PUNCT	2	2	punct	punct	True	True	True	False	False	False	3	3	0
Casasnovas2006:3:7:31	6	tamaã	maã	VERB	0	0	root	root	True	True	True	False	False	False	6	6	0
Casasnovas2006:3:7:31	7	,	,	PUNCT	8	8	punct	punct	True	True	True	False	False	False	1	1	0
Casasnovas2006:3:7:31	8	paá	paá	PART	6	6	advmod	advmod	True	True	True	False	False	False	2	2	0
Casasnovas2006:3:7:31	9	,	,	PUNCT	8	8	punct	punct	True	True	True	False	False	False	1	1	0
Casasnovas2006:3:7:31	10	nhaã	nhaã	DET	11	11	det	det	True	True	True	False	False	False	1	1	0
Casasnovas2006:3:7:31	11	kariwa	kariwa	NOUN	18	6	nsubj	obj	False	False	False	False	False	True	7	5	-12
Casasnovas2006:3:7:31	12	puranga	puranga	ADJ	11	11	amod	amod	True	True	True	False	False	False	1	1	0
Casasnovas2006:3:7:31	13	mirĩ	mirĩ	ADJ	11	12	amod	amod	False	True	False	True	False	False	2	1	1
Casasnovas2006:3:7:31	14	ukiri	kiri	VERB	11	12	acl:relcl	acl:relcl	False	True	False	True	False	False	3	2	1
Casasnovas2006:3:7:31	15	waá	waá	PRON	14	14	nsubj	nsubj	True	True	True	False	False	False	1	1	0
Casasnovas2006:3:7:31	16	uikú	ikú	AUX	14	14	aux	aux	True	True	True	False	False	False	2	2	0
Casasnovas2006:3:7:31	17	,	,	PUNCT	11	18	punct	punct	False	True	False	True	False	False	6	1	7
Casasnovas2006:3:7:31	18	urikú	rikú	VERB	6	6	ccomp	parataxis	True	False	False	False	True	False	12	12	0
Casasnovas2006:3:7:31	19	suáya	suáya	NOUN	18	18	obj	obj	True	True	True	False	False	False	1	1	0
Casasnovas2006:3:7:31	20	pirá	pirá	NOUN	18	18	obl	obl	True	True	True	False	False	False	2	2	0
Casasnovas2006:3:7:31	21	yawé	yawé	ADP	20	20	case	case	True	True	True	False	False	False	1	1	0
Casasnovas2006:3:7:31	22	.	.	PUNCT	6	6	punct	punct	True	True	True	False	False	False	16	16	0
Casasnovas2006:3:8:32	1	Aape	aape	ADV	7	7	advmod	advmod	True	True	True	False	False	False	6	6	0
Casasnovas2006:3:8:32	2	,	,	PUNCT	3	3	punct	punct	True	True	True	False	False	False	1	1	0
Casasnovas2006:3:8:32	3	paá	paá	PART	7	7	advmod	advmod	True	True	True	False	False	False	4	4	0
Casasnovas2006:3:8:32	4	,	,	PUNCT	3	3	punct	punct	True	True	True	False	False	False	1	1	0
Casasnovas2006:3:8:32	5	siía	siía	DET	6	6	det	det	True	True	True	False	False	False	1	1	0
Casasnovas2006:3:8:32	6	mira-itá	mira	NOUN	7	7	nsubj	nsubj	True	True	True	False	False	False	1	1	0
Casasnovas2006:3:8:32	7	tayatiri	yatiri	VERB	0	0	root	root	True	True	True	False	False	False	7	7	0
Casasnovas2006:3:8:32	8	tamaã	maã	VERB	7	7	parataxis	parataxis	True	True	True	False	False	False	1	1	0
Casasnovas2006:3:8:32	9	.	.	PUNCT	7	7	punct	punct	True	True	True	False	False	False	2	2	0
Casasnovas2006:4:1:36	1	Yepé	yepé	DET	2	2	det	det	True	True	True	False	False	False	1	1	0
Casasnovas2006:4:1:36	2	ara	ara	NOUN	9	9	obl	obl	True	True	True	False	False	False	7	7	0
Casasnovas2006:4:1:36	3	,	,	PUNCT	4	4	punct	punct	True	True	True	False	False	False	1	1	0
Casasnovas2006:4:1:36	4	paá	paá	PART	9	9	advmod	advmod	True	True	True	False	False	False	5	5	0
Casasnovas2006:4:1:36	5	,	,	PUNCT	4	4	punct	punct	True	True	True	False	False	False	1	1	0
Casasnovas2006:4:1:36	6	mukũi	mukũi	NUM	7	7	nummod	nummod	True	True	True	False	False	False	1	1	0
Casasnovas2006:4:1:36	7	kurumiwasú	kurumiwasú	NOUN	9	9	nsubj	nsubj	True	True	True	False	False	False	2	2	0
Casasnovas2006:4:1:36	8	tasú	sú	AUX	9	9	aux	aux	True	True	True	False	False	False	1	1	0
Casasnovas2006:4:1:36	9	tapinaitika	pinaitika	VERB	0	0	root	root	True	True	True	False	False	False	9	9	0
Casasnovas2006:4:1:36	10	.	.	PUNCT	9	9	punct	punct	True	True	True	False	False	False	1	1	0
Casasnovas2006:4:3:38	1	Yepé	yepé	PRON	5	5	nsubj	nsubj	True	True	True	False	False	False	4	4	0
Casasnovas2006:4:3:38	2	,	,	PUNCT	3	3	punct	punct	True	True	True	False	False	False	1	1	0
Casasnovas2006:4:3:38	3	paá	paá	PART	5	5	advmod	advmod	True	True	True	False	False	False	2	2	0
Casasnovas2006:4:3:38	4	,	,	PUNCT	3	3	punct	punct	True	True	True	False	False	False	1	1	0
Casasnovas2006:4:3:38	5	uwapika	wapika	VERB	0	0	root	root	True	True	True	False	False	False	5	5	0
Casasnovas2006:4:3:38	6	igara	igara	NOUN	7	7	nmod:poss	nmod:poss	True	True	True	False	False	False	1	1	0
Casasnovas2006:4:3:38	7	gantĩ	gantĩ	NOUN	5	5	obl	obl	True	True	True	False	False	False	2	2	0
Casasnovas2006:4:3:38	8	me	upé	ADP	7	7	case	case	True	True	True	False	False	False	1	1	0
Casasnovas2006:4:3:38	9	,	,	PUNCT	11	11	punct	punct	True	True	True	False	False	False	2	2	0
Casasnovas2006:4:3:38	10	amú	amú	PRON	11	11	nsubj	nsubj	True	True	True	False	False	False	1	1	0
Casasnovas2006:4:3:38	11	uwapika	wapika	VERB	5	5	parataxis	parataxis	True	True	True	False	False	False	6	6	0
Casasnovas2006:4:3:38	12	yakumã	yakumã	NOUN	11	11	obl	obl	True	True	True	False	False	False	1	1	0
Casasnovas2006:4:3:38	13	me	upé	ADP	12	12	case	case	True	True	True	False	False	False	1	1	0
Casasnovas2006:4:3:38	14	.	.	PUNCT	5	5	punct	punct	True	True	True	False	False	False	9	9	0
Casasnovas2006:4:4:39	1	Kwá	kwá	PRON	10	10	nsubj	nsubj	True	True	True	False	False	False	9	9	0
Casasnovas2006:4:4:39	2	,	,	PUNCT	3	3	punct	punct	True	True	True	False	False	False	1	1	0
Casasnovas2006:4:4:39	3	paá	paá	PART	5	5	advmod	advmod	True	True	True	False	False	False	2	2	0
Casasnovas2006:4:4:39	4	,	,	PUNCT	3	3	punct	punct	True	True	True	False	False	False	1	1	0
Casasnovas2006:4:4:39	5	uwapika	wapika	VERB	1	1	acl:relcl	acl:relcl	True	True	True	False	False	False	4	4	0
Casasnovas2006:4:4:39	6	waá	waá	PRON	5	5	nsubj	nsubj	True	True	True	False	False	False	1	1	0
Casasnovas2006:4:4:39	7	gantĩ	gantĩ	NOUN	5	5	obl	obl	True	True	True	False	False	False	2	2	0
Casasnovas2006:4:4:39	8	me	upé	ADP	7	7	case	case	True	True	True	False	False	False	1	1	0
Casasnovas2006:4:4:39	9	ti	ti	PART	10	10	advmod	advmod	True	True	True	False	False	False	1	1	0
Casasnovas2006:4:4:39	10	umaã	maã	VERB	0	0	root	root	True	True	True	False	False	False	10	10	0
Casasnovas2006:4:4:39	11	mairamé	mairamé	ADV	13	13	advmod	advmod	True	True	True	False	False	False	2	2	0
Casasnovas2006:4:4:39	12	sukuriú	sukuriú	NOUN	13	13	nsubj	nsubj	True	True	True	False	False	False	1	1	0
Casasnovas2006:4:4:39	13	usikí	sikí	VERB	10	10	ccomp	ccomp	True	True	True	False	False	False	3	3	0
Casasnovas2006:4:4:39	14	sumuara	sumuara	NOUN	13	13	obj	obj	True	True	True	False	False	False	1	1	0
Casasnovas2006:4:4:39	15	tipí	tipí	NOUN	13	13	obl	obl	True	True	True	False	False	False	2	2	0
Casasnovas2006:4:4:39	16	kití	kití	ADP	15	15	case	case	True	True	True	False	False	False	1	1	0
Casasnovas2006:4:4:39	17	.	.	PUNCT	10	10	punct	punct	True	True	True	False	False	False	7	7	0
Casasnovas2006:6:2:61	1	Kwá	kwá	PRON	5	5	nsubj	nsubj	True	True	True	False	False	False	4	4	0
Casasnovas2006:6:2:61	2	paá	paá	PART	5	5	advmod	advmod	True	True	True	False	False	False	3	3	0
Casasnovas2006:6:2:61	3	,	,	PUNCT	5	2	punct	punct	False	True	False	True	False	False	2	1	-3
Casasnovas2006:6:2:61	4	wakará-itá	wakará	NOUN	5	5	nmod:poss	nmod:poss	True	True	True	False	False	False	1	1	0
Casasnovas2006:6:2:61	5	retama	tetama	NOUN	0	0	root	root	True	True	True	False	False	False	5	5	0
Casasnovas2006:6:2:61	6	.	.	PUNCT	5	5	punct	punct	True	True	True	False	False	False	1	1	0
Casasnovas2006:9:23:107	1	Muíri	muíri	DET	2	2	det	det	True	True	True	False	False	False	1	1	0
Casasnovas2006:9:23:107	2	ara	ara	NOUN	6	6	obl	obl	True	True	True	False	False	False	4	4	0
Casasnovas2006:9:23:107	3	,	,	PUNCT	4	4	punct	punct	True	True	True	False	False	False	1	1	0
Casasnovas2006:9:23:107	4	paá	paá	PART	6	6	advmod	advmod	True	True	True	False	False	False	2	2	0
Casasnovas2006:9:23:107	5	,	,	PUNCT	4	4	punct	punct	True	True	True	False	False	False	1	1	0
Casasnovas2006:9:23:107	6	upurandú	purandú	VERB	0	0	root	root	True	True	True	False	False	False	6	6	0
Casasnovas2006:9:23:107	7	suixawa	tuixawa	NOUN	6	6	obl	obl	True	True	True	False	False	False	1	1	0
Casasnovas2006:9:23:107	8	suí	suí	ADP	7	7	case	case	True	True	True	False	False	False	1	1	0
Casasnovas2006:9:23:107	9	umeẽ	meẽ	VERB	6	6	xcomp	xcomp	True	True	True	False	False	False	3	3	0
Casasnovas2006:9:23:107	10	arã	arã	SCONJ	9	9	mark	mark	True	True	True	False	False	False	1	1	0
Casasnovas2006:9:23:107	11	i	i	PRON	9	9	iobj	iobj	True	True	True	False	False	False	2	2	0
Casasnovas2006:9:23:107	12	xupé	xupé	ADP	11	11	case	case	True	True	True	False	False	False	1	1	0
Casasnovas2006:9:23:107	13	i	i	PRON	14	14	nmod:poss	nmod:poss	True	True	True	False	False	False	1	1	0
Casasnovas2006:9:23:107	14	pepú	pepú	NOUN	9	9	obj	obj	True	True	True	False	False	False	5	5	0
Casasnovas2006:9:23:107	15	arã	arã	PART	14	14	advmod	advmod	True	True	True	False	False	False	1	1	0
Casasnovas2006:9:23:107	16	,	,	PUNCT	17	17	punct	punct	True	True	True	False	False	False	1	1	0
Casasnovas2006:9:23:107	17	uyuíri	yuíri	VERB	9	9	advcl	advcl	True	True	True	False	False	False	8	8	0
Casasnovas2006:9:23:107	18	arã	arã	SCONJ	17	17	mark	mark	True	True	True	False	False	False	1	1	0
Casasnovas2006:9:23:107	19	i	i	PRON	20	20	nmod:poss	nmod:poss	True	True	True	False	False	False	1	1	0
Casasnovas2006:9:23:107	20	anama-itá	anama	NOUN	17	17	obl	obl	True	True	True	False	False	False	3	3	0
Casasnovas2006:9:23:107	21	piri	piri	ADP	20	20	case	case	True	True	True	False	False	False	1	1	0
Casasnovas2006:9:23:107	22	.	.	PUNCT	6	6	punct	punct	True	True	True	False	False	False	16	16	0
Casasnovas2006:9:26:110	1	Amú	amú	DET	2	2	det	det	True	True	True	False	False	False	1	1	0
Casasnovas2006:9:26:110	2	kwema	kwema	NOUN	8	8	obl	obl	True	True	True	False	False	False	6	6	0
Casasnovas2006:9:26:110	3	,	,	PUNCT	4	4	punct	punct	True	True	True	False	False	False	1	1	0
Casasnovas2006:9:26:110	4	paá	paá	PART	8	8	advmod	advmod	True	True	True	False	False	False	4	4	0
Casasnovas2006:9:26:110	5	,	,	PUNCT	4	4	punct	punct	True	True	True	False	False	False	1	1	0
Casasnovas2006:9:26:110	6	i	i	PRON	7	7	nmod:poss	nmod:poss	True	True	True	False	False	False	1	1	0
Casasnovas2006:9:26:110	7	mena	mena	NOUN	8	8	nsubj	nsubj	True	True	True	False	False	False	1	1	0
Casasnovas2006:9:26:110	8	unheẽ	nheẽ	VERB	0	0	root	root	True	True	True	False	False	False	8	8	0
Casasnovas2006:9:26:110	9	:	:	PUNCT	12	12	punct	punct	True	True	True	False	False	False	3	3	0
Casasnovas2006:9:26:110	10	asú	sú	AUX	12	12	aux	aux	True	True	True	False	False	False	2	2	0
Casasnovas2006:9:26:110	11	rẽ	rẽ	PART	12	12	advmod	advmod	True	True	True	False	False	False	1	1	0
Casasnovas2006:9:26:110	12	apinaitika	pinaitika	VERB	8	8	ccomp	parataxis	True	False	False	False	True	False	4	4	0
Casasnovas2006:9:26:110	13	.	.	PUNCT	8	8	punct	punct	True	True	True	False	False	False	5	5	0
Casasnovas2006:9:30:114	1	Nẽ	nẽ	PART	14	4	ccomp	advmod	False	False	False	False	False	True	13	3	-10
Casasnovas2006:9:30:114	2	maã	maã	PRON	1	1	fixed	fixed	True	True	True	False	False	False	1	1	0
Casasnovas2006:9:30:114	3	,	,	PUNCT	4	4	punct	punct	True	True	True	False	False	False	1	1	0
Casasnovas2006:9:30:114	4	ayuka	yuka	VERB	1	0	parataxis	root	False	False	False	False	False	True	3	4	-1
Casasnovas2006:9:30:114	5	aikú	ikú	AUX	4	4	aux	aux	True	True	True	False	False	False	1	1	0
Casasnovas2006:9:30:114	6	i	i	PRON	4	4	obl	obl	True	True	True	False	False	False	2	2	0
Casasnovas2006:9:30:114	7	suí	suí	ADP	6	6	case	case	True	True	True	False	False	False	1	1	0
Casasnovas2006:9:30:114	8	tumbira	tumbira	NOUN	4	4	obj	obj	True	True	True	False	False	False	4	4	0
Casasnovas2006:9:30:114	9	,	,	PUNCT	10	10	punct	punct	True	True	True	False	False	False	1	1	0
Casasnovas2006:9:30:114	10	paá	paá	PART	14	14	advmod	advmod	True	True	True	False	False	False	4	4	0
Casasnovas2006:9:30:114	11	,	,	PUNCT	10	10	punct	punct	True	True	True	False	False	False	1	1	0
Casasnovas2006:9:30:114	12	i	i	PRON	13	13	nmod:poss	nmod:poss	True	True	True	False	False	False	1	1	0
Casasnovas2006:9:30:114	13	manha	manha	NOUN	14	14	nsubj	nsubj	True	True	True	False	False	False	1	1	0
Casasnovas2006:9:30:114	14	usuaxara	suaxara	VERB	0	4	root	parataxis	False	False	False	False	False	True	14	10	4
Casasnovas2006:9:30:114	15	.	.	PUNCT	14	4	punct	punct	False	True	False	True	False	False	1	11	-10
Casasnovas2006:9:31:115	1	Merupiára	merupiára	ADV	2	2	advmod	advmod	True	True	True	False	False	False	1	1	0
Casasnovas2006:9:31:115	2	reyuka	yuka	VERB	10	0	ccomp	root	False	False	False	False	False	True	8	2	-10
Casasnovas2006:9:31:115	3	i	i	PRON	2	2	obl	obl	True	True	True	False	False	False	1	1	0
Casasnovas2006:9:31:115	4	suí	suí	ADP	3	3	case	case	True	True	True	False	False	False	1	1	0
Casasnovas2006:9:31:115	5	,	,	PUNCT	7	7	punct	punct	True	True	True	False	False	False	2	2	0
Casasnovas2006:9:31:115	6	te	te	PART	7	7	advmod	advmod	True	True	True	False	False	False	1	1	0
Casasnovas2006:9:31:115	7	remunhã	munhã	VERB	2	2	parataxis	parataxis	True	True	True	False	False	False	5	5	0
Casasnovas2006:9:31:115	8	uyaxiú	yaxiú	VERB	7	7	ccomp	parataxis	True	False	False	False	True	False	1	1	0
Casasnovas2006:9:31:115	9	,	,	PUNCT	7	10	punct	punct	False	True	False	True	False	False	2	1	3
Casasnovas2006:9:31:115	10	unheẽ	nheẽ	VERB	0	8	root	parataxis	False	False	False	False	False	True	10	2	8
Casasnovas2006:9:31:115	11	,	,	PUNCT	12	12	punct	punct	True	True	True	False	False	False	1	1	0
Casasnovas2006:9:31:115	12	paá	paá	PART	10	10	advmod	advmod	True	True	True	False	False	False	2	2	0
Casasnovas2006:9:31:115	13	,	,	PUNCT	12	12	punct	punct	True	True	True	False	False	False	1	1	0
Casasnovas2006:9:31:115	14	i	i	PRON	15	15	nmod:poss	nmod:poss	True	True	True	False	False	False	1	1	0
Casasnovas2006:9:31:115	15	aría	aría	NOUN	10	10	nsubj	obj	True	False	False	False	True	False	5	5	0
Casasnovas2006:9:31:115	16	.	.	PUNCT	10	2	punct	punct	False	True	False	True	False	False	6	14	-8
Casasnovas2006:11:2:133	1	Yepé	yepé	DET	2	2	det	det	True	True	True	False	False	False	1	1	0
Casasnovas2006:11:2:133	2	ara	ara	NOUN	8	8	obl	obl	True	True	True	False	False	False	6	6	0
Casasnovas2006:11:2:133	3	,	,	PUNCT	4	4	punct	punct	True	True	True	False	False	False	1	1	0
Casasnovas2006:11:2:133	4	paá	paá	PART	8	8	advmod	advmod	True	True	True	False	False	False	4	4	0
Casasnovas2006:11:2:133	5	,	,	PUNCT	4	4	punct	punct	True	True	True	False	False	False	1	1	0
Casasnovas2006:11:2:133	6	Wakurawá	wakurawá	NOUN	8	8	nsubj	nsubj	True	True	True	False	False	False	2	2	0
Casasnovas2006:11:2:133	7	usú	sú	AUX	8	8	aux	aux	True	True	True	False	False	False	1	1	0
Casasnovas2006:11:2:133	8	upurandú	purandú	VERB	0	0	root	root	True	True	True	False	False	False	8	8	0
Casasnovas2006:11:2:133	9	nhaã	nhaã	DET	8	10	obj	det	False	False	False	False	False	True	1	1	2
Casasnovas2006:11:2:133	10	waimĩ	waimĩ	NOUN	9	8	acl:relcl	obj	False	False	False	False	False	True	1	2	-1
Casasnovas2006:11:2:133	11	piri	piri	ADV	10	10	advmod	acl:relcl	True	False	False	False	True	False	1	1	0
Casasnovas2006:11:2:133	12	waá	waá	PRON	10	11	nsubj	nsubj	False	True	False	True	False	False	2	1	1
Casasnovas2006:11:2:133	13	.	.	PUNCT	8	8	punct	punct	True	True	True	False	False	False	5	5	0
Casasnovas2006:11:3:134	1	Ape	ape	ADV	6	6	advmod	advmod	True	True	True	False	False	False	5	5	0
Casasnovas2006:11:3:134	2	,	,	PUNCT	3	3	punct	punct	True	True	True	False	False	False	1	1	0
Casasnovas2006:11:3:134	3	paá	paá	PART	6	6	advmod	advmod	True	True	True	False	False	False	3	3	0
Casasnovas2006:11:3:134	4	,	,	PUNCT	3	3	punct	punct	True	True	True	False	False	False	1	1	0
Casasnovas2006:11:3:134	5	Kurasí	kurasí	NOUN	6	6	nsubj	nsubj	True	True	True	False	False	False	1	1	0
Casasnovas2006:11:3:134	6	uxari	xari	VERB	0	0	root	root	True	True	True	False	False	False	6	6	0
Casasnovas2006:11:3:134	7	umendari	mendari	VERB	6	6	ccomp	ccomp	True	True	True	False	False	False	1	1	0
Casasnovas2006:11:3:134	8	i	i	PRON	7	7	obl	obl	True	True	True	False	False	False	1	1	0
Casasnovas2006:11:3:134	9	irumu	irumu	ADP	8	8	case	case	True	True	True	False	False	False	1	1	0
Casasnovas2006:11:3:134	10	.	.	PUNCT	6	6	punct	punct	True	True	True	False	False	False	4	4	0
Casasnovas2006:11:13:144	1	Nhaã	nhaã	PRON	9	9	obl	obl	True	True	True	False	False	False	8	8	0
Casasnovas2006:11:13:144	2	pukusá	pukusá	ADP	1	1	case	case	True	True	True	False	False	False	1	1	0
Casasnovas2006:11:13:144	3	,	,	PUNCT	4	4	punct	punct	True	True	True	False	False	False	1	1	0
Casasnovas2006:11:13:144	4	paá	paá	PART	9	9	advmod	advmod	True	True	True	False	False	False	5	5	0
Casasnovas2006:11:13:144	5	,	,	PUNCT	4	4	punct	punct	True	True	True	False	False	False	1	1	0
Casasnovas2006:11:13:144	6	nhaã	nhaã	PRON	7	7	det	det	True	True	True	False	False	False	1	1	0
Casasnovas2006:11:13:144	7	mukũi-itá	mukũi-itá	PRON	9	9	nsubj	nsubj	True	True	True	False	False	False	2	2	0
Casasnovas2006:11:13:144	8	ta	ta	PRON	9	9	expl	expl	True	True	True	False	False	False	1	1	0
Casasnovas2006:11:13:144	9	upitá	pitá	VERB	0	0	root	root	True	True	True	False	False	False	9	9	0
Casasnovas2006:11:13:144	10	ta	ta	PRON	11	11	expl	nsubj	True	False	False	False	True	False	1	1	0
Casasnovas2006:11:13:144	11	umunhã	munhã	VERB	9	9	xcomp	xcomp	True	True	True	False	False	False	2	2	0
Casasnovas2006:11:13:144	12	kupixá	kupixá	NOUN	11	11	obj	obj	True	True	True	False	False	False	1	1	0
Casasnovas2006:11:13:144	13	.	.	PUNCT	9	9	punct	punct	True	True	True	False	False	False	4	4	0
Casasnovas2006:11:19:150	1	Remaã	maã	VERB	15	0	ccomp	root	False	False	False	False	False	True	14	1	-15
Casasnovas2006:11:19:150	2	indé	indé	PRON	1	1	nsubj	obj	True	False	False	False	True	False	1	1	0
Casasnovas2006:11:19:150	3	,	,	PUNCT	5	15	punct	punct	False	True	False	True	False	False	2	12	10
Casasnovas2006:11:19:150	4	ne	ne	PRON	5	5	nmod:poss	nmod:poss	True	True	True	False	False	False	1	1	0
Casasnovas2006:11:19:150	5	paya	paya	NOUN	1	15	obj	nsubj	False	False	False	False	False	True	4	10	14
Casasnovas2006:11:19:150	6	ti	ti	PART	8	8	advmod	advmod	True	True	True	False	False	False	2	2	0
Casasnovas2006:11:19:150	7	waá	waá	PRON	5	8	nsubj	nsubj	False	True	False	True	False	False	2	1	3
Casasnovas2006:11:19:150	8	upaka	paka	VERB	5	15	acl:relcl	acl:relcl	False	True	False	True	False	False	3	7	10
Casasnovas2006:11:19:150	9	pitupituna	pitupituna	ADV	8	10	advmod	advmod	False	True	False	True	False	False	1	1	2
Casasnovas2006:11:19:150	10	usikari	sikari	VERB	8	15	advcl	advcl	False	True	False	True	False	False	2	5	7
Casasnovas2006:11:19:150	11	arã	arã	SCONJ	10	10	mark	mark	True	True	True	False	False	False	1	1	0
Casasnovas2006:11:19:150	12	rembaú	mbaú	VERB	10	15	advcl	advcl	False	True	False	True	False	False	2	3	5
Casasnovas2006:11:19:150	13	arã	arã	SCONJ	12	12	mark	mark	True	True	True	False	False	False	1	1	0
Casasnovas2006:11:19:150	14	,	,	PUNCT	1	15	punct	punct	False	True	False	True	False	False	13	1	14
Casasnovas2006:11:19:150	15	unheẽ	nheẽ	VERB	0	1	root	parataxis	False	False	False	False	False	True	15	14	1
Casasnovas2006:11:19:150	16	,	,	PUNCT	17	17	punct	punct	True	True	True	False	False	False	1	1	0
Casasnovas2006:11:19:150	17	paá	paá	PART	15	15	advmod	advmod	True	True	True	False	False	False	2	2	0
Casasnovas2006:11:19:150	18	,	,	PUNCT	17	17	punct	punct	True	True	True	False	False	False	1	1	0
Casasnovas2006:11:19:150	19	waimĩ	waimĩ	NOUN	15	15	nsubj	nsubj	True	True	True	False	False	False	4	4	0
Casasnovas2006:11:23:154	1	Ixé	ixé	PRON	2	2	nsubj	nsubj	True	True	True	False	False	False	1	1	0
Casasnovas2006:11:23:154	2	uwatari	watari	VERB	8	0	ccomp	root	False	False	False	False	False	True	6	2	-8
Casasnovas2006:11:23:154	3	kwaíra	kwaíra	ADV	2	2	advmod	advmod	True	True	True	False	False	False	1	1	0
Casasnovas2006:11:23:154	4	mirĩ	mirĩ	ADV	2	2	advmod	advmod	True	True	True	False	False	False	2	2	0
Casasnovas2006:11:23:154	5	tẽ	tẽ	PART	2	2	advmod	advmod	True	True	True	False	False	False	3	3	0
Casasnovas2006:11:23:154	6	wã	wã	PART	2	2	advmod	advmod	True	True	True	False	False	False	4	4	0
Casasnovas2006:11:23:154	7	,	,	PUNCT	2	8	punct	punct	False	True	False	True	False	False	5	1	6
Casasnovas2006:11:23:154	8	unheẽ	nheẽ	VERB	0	2	root	parataxis	False	False	False	False	False	True	8	6	2
Casasnovas2006:11:23:154	9	,	,	PUNCT	10	10	punct	punct	True	True	True	False	False	False	1	1	0
Casasnovas2006:11:23:154	10	paá	paá	PART	8	8	advmod	advmod	True	True	True	False	False	False	2	2	0
Casasnovas2006:11:23:154	11	,	,	PUNCT	10	10	punct	punct	True	True	True	False	False	False	1	1	0
Casasnovas2006:11:23:154	12	Wakurawá	wakurawá	NOUN	8	8	nsubj	obj	True	False	False	False	True	False	4	4	0
Casasnovas2006:11:23:154	13	.	.	PUNCT	8	2	punct	punct	False	True	False	True	False	False	5	11	-6
Casasnovas2006:12:7:173	1	Nhaã	nhaã	DET	6	6	det	det	True	True	True	False	False	False	5	5	0
Casasnovas2006:12:7:173	2	,	,	PUNCT	3	3	punct	punct	True	True	True	False	False	False	1	1	0
Casasnovas2006:12:7:173	3	paá	paá	PART	9	1	advmod	advmod	False	True	False	True	False	False	6	2	-8
Casasnovas2006:12:7:173	4	,	,	PUNCT	3	3	punct	punct	True	True	True	False	False	False	1	1	0
Casasnovas2006:12:7:173	5	amú	amú	DET	6	6	det	det	True	True	True	False	False	False	1	1	0
Casasnovas2006:12:7:173	6	mira-itá	mira	NOUN	7	7	nmod:poss	nmod:poss	True	True	True	False	False	False	1	1	0
Casasnovas2006:12:7:173	7	pitera	pitera	NOUN	9	9	obl	obl	True	True	True	False	False	False	2	2	0
Casasnovas2006:12:7:173	8	upé	upé	ADP	7	7	case	case	True	True	True	False	False	False	1	1	0
Casasnovas2006:12:7:173	9	aikwé	aikwé	PART	0	0	root	root	True	True	True	False	False	False	9	9	0
Casasnovas2006:12:7:173	10	yepé	yepé	DET	11	11	det	det	True	True	True	False	False	False	1	1	0
Casasnovas2006:12:7:173	11	kurumiwasú	kurumiwasú	NOUN	9	9	nsubj	nsubj	True	True	True	False	False	False	2	2	0
Casasnovas2006:12:7:173	12	,	,	PUNCT	14	14	punct	punct	True	True	True	False	False	False	2	2	0
Casasnovas2006:12:7:173	13	ti	ti	PART	14	14	advmod	advmod	True	True	True	False	False	False	1	1	0
Casasnovas2006:12:7:173	14	usikié	sikié	VERB	9	9	parataxis	parataxis	True	True	True	False	False	False	5	5	0
Casasnovas2006:12:7:173	15	nẽ	nẽ	PART	14	14	obl	obl	True	True	True	False	False	False	1	1	0
Casasnovas2006:12:7:173	16	maã	maã	DET	15	15	fixed	fixed	True	True	True	False	False	False	1	1	0
Casasnovas2006:12:7:173	17	suí	suí	ADP	15	15	case	case	True	True	True	False	False	False	2	2	0
Casasnovas2006:12:7:173	18	,	,	PUNCT	23	19	punct	punct	False	True	False	True	False	False	5	1	-4
Casasnovas2006:12:7:173	19	sera	sera	NOUN	23	14	nsubj	obj	False	False	False	False	False	True	4	5	-9
Casasnovas2006:12:7:173	20	,	,	PUNCT	21	21	punct	punct	True	True	True	False	False	False	1	1	0
Casasnovas2006:12:7:173	21	paá	paá	PART	23	14	advmod	advmod	False	True	False	True	False	False	2	7	-9
Casasnovas2006:12:7:173	22	,	,	PUNCT	21	21	punct	punct	True	True	True	False	False	False	1	1	0
Casasnovas2006:12:7:173	23	Buburi	buburi	PROPN	14	14	parataxis	nsubj	True	False	False	False	True	False	9	9	0
Casasnovas2006:12:7:173	24	.	.	PUNCT	9	9	punct	punct	True	True	True	False	False	False	15	15	0
Casasnovas2006:7:15:15	1	Tamakwarí	tamakwarí	PROPN	2	2	nmod:poss	nmod:poss	True	True	True	False	False	False	1	1	0
Casasnovas2006:7:15:15	2	tuyué	tuyué	NOUN	6	6	nsubj	nsubj	True	True	True	False	False	False	4	4	0
Casasnovas2006:7:15:15	3	ti	ti	PART	6	6	advmod	advmod	True	True	True	False	False	False	3	3	0
Casasnovas2006:7:15:15	4	ã	ã	PART	6	6	advmod	advmod	True	True	True	False	False	False	2	2	0
Casasnovas2006:7:15:15	5	paá	paá	PART	6	6	advmod	advmod	True	True	True	False	False	False	1	1	0
Casasnovas2006:7:15:15	6	ukwá	kwá	VERB	0	8	root	advcl	False	False	False	False	False	True	6	2	8
Casasnovas2006:7:15:15	7	mayé	mayé	ADV	8	8	advmod	advmod	True	True	True	False	False	False	1	1	0
Casasnovas2006:7:15:15	8	usuaxara	suaxara	VERB	6	0	ccomp	root	False	False	False	False	False	True	2	8	-6
Casasnovas2006:7:15:15	9	,	,	PUNCT	11	11	punct	punct	True	True	True	False	False	False	2	2	0
Casasnovas2006:7:15:15	10	ape	ape	ADV	11	11	advmod	advmod	True	True	True	False	False	False	1	1	0
Casasnovas2006:7:15:15	11	upitá	pitá	VERB	8	8	parataxis	parataxis	True	True	True	False	False	False	3	3	0
Casasnovas2006:7:15:15	12	sasiára	sasiára	ADJ	11	11	xcomp	xcomp	True	True	True	False	False	False	1	1	0
Casasnovas2006:7:15:15	13	.	.	PUNCT	6	8	punct	punct	False	True	False	True	False	False	7	5	2
Casasnovas2006:0:0:24	1	Maã	maã	PRON	3	3	nsubj	obj	True	False	False	False	True	False	2	2	0
Casasnovas2006:0:0:24	2	taá	taá	PART	3	3	advmod	advmod	True	True	True	False	False	False	1	1	0
Casasnovas2006:0:0:24	3	remunhã	munhã	VERB	0	0	root	root	True	True	True	False	False	False	3	3	0
Casasnovas2006:0:0:24	4	?	?	PUNCT	3	3	punct	punct	True	True	True	False	False	False	1	1	0
Casasnovas2006:0:0:34	1	Remundéu	mundéu	VERB	0	0	root	root	True	True	True	False	False	False	1	1	0
Casasnovas2006:0:0:34	2	taína	taína	NOUN	1	1	obj	obj	True	True	True	False	False	False	1	1	0
Casasnovas2006:0:0:34	3	.	.	PUNCT	1	1	punct	punct	True	True	True	False	False	False	2	2	0
Rodrigues1890:1-1-2:102:102	1	Kuíri	kuíri	ADV	2	2	advmod	advmod	True	True	True	False	False	False	1	1	0
Rodrigues1890:1-1-2:102:102	2	akwáu	kwáu	VERB	0	0	root	root	True	True	True	False	False	False	2	2	0
Rodrigues1890:1-1-2:102:102	3	resaisú	saisú	VERB	2	2	ccomp	parataxis	True	False	False	False	True	False	1	1	0
Rodrigues1890:1-1-2:102:102	4	reté	reté	ADV	3	3	advmod	advmod	True	True	True	False	False	False	1	1	0
Rodrigues1890:1-1-2:102:102	5	ixé	ixé	PRON	3	3	obj	obj	True	True	True	False	False	False	2	2	0
Rodrigues1890:1-1-2:102:102	6	.	.	PUNCT	2	2	punct	punct	True	True	True	False	False	False	4	4	0
Rodrigues1890:1-1-2:170:170	1	—	—	PUNCT	2	2	punct	punct	True	True	True	False	False	False	1	1	0
Rodrigues1890:1-1-2:170:170	2	Iruri	ruri	VERB	0	0	root	root	True	True	True	False	False	False	2	2	0
Rodrigues1890:1-1-2:170:170	3	kuté	kuté	ADV	2	2	advmod	advmod	True	True	True	False	False	False	1	1	0
Rodrigues1890:1-1-2:170:170	4	ne	ne	PRON	5	5	nmod:poss	nmod:poss	True	True	True	False	False	False	1	1	0
Rodrigues1890:1-1-2:170:170	5	kisé	kisé	NOUN	2	2	obj	obj	True	True	True	False	False	False	3	3	0
Rodrigues1890:1-1-2:170:170	6	.	.	PUNCT	2	2	punct	punct	True	True	True	False	False	False	4	4	0
Rodrigues1890:1-1-8:7:7	1	Piawasú	piá	NOUN	0	0	root	root	True	True	True	False	False	False	1	1	0
Rodrigues1890:1-1-8:7:7	2	indé	indé	PRON	1	1	nsubj	nsubj	True	True	True	False	False	False	1	1	0
Rodrigues1890:1-1-8:7:7	3	,	,	PUNCT	4	4	punct	punct	True	True	True	False	False	False	1	1	0
Rodrigues1890:1-1-8:7:7	4	rewatá	watá	VERB	1	1	advcl	advcl	True	True	True	False	False	False	3	3	0
Rodrigues1890:1-1-8:7:7	5	arama	arama	SCONJ	4	4	mark	mark	True	True	True	False	False	False	1	1	0
Rodrigues1890:1-1-8:7:7	6	se	se	PRON	7	7	nmod:poss	nmod:poss	True	True	True	False	False	False	1	1	0
Rodrigues1890:1-1-8:7:7	7	kaá	kaá	NOUN	4	4	obl	obl	True	True	True	False	False	False	3	3	0
Rodrigues1890:1-1-8:7:7	8	upé	upé	ADP	7	7	case	case	True	True	True	False	False	False	1	1	0
Rodrigues1890:1-1-8:7:7	9	!	!	PUNCT	1	1	punct	punct	True	True	True	False	False	False	8	8	0
Rodrigues1890:1-1-8:19:19	1	Usika	sika	VERB	0	0	root	root	True	True	True	False	False	False	1	1	0
Rodrigues1890:1-1-8:19:19	2	aape	aape	ADV	1	3	advmod	advmod	False	True	False	True	False	False	1	1	2
Rodrigues1890:1-1-8:19:19	3	uwasema	wasema	VERB	1	1	parataxis	parataxis	True	True	True	False	False	False	2	2	0
Rodrigues1890:1-1-8:19:19	4	uwapika	wapika	VERB	3	3	xcomp	parataxis	True	False	False	False	True	False	1	1	0
Rodrigues1890:1-1-8:19:19	5	satá	tatá	NOUN	6	4	nmod:poss	obj	False	False	False	False	False	True	1	1	-2
Rodrigues1890:1-1-8:19:19	6	rembií	tembiwa	NOUN	4	4	obl	obl	True	True	True	False	False	False	2	2	0
Rodrigues1890:1-1-8:19:19	7	pe	upé	ADP	6	6	case	case	True	True	True	False	False	False	1	1	0
Rodrigues1890:1-1-8:19:19	8	,	,	PUNCT	9	9	punct	punct	True	True	True	False	False	False	1	1	0
Rodrigues1890:1-1-8:19:19	9	uwasema	wasema	VERB	4	4	parataxis	parataxis	True	True	True	False	False	False	5	5	0
Rodrigues1890:1-1-8:19:19	10	wana	wana	PART	9	9	advmod	advmod	True	True	True	False	False	False	1	1	0
Rodrigues1890:1-1-8:19:19	11	suú	suú	NOUN	9	12	obj	nsubj	False	False	False	False	False	True	2	1	3
Rodrigues1890:1-1-8:19:19	12	umeẽ	meẽ	VERB	9	9	parataxis	xcomp	True	False	False	False	True	False	3	3	0
Rodrigues1890:1-1-8:19:19	13	i	i	PRON	12	12	iobj	iobj	True	True	True	False	False	False	1	1	0
Rodrigues1890:1-1-8:19:19	14	xupé	xupé	ADP	13	13	case	case	True	True	True	False	False	False	1	1	0
Rodrigues1890:1-1-8:19:19	15	xeruái	suái	NOUN	13	12	nmod	obj	False	False	False	False	False	True	2	3	-1
Rodrigues1890:1-1-8:19:19	16	.	.	PUNCT	1	1	punct	punct	True	True	True	False	False	False	15	15	0
Rodrigues1890:1-1-9:157:157	1	Kurupira	kurupira	NOUN	2	2	nsubj	nsubj	True	True	True	False	False	False	1	1	0
Rodrigues1890:1-1-9:157:157	2	usarú	sarú	VERB	0	0	root	root	True	True	True	False	False	False	2	2	0
Rodrigues1890:1-1-9:157:157	3	,	,	PUNCT	6	6	punct	punct	True	True	True	False	False	False	3	3	0
Rodrigues1890:1-1-9:157:157	4	intí	intí	PART	6	6	advmod	advmod	True	True	True	False	False	False	2	2	0
Rodrigues1890:1-1-9:157:157	5	aintá	aintá	PRON	6	6	nsubj	nsubj	True	True	True	False	False	False	1	1	0
Rodrigues1890:1-1-9:157:157	6	uyukwáu	yukwáu	VERB	2	2	parataxis	parataxis	True	True	True	False	False	False	4	4	0
Rodrigues1890:1-1-9:157:157	7	.	.	PUNCT	2	2	punct	punct	True	True	True	False	False	False	5	5	0
Rodrigues1890:1-2-5:3:3	1	Arirí	arirí	ADV	5	5	advmod	advmod	True	True	True	False	False	False	4	4	0
Rodrigues1890:1-2-5:3:3	2	,	,	PUNCT	3	3	punct	punct	True	True	True	False	False	False	1	1	0
Rodrigues1890:1-2-5:3:3	3	paá	paá	PART	5	5	advmod	advmod	True	True	True	False	False	False	2	2	0
Rodrigues1890:1-2-5:3:3	4	,	,	PUNCT	3	3	punct	punct	True	True	True	False	False	False	1	1	0
Rodrigues1890:1-2-5:3:3	5	unheẽ	nheẽ	VERB	0	0	root	root	True	True	True	False	False	False	5	5	0
Rodrigues1890:1-2-5:3:3	6	taíra	taíra	NOUN	5	7	nsubj	nmod:poss	False	False	False	False	False	True	1	1	2
Rodrigues1890:1-2-5:3:3	7	manha	manha	NOUN	5	5	iobj	iobj	True	True	True	False	False	False	2	2	0
Rodrigues1890:1-2-5:3:3	8	supé	supé	ADP	7	7	case	case	True	True	True	False	False	False	1	1	0
Rodrigues1890:1-2-5:3:3	9	:	:	PUNCT	11	11	punct	punct	True	True	True	False	False	False	2	2	0
Rodrigues1890:1-2-5:3:3	10	—	—	PUNCT	11	11	punct	punct	True	True	True	False	False	False	1	1	0
Rodrigues1890:1-2-5:3:3	11	Manha	manha	NOUN	5	5	ccomp	ccomp	True	True	True	False	False	False	6	6	0
Rodrigues1890:1-2-5:3:3	12	!	!	PUNCT	11	5	punct	punct	False	True	False	True	False	False	1	7	-6
Rodrigues1890:2-9:4:104	1	Yasú	sú	AUX	2	2	aux	aux	True	True	True	False	False	False	1	1	0
Rodrigues1890:2-9:4:104	2	yayusaã	yusaã	VERB	0	0	root	root	True	True	True	False	False	False	2	2	0
Rodrigues1890:2-9:4:104	3	?	?	PUNCT	2	2	punct	punct	True	True	True	False	False	False	1	1	0
Rodrigues1890:2-9:5:105	1	—	—	PUNCT	2	2	punct	punct	True	True	True	False	False	False	1	1	0
Rodrigues1890:2-9:5:105	2	Yasú	sú	VERB	0	0	root	root	True	True	True	False	False	False	2	2	0
Rodrigues1890:2-9:5:105	3	.	.	PUNCT	2	2	punct	punct	True	True	True	False	False	False	1	1	0
Rodrigues1890:3-1:5:5	1	Nhaã	nhaã	PRON	6	6	obl	obl	True	True	True	False	False	False	5	5	0
Rodrigues1890:3-1:5:5	2	aresé	resé	ADP	1	1	case	case	True	True	True	False	False	False	1	1	0
Rodrigues1890:3-1:5:5	3	intí	intí	PART	6	6	advmod	advmod	True	True	True	False	False	False	3	3	0
Rodrigues1890:3-1:5:5	4	maã	maã	PRON	3	3	fixed	fixed	True	True	True	False	False	False	1	1	0
Rodrigues1890:3-1:5:5	5	aintá	aintá	PRON	6	6	nsubj	nsubj	True	True	True	False	False	False	1	1	0
Rodrigues1890:3-1:5:5	6	umenari	menari	VERB	0	0	root	root	True	True	True	False	False	False	6	6	0
Rodrigues1890:3-1:5:5	7	kwáu	kwáu	AUX	6	6	aux	aux	True	True	True	False	False	False	1	1	0
Rodrigues1890:3-1:5:5	8	,	,	PUNCT	14	14	punct	punct	True	True	True	False	False	False	6	6	0
Rodrigues1890:3-1:5:5	9	maã	maã	PRON	14	14	obl	obl	True	True	True	False	False	False	5	5	0
Rodrigues1890:3-1:5:5	10	aresé	resé	ADP	9	9	case	case	True	True	True	False	False	False	1	1	0
Rodrigues1890:3-1:5:5	11	u	u	CCONJ	14	14	cc	cc	True	True	True	False	False	False	3	3	0
Rodrigues1890:3-1:5:5	12	maã	maã	PART	14	14	advmod	advmod	True	True	True	False	False	False	2	2	0
Rodrigues1890:3-1:5:5	13	yasí	yasí	NOUN	14	14	nsubj	nsubj	True	True	True	False	False	False	1	1	0
Rodrigues1890:3-1:5:5	14	umuwéu	muwéu	VERB	6	6	conj	parataxis	True	False	False	False	True	False	8	8	0
Rodrigues1890:3-1:5:5	15	tatá	tatá	NOUN	14	14	obj	obj	True	True	True	False	False	False	1	1	0
Rodrigues1890:3-1:5:5	16	u	u	CCONJ	18	18	cc	cc	True	True	True	False	False	False	2	2	0
Rodrigues1890:3-1:5:5	17	maã	maã	PART	14	18	advmod	advmod	False	True	False	True	False	False	3	1	4
Rodrigues1890:3-1:5:5	18	ukupiri	kupiri	VERB	14	14	conj	parataxis	True	False	False	False	True	False	4	4	0
Rodrigues1890:3-1:5:5	19	upaĩ	upaĩ	DET	20	20	det	det	True	True	True	False	False	False	1	1	0
Rodrigues1890:3-1:5:5	20	ií	ií	NOUN	18	18	obj	obj	True	True	True	False	False	False	2	2	0
Rodrigues1890:3-1:5:5	21	.	.	PUNCT	6	6	punct	punct	True	True	True	False	False	False	15	15	0
Rodrigues1890:4-5-11:1:1	1	—	—	PUNCT	7	7	punct	punct	True	True	True	False	False	False	6	6	0
Rodrigues1890:4-5-11:1:1	2	Akutí	akutí	NOUN	7	7	vocative	nsubj	True	False	False	False	True	False	5	5	0
Rodrigues1890:4-5-11:1:1	3	,	,	PUNCT	4	4	punct	punct	True	True	True	False	False	False	1	1	0
Rodrigues1890:4-5-11:1:1	4	akutí	akutí	NOUN	2	2	appos	conj	True	False	False	False	True	False	2	2	0
Rodrigues1890:4-5-11:1:1	5	mirĩ	mirĩ	ADJ	4	4	amod	amod	True	True	True	False	False	False	1	1	0
Rodrigues1890:4-5-11:1:1	6	,	,	PUNCT	4	4	punct	punct	True	True	True	False	False	False	2	2	0
Rodrigues1890:4-5-11:1:1	7	supiri	supiri	VERB	0	0	root	root	True	True	True	False	False	False	7	7	0
Rodrigues1890:4-5-11:1:1	8	se	se	PRON	9	9	nmod:poss	nmod:poss	True	True	True	False	False	False	1	1	0
Rodrigues1890:4-5-11:1:1	9	maniáka	maniáka	NOUN	7	7	obj	obj	True	True	True	False	False	False	2	2	0
Rodrigues1890:4-5-11:1:1	10	,	,	PUNCT	11	11	punct	punct	True	True	True	False	False	False	1	1	0
Rodrigues1890:4-5-11:1:1	11	akutí	akutí	NOUN	7	7	dislocated	parataxis	True	False	False	False	True	False	4	4	0
Rodrigues1890:4-5-11:1:1	12	mirĩ	mirĩ	ADJ	11	11	amod	amod	True	True	True	False	False	False	1	1	0
Rodrigues1890:4-5-11:3:3	1	—	—	PUNCT	2	2	punct	punct	True	True	True	False	False	False	1	1	0
Rodrigues1890:4-5-11:3:3	2	Resikari	sikari	VERB	0	0	root	root	True	True	True	False	False	False	2	2	0
Rodrigues1890:4-5-11:3:3	3	tukumã	tukumã	NOUN	2	2	obj	obj	True	True	True	False	False	False	1	1	0
Rodrigues1890:4-5-11:3:3	4	akutí	akutí	NOUN	2	6	vocative	nsubj	False	False	False	False	False	True	2	2	4
Rodrigues1890:4-5-11:3:3	5	mirĩ	mirĩ	ADJ	4	4	amod	amod	True	True	True	False	False	False	1	1	0
Rodrigues1890:4-5-11:3:3	6	rexari	xari	VERB	2	2	parataxis	parataxis	True	True	True	False	False	False	4	4	0
Rodrigues1890:4-5-11:3:3	7	ixé	ixé	PRON	6	6	obj	obj	True	True	True	False	False	False	1	1	0
Rodrigues1890:4-5-11:3:3	8	wana	wana	PART	6	6	advmod	advmod	True	True	True	False	False	False	2	2	0
Rodrigues1890:4-5-11:3:3	9	akutí	akutí	NOUN	6	6	vocative	obj	True	False	False	False	True	False	3	3	0
Rodrigues1890:4-5-11:3:3	10	mirĩ	mirĩ	ADJ	9	9	amod	amod	True	True	True	False	False	False	1	1	0
Rodrigues1890:4-5-11:3:3	11	.	.	PUNCT	2	2	punct	punct	True	True	True	False	False	False	9	9	0
Stradelli1929:0:0:102	1	Se	se	PRON	2	2	nmod:poss	nmod:poss	True	True	True	False	False	False	1	1	0
Stradelli1929:0:0:102	2	yawara	yawara	NOUN	3	3	nsubj	nsubj	True	True	True	False	False	False	1	1	0
Stradelli1929:0:0:102	3	turusú	turusú	ADJ	0	0	root	root	True	True	True	False	False	False	3	3	0
Stradelli1929:0:0:102	4	piri	piri	ADV	3	3	advmod	advmod	True	True	True	False	False	False	1	1	0
Stradelli1929:0:0:102	5	.	.	PUNCT	3	3	punct	punct	True	True	True	False	False	False	2	2	0
Stradelli1929:0:0:150	1	Kwá	kwá	DET	2	2	det	det	True	True	True	False	False	False	1	1	0
Stradelli1929:0:0:150	2	kunhã	kunhã	NOUN	3	3	nsubj	nsubj	True	True	True	False	False	False	1	1	0
Stradelli1929:0:0:150	3	puranga	puranga	ADJ	0	0	root	root	True	True	True	False	False	False	3	3	0
Stradelli1929:0:0:150	4	.	.	PUNCT	3	3	punct	punct	True	True	True	False	False	False	1	1	0
Magalhaes1876:1-1-6:1:111	1	Rerikú	rikú	VERB	0	0	root	root	True	True	True	False	False	False	1	1	0
Magalhaes1876:1-1-6:1:111	2	será	será	PART	1	1	advmod	advmod	True	True	True	False	False	False	1	1	0
Magalhaes1876:1-1-6:1:111	3	se	se	PRON	4	4	nmod:poss	nmod:poss	True	True	True	False	False	False	1	1	0
Magalhaes1876:1-1-6:1:111	4	mukawa	mukawa	NOUN	1	1	obj	obj	True	True	True	False	False	False	3	3	0
Magalhaes1876:1-1-6:1:111	5	aíwa	aíwa	ADJ	4	4	amod	amod	True	True	True	False	False	False	1	1	0
Magalhaes1876:1-1-6:1:111	6	?	?	PUNCT	1	1	punct	punct	True	True	True	False	False	False	5	5	0
Magalhaes1876:1-14:2:502	1	Remaã	maã	VERB	0	0	root	root	True	True	True	False	False	False	1	1	0
Magalhaes1876:1-14:2:502	2	kurí	kurí	PART	1	1	advmod	advmod	True	True	True	False	False	False	1	1	0
Magalhaes1876:1-14:2:502	3	ixé	ixé	PRON	1	1	obj	obj	True	True	True	False	False	False	2	2	0
Magalhaes1876:1-14:2:502	4	wirandé	wirandé	ADV	1	1	advmod	advmod	True	True	True	False	False	False	3	3	0
Magalhaes1876:1-14:2:502	5	.	.	PUNCT	1	1	punct	punct	True	True	True	False	False	False	4	4	0
Magalhaes1876:1-14:0:601	1	Xaruri	ruri	VERB	0	0	root	root	True	True	True	False	False	False	1	1	0
Magalhaes1876:1-14:0:601	2	kurí	kurí	PART	1	1	advmod	advmod	True	True	True	False	False	False	1	1	0
Magalhaes1876:1-14:0:601	3	yepé	yepé	DET	4	4	det	det	True	True	True	False	False	False	1	1	0
Magalhaes1876:1-14:0:601	4	iwá	iwá	NOUN	1	1	obj	obj	True	True	True	False	False	False	3	3	0
Magalhaes1876:1-14:0:601	5	Pedro	pedro	PROPN	1	1	obl	obl	True	True	True	False	False	False	4	4	0
Magalhaes1876:1-14:0:601	6	arama	arama	ADP	5	5	case	case	True	True	True	False	False	False	1	1	0
Magalhaes1876:1-14:0:601	7	.	.	PUNCT	1	1	punct	punct	True	True	True	False	False	False	6	6	0
Magalhaes1876:2-2:0:100	1	Rekũi	sú	VERB	0	0	root	root	True	True	True	False	False	False	1	1	0
Magalhaes1876:2-2:0:100	2	apigawa	apigawa	NOUN	1	1	obj	obj	True	True	True	False	False	False	1	1	0
Magalhaes1876:2-2:0:100	3	uka	uka	NOUN	1	1	obl	obl	True	True	True	False	False	False	2	2	0
Magalhaes1876:2-2:0:100	4	upé	upé	ADP	3	3	case	case	True	True	True	False	False	False	1	1	0
Magalhaes1876:2-2:0:100	5	.	.	PUNCT	1	1	punct	punct	True	True	True	False	False	False	4	4	0
Magalhaes1876:1:9:9	1	Ximirikú	simirikú	NOUN	2	2	nsubj	nsubj	True	True	True	False	False	False	1	1	0
Magalhaes1876:1:9:9	2	usuaxara	suaxara	VERB	0	0	root	root	True	True	True	False	False	False	2	2	0
Magalhaes1876:1:9:9	3	:	:	PUNCT	2	7	punct	punct	False	True	False	True	False	False	1	4	5
Magalhaes1876:1:9:9	4	—	—	PUNCT	5	7	punct	punct	False	True	False	True	False	False	1	3	2
Magalhaes1876:1:9:9	5	Intí	intí	PART	2	7	ccomp	advmod	False	False	False	False	False	True	3	2	5
Magalhaes1876:1:9:9	6	raĩ	raĩ	PART	5	7	advmod	advmod	False	True	False	True	False	False	1	1	2
Magalhaes1876:1:9:9	7	pituna	pituna	NOUN	5	2	nsubj	ccomp	False	False	False	False	False	True	2	5	-3
Magalhaes1876:1:9:9	8	.	.	PUNCT	2	2	punct	punct	True	True	True	False	False	False	6	6	0
Magalhaes1876:1:15:15	1	Pepirari	pirari	VERB	3	3	advcl	advcl	True	True	True	False	False	False	2	2	0
Magalhaes1876:1:15:15	2	ramé	ramé	SCONJ	1	1	mark	mark	True	True	True	False	False	False	1	1	0
Magalhaes1876:1:15:15	3	pekanhemu	kanhemu	VERB	0	0	root	root	True	True	True	False	False	False	3	3	0
Magalhaes1876:1:15:15	4	kurí	kurí	PART	3	3	advmod	advmod	True	True	True	False	False	False	1	1	0
Magalhaes1876:1:15:15	5	.	.	PUNCT	3	3	punct	punct	True	True	True	False	False	False	2	2	0
Magalhaes1876:1:21:21	1	Peyapukúi	yapukúi	VERB	0	0	root	root	True	True	True	False	False	False	1	1	0
Magalhaes1876:1:21:21	2	,	,	PUNCT	3	3	punct	punct	True	True	True	False	False	False	1	1	0
Magalhaes1876:1:21:21	3	yasú	sú	VERB	1	1	parataxis	parataxis	True	True	True	False	False	False	2	2	0
Magalhaes1876:1:21:21	4	ana	ana	PART	3	3	advmod	advmod	True	True	True	False	False	False	1	1	0
Magalhaes1876:1:21:21	5	!	!	PUNCT	1	1	punct	punct	True	True	True	False	False	False	4	4	0
Magalhaes1876:1:35:35	1	Buyawasú	buya	NOUN	2	2	nmod:poss	nmod:poss	True	True	True	False	False	False	1	1	0
Magalhaes1876:1:35:35	2	membira	membira	NOUN	3	3	nsubj	nsubj	True	True	True	False	False	False	1	1	0
Magalhaes1876:1:35:35	3	umaã	maã	VERB	7	7	advcl	advcl	True	True	True	False	False	False	4	4	0
Magalhaes1876:1:35:35	4	ramé	ramé	SCONJ	3	3	mark	mark	True	True	True	False	False	False	1	1	0
Magalhaes1876:1:35:35	5	yasitatawasú	yasitatawasú	NOUN	3	3	obj	obj	True	True	True	False	False	False	2	2	0
Magalhaes1876:1:35:35	6	,	,	PUNCT	3	7	punct	punct	False	True	False	True	False	False	3	1	4
Magalhaes1876:1:35:35	7	unheẽ	nheẽ	VERB	0	0	root	root	True	True	True	False	False	False	7	7	0
Magalhaes1876:1:35:35	8	i	i	PRON	9	9	nmod:poss	nmod:poss	True	True	True	False	False	False	1	1	0
Magalhaes1876:1:35:35	9	mena	mena	NOUN	7	7	iobj	iobj	True	True	True	False	False	False	2	2	0
Magalhaes1876:1:35:35	10	supé	supé	ADP	9	9	case	case	True	True	True	False	False	False	1	1	0
Magalhaes1876:1:35:35	11	:	:	PUNCT	14	14	punct	punct	True	True	True	False	False	False	3	3	0
Magalhaes1876:1:35:35	12	—	—	PUNCT	14	14	punct	punct	True	True	True	False	False	False	2	2	0
Magalhaes1876:1:35:35	13	Kuẽma	kuẽma	NOUN	14	14	nsubj	nsubj	True	True	True	False	False	False	1	1	0
Magalhaes1876:1:35:35	14	uri	yuri	VERB	7	7	ccomp	ccomp	True	True	True	False	False	False	7	7	0
Magalhaes1876:1:35:35	15	uikú	ikú	AUX	14	14	aux	aux	True	True	True	False	False	False	1	1	0
Magalhaes1876:1:35:35	16	;	;	PUNCT	18	18	punct	punct	True	True	True	False	False	False	2	2	0
Magalhaes1876:1:35:35	17	asú	sú	AUX	18	18	aux	aux	True	True	True	False	False	False	1	1	0
Magalhaes1876:1:35:35	18	ambuí	mbuí	VERB	14	14	parataxis	parataxis	True	True	True	False	False	False	4	4	0
Magalhaes1876:1:35:35	19	ara	ara	NOUN	18	20	obj	nmod:poss	False	False	False	False	False	True	1	1	2
Magalhaes1876:1:35:35	20	pituna	pituna	NOUN	18	18	obl	obl	True	True	True	False	False	False	2	2	0
Magalhaes1876:1:35:35	21	suí	suí	ADP	20	20	case	case	True	True	True	False	False	False	1	1	0
Magalhaes1876:1:35:35	22	.	.	PUNCT	7	7	punct	punct	True	True	True	False	False	False	15	15	0
Magalhaes1876:1:40:40	1	Asuí	asuí	ADV	3	3	advmod	advmod	True	True	True	False	False	False	2	2	0
Magalhaes1876:1:40:40	2	wirá-itá	wirá	NOUN	3	3	nsubj	nsubj	True	True	True	False	False	False	1	1	0
Magalhaes1876:1:40:40	3	unheengari	nheengari	VERB	0	0	root	root	True	True	True	False	False	False	3	3	0
Magalhaes1876:1:40:40	4	ara	ara	NOUN	3	3	obl	obl	True	True	True	False	False	False	1	1	0
Magalhaes1876:1:40:40	5	katú	katú	ADJ	4	4	amod	amod	True	True	True	False	False	False	1	1	0
Magalhaes1876:1:40:40	6	upé	upé	ADP	4	4	case	case	True	True	True	False	False	False	2	2	0
Magalhaes1876:1:40:40	7	,	,	PUNCT	9	9	punct	punct	True	True	True	False	False	False	2	2	0
Magalhaes1876:1:40:40	8	kuẽma	kuẽma	NOUN	9	9	nsubj	nsubj	True	True	True	False	False	False	1	1	0
Magalhaes1876:1:40:40	9	uri	yuri	VERB	3	3	advcl	advcl	True	True	True	False	False	False	6	6	0
Magalhaes1876:1:40:40	10	ramé	ramé	SCONJ	9	9	mark	mark	True	True	True	False	False	False	1	1	0
Magalhaes1876:1:40:40	11	,	,	PUNCT	12	12	punct	punct	True	True	True	False	False	False	1	1	0
Magalhaes1876:1:40:40	12	umururí	mururí	VERB	9	9	advcl	advcl	True	True	True	False	False	False	3	3	0
Magalhaes1876:1:40:40	13	arama	arama	SCONJ	12	12	mark	mark	True	True	True	False	False	False	1	1	0
Magalhaes1876:1:40:40	14	ara	ara	NOUN	12	12	obj	obj	True	True	True	False	False	False	2	2	0
Magalhaes1876:1:40:40	15	.	.	PUNCT	3	3	punct	punct	True	True	True	False	False	False	12	12	0
Magalhaes1876:2:5:48	1	—	—	PUNCT	2	2	punct	punct	True	True	True	False	False	False	1	1	0
Magalhaes1876:2:5:48	2	Retirika	tirika	VERB	0	0	root	root	True	True	True	False	False	False	2	2	0
Magalhaes1876:2:5:48	3	,	,	PUNCT	4	4	punct	punct	True	True	True	False	False	False	1	1	0
Magalhaes1876:2:5:48	4	yautí	yautí	NOUN	2	2	vocative	vocative	True	True	True	False	False	False	2	2	0
Magalhaes1876:2:5:48	5	,	,	PUNCT	4	7	punct	punct	False	True	False	True	False	False	1	2	3
Magalhaes1876:2:5:48	6	kurumú	kurumú	ADV	7	7	advmod	advmod	True	True	True	False	False	False	1	1	0
Magalhaes1876:2:5:48	7	xapirú	pirú	VERB	2	2	parataxis	parataxis	True	True	True	False	False	False	5	5	0
Magalhaes1876:2:5:48	8	indé	indé	PRON	7	7	obj	obj	True	True	True	False	False	False	1	1	0
Magalhaes1876:2:5:48	9	.	.	PUNCT	2	2	punct	punct	True	True	True	False	False	False	7	7	0
Magalhaes1876:2:16:59	1	Yautí	yautí	NOUN	2	2	nsubj	nsubj	True	True	True	False	False	False	1	1	0
Magalhaes1876:2:16:59	2	upuranú	puranú	VERB	0	0	root	root	True	True	True	False	False	False	2	2	0
Magalhaes1876:2:16:59	3	:	:	PUNCT	5	9	punct	punct	False	True	False	True	False	False	2	6	4
Magalhaes1876:2:16:59	4	—	—	PUNCT	5	9	punct	punct	False	True	False	True	False	False	1	5	4
Magalhaes1876:2:16:59	5	Apekatú	apekatú	ADV	2	9	ccomp	advmod	False	False	False	False	False	True	3	4	7
Magalhaes1876:2:16:59	6	raĩ	raĩ	PART	5	9	advmod	advmod	False	True	False	True	False	False	1	3	4
Magalhaes1876:2:16:59	7	será	será	PART	5	9	advmod	advmod	False	True	False	True	False	False	2	2	4
Magalhaes1876:2:16:59	8	ne	ne	PRON	9	9	nmod:poss	nmod:poss	True	True	True	False	False	False	1	1	0
Magalhaes1876:2:16:59	9	yara	yara	NOUN	5	2	nsubj	ccomp	False	False	False	False	False	True	4	7	-3
Magalhaes1876:2:16:59	10	uikú	ikú	AUX	5	9	cop	cop	False	True	False	True	False	False	5	1	4
Magalhaes1876:2:16:59	11	?	?	PUNCT	2	2	punct	punct	True	True	True	False	False	False	9	9	0
Magalhaes1876:2:32:75	1	Yautí	yautí	NOUN	2	2	nsubj	nsubj	True	True	True	False	False	False	1	1	0
Magalhaes1876:2:32:75	2	unheẽ	nheẽ	VERB	0	0	root	root	True	True	True	False	False	False	2	2	0
Magalhaes1876:2:32:75	3	:	:	PUNCT	8	5	punct	punct	False	True	False	True	False	False	5	2	-3
Magalhaes1876:2:32:75	4	—	—	PUNCT	8	5	punct	punct	False	True	False	True	False	False	4	1	-3
Magalhaes1876:2:32:75	5	Intí	intí	PART	8	2	advmod	ccomp	False	False	False	False	False	True	3	3	-6
Magalhaes1876:2:32:75	6	maã	maã	DET	5	5	fixed	fixed	True	True	True	False	False	False	1	1	0
Magalhaes1876:2:32:75	7	xaikú	ikú	AUX	8	5	cop	cop	False	True	False	True	False	False	1	2	-3
Magalhaes1876:2:32:75	8	arawira	arawira	NOUN	2	5	ccomp	obl	False	False	False	False	False	True	6	3	3
Magalhaes1876:2:32:75	9	upé	upé	ADP	8	8	case	case	True	True	True	False	False	False	1	1	0
Magalhaes1876:2:32:75	10	itá	itá	NOUN	8	5	advcl	obl	False	False	False	False	False	True	2	5	-3
Magalhaes1876:2:32:75	11	arama	arama	ADP	10	10	case	case	True	True	True	False	False	False	1	1	0
Magalhaes1876:2:32:75	12	;	;	PUNCT	15	15	punct	punct	True	True	True	False	False	False	3	3	0
Magalhaes1876:2:32:75	13	kuíri	kuíri	ADV	15	15	advmod	advmod	True	True	True	False	False	False	2	2	0
Magalhaes1876:2:32:75	14	xasú	sú	AUX	15	15	aux	aux	True	True	True	False	False	False	1	1	0
Magalhaes1876:2:32:75	15	xamaẽ	maẽ	VERB	8	5	parataxis	parataxis	False	True	False	True	False	False	7	10	-3
Magalhaes1876:2:32:75	16	kirimawa	kirimawa	ADJ	18	15	acl:relcl	obj	False	False	False	False	False	True	2	1	-3
Magalhaes1876:2:32:75	17	piri	piri	ADV	16	16	advmod	advmod	True	True	True	False	False	False	1	1	0
Magalhaes1876:2:32:75	18	waá	waá	PRON	15	16	obj	nsubj	False	False	False	False	False	True	3	2	1
Magalhaes1876:2:32:75	19	se	se	PRON	16	15	obl	obl	False	True	False	True	False	False	3	4	-1
Magalhaes1876:2:32:75	20	suí	suí	ADP	19	19	case	case	True	True	True	False	False	False	1	1	0
Magalhaes1876:2:32:75	21	;	;	PUNCT	26	22	punct	punct	False	True	False	True	False	False	5	1	-4
Magalhaes1876:2:32:75	22	eré	eré	PART	26	26	advmod	advmod	True	True	True	False	False	False	4	4	0
Magalhaes1876:2:32:75	23	,	,	PUNCT	24	24	punct	punct	True	True	True	False	False	False	1	1	0
Magalhaes1876:2:32:75	24	paraná	paraná	NOUN	26	26	vocative	vocative	True	True	True	False	False	False	2	2	0
Magalhaes1876:2:32:75	25	,	,	PUNCT	24	24	punct	punct	True	True	True	False	False	False	1	1	0
Magalhaes1876:2:32:75	26	xasú	sú	VERB	15	15	parataxis	parataxis	True	True	True	False	False	False	11	11	0
Magalhaes1876:2:32:75	27	raĩ	raĩ	PART	26	26	advmod	advmod	True	True	True	False	False	False	1	1	0
Magalhaes1876:2:32:75	28	.	.	PUNCT	2	2	punct	punct	True	True	True	False	False	False	26	26	0
Magalhaes1876:3:3:92	1	Yawareté	yawareté	NOUN	2	2	nsubj	nsubj	True	True	True	False	False	False	1	1	0
Magalhaes1876:3:3:92	2	usenú	senú	VERB	0	0	root	root	True	True	True	False	False	False	2	2	0
Magalhaes1876:3:3:92	3	,	,	PUNCT	4	4	punct	punct	True	True	True	False	False	False	1	1	0
Magalhaes1876:3:3:92	4	usú	sú	VERB	2	2	parataxis	parataxis	True	True	True	False	False	False	2	2	0
Magalhaes1876:3:3:92	5	akití	akití	ADV	4	4	advmod	advmod	True	True	True	False	False	False	1	1	0
Magalhaes1876:3:3:92	6	,	,	PUNCT	7	7	punct	punct	True	True	True	False	False	False	1	1	0
Magalhaes1876:3:3:92	7	upuranú	puranú	VERB	4	4	parataxis	parataxis	True	True	True	False	False	False	3	3	0
Magalhaes1876:3:3:92	8	:	:	PUNCT	12	12	punct	punct	True	True	True	False	False	False	4	4	0
Magalhaes1876:3:3:92	9	—	—	PUNCT	12	12	punct	punct	True	True	True	False	False	False	3	3	0
Magalhaes1876:3:3:92	10	Maã	maã	PRON	12	12	obj	obj	True	True	True	False	False	False	2	2	0
Magalhaes1876:3:3:92	11	ta	taá	PART	12	12	advmod	advmod	True	True	True	False	False	False	1	1	0
Magalhaes1876:3:3:92	12	resasema	sasema	VERB	7	7	ccomp	ccomp	True	True	True	False	False	False	5	5	0
Magalhaes1876:3:3:92	13	reikú	ikú	AUX	12	12	aux	aux	True	True	True	False	False	False	1	1	0
Magalhaes1876:3:3:92	14	,	,	PUNCT	15	15	punct	punct	True	True	True	False	False	False	1	1	0
Magalhaes1876:3:3:92	15	Yautí	yautí	NOUN	12	12	vocative	obj	True	False	False	False	True	False	3	3	0
Magalhaes1876:3:3:92	16	?	?	PUNCT	12	2	punct	punct	False	True	False	True	False	False	4	14	-10
Magalhaes1876:5:5:5	1	Yautí	yautí	NOUN	2	2	nsubj	nsubj	True	True	True	False	False	False	1	1	0
Magalhaes1876:5:5:5	2	unheẽ	nheẽ	VERB	0	0	root	root	True	True	True	False	False	False	2	2	0
Magalhaes1876:5:5:5	3	:	:	PUNCT	6	6	punct	punct	True	True	True	False	False	False	3	3	0
Magalhaes1876:5:5:5	4	—	—	PUNCT	6	6	punct	punct	True	True	True	False	False	False	2	2	0
Magalhaes1876:5:5:5	5	Aramé	aramé	ADV	6	6	advmod	advmod	True	True	True	False	False	False	1	1	0
Magalhaes1876:5:5:5	6	yuri	yuri	VERB	2	2	ccomp	ccomp	True	True	True	False	False	False	4	4	0
Magalhaes1876:5:5:5	7	se	se	PRON	6	6	obl	obl	True	True	True	False	False	False	1	1	0
Magalhaes1876:5:5:5	8	piamu	piamu	ADP	7	7	case	case	True	True	True	False	False	False	1	1	0
Magalhaes1876:5:5:5	9	.	.	PUNCT	2	2	punct	punct	True	True	True	False	False	False	7	7	0
Magalhaes1876:8:6:706	1	Epurú	purú	VERB	0	0	root	root	True	True	True	False	False	False	1	1	0
Magalhaes1876:8:6:706	2	xinga	xinga	ADV	1	1	advmod	advmod	True	True	True	False	False	False	1	1	0
Magalhaes1876:8:6:706	3	ixé	ixé	PRON	1	1	iobj	iobj	True	True	True	False	False	False	2	2	0
Magalhaes1876:8:6:706	4	arama	arama	ADP	3	3	case	case	True	True	True	False	False	False	1	1	0
Magalhaes1876:8:6:706	5	.	.	PUNCT	1	1	punct	punct	True	True	True	False	False	False	4	4	0
Magalhaes1876:10:37:272	1	Apigawa	apigawa	NOUN	3	3	nsubj	nsubj	True	True	True	False	False	False	2	2	0
Magalhaes1876:10:37:272	2	usú	sú	AUX	3	3	aux	aux	True	True	True	False	False	False	1	1	0
Magalhaes1876:10:37:272	3	usikari	sikari	VERB	0	0	root	root	True	True	True	False	False	False	3	3	0
Magalhaes1876:10:37:272	4	yaitiwa	yaitiwa	NOUN	5	3	nmod:poss	obj	False	False	False	False	False	True	1	1	-2
Magalhaes1876:10:37:272	5	wira	wira	NOUN	3	3	obl	obl	True	True	True	False	False	False	2	2	0
Magalhaes1876:10:37:272	6	upé	upé	ADP	5	5	case	case	True	True	True	False	False	False	1	1	0
Magalhaes1876:10:37:272	7	rupí	rupí	ADP	5	3	case	case	False	True	False	True	False	False	2	4	-2
Magalhaes1876:10:37:272	8	.	.	PUNCT	3	3	punct	punct	True	True	True	False	False	False	5	5	0
Amorim1928:19:8:8	1	Yeperesé	yeperesé	ADV	6	6	advmod	advmod	True	True	True	False	False	False	5	5	0
Amorim1928:19:8:8	2	,	,	PUNCT	3	3	punct	punct	True	True	True	False	False	False	1	1	0
Amorim1928:19:8:8	3	paá	paá	PART	6	6	advmod	advmod	True	True	True	False	False	False	3	3	0
Amorim1928:19:8:8	4	,	,	PUNCT	3	3	punct	punct	True	True	True	False	False	False	1	1	0
Amorim1928:19:8:8	5	sumuára-etá	sumuára	NOUN	6	6	nsubj	nsubj	True	True	True	False	False	False	1	1	0
Amorim1928:19:8:8	6	upurandú	purandú	VERB	0	0	root	root	True	True	True	False	False	False	6	6	0
Amorim1928:19:8:8	7	aé	aé	PRON	6	6	obl	obl	True	True	True	False	False	False	1	1	0
Amorim1928:19:8:8	8	suí	suí	ADP	7	7	case	case	True	True	True	False	False	False	1	1	0
Amorim1928:19:8:8	9	maã	maã	PRON	11	11	nsubj	nsubj	True	True	True	False	False	False	2	2	0
Amorim1928:19:8:8	10	i	i	PRON	11	11	expl	expl	True	True	True	False	False	False	1	1	0
Amorim1928:19:8:8	11	katú	katú	VERB	6	6	ccomp	ccomp	True	True	True	False	False	False	5	5	0
Amorim1928:19:8:8	12	aintá	aintá	PRON	13	13	nsubj	nsubj	True	True	True	False	False	False	1	1	0
Amorim1928:19:8:8	13	umunhã	munhã	VERB	11	11	parataxis	parataxis	True	True	True	False	False	False	2	2	0
Amorim1928:19:8:8	14	nhaã	nhaã	DET	15	15	det	det	True	True	True	False	False	False	1	1	0
Amorim1928:19:8:8	15	mira	mira	NOUN	13	13	obl	obl	True	True	True	False	False	False	2	2	0
Amorim1928:19:8:8	16	renundé	renundé	ADP	15	15	case	case	True	True	True	False	False	False	1	1	0
Amorim1928:19:8:8	17	.	.	PUNCT	6	6	punct	punct	True	True	True	False	False	False	11	11	0
Amorim1928:21:38:38	1	Aé	aé	PRON	2	2	nsubj	nsubj	True	True	True	False	False	False	1	1	0
Amorim1928:21:38:38	2	umusakú	musakú	VERB	0	0	root	root	True	True	True	False	False	False	2	2	0
Amorim1928:21:38:38	3	yandé	yandé	PRON	4	4	nmod:poss	nmod:poss	True	True	True	False	False	False	1	1	0
Amorim1928:21:38:38	4	pira	pira	NOUN	2	8	obj	nsubj	False	False	False	False	False	True	2	4	6
Amorim1928:21:38:38	5	yandé	yandé	PRON	6	7	nmod:poss	nmod:poss	False	True	False	True	False	False	1	2	1
Amorim1928:21:38:38	6	manha	manha	NOUN	7	7	nmod:poss	nmod:poss	True	True	True	False	False	False	1	1	0
Amorim1928:21:38:38	7	pira	pira	NOUN	8	8	nsubj	nsubj	True	True	True	False	False	False	1	1	0
Amorim1928:21:38:38	8	umusakú	musakú	VERB	2	2	parataxis	ccomp	True	False	False	False	True	False	6	6	0
Amorim1928:21:38:38	9	yandé	yandé	PRON	10	10	nmod:poss	nmod:poss	True	True	True	False	False	False	1	1	0
Amorim1928:21:38:38	10	pira	pira	NOUN	8	8	obj	obj	True	True	True	False	False	False	2	2	0
Amorim1928:21:38:38	11	!	!	PUNCT	2	2	punct	punct	True	True	True	False	False	False	9	9	0
Amorim1928:6-1:145:145	1	Ixé	ixé	PRON	4	4	nsubj	nsubj	True	True	True	False	False	False	3	3	0
Amorim1928:6-1:145:145	2	tẽ	tẽ	PART	1	1	advmod	advmod	True	True	True	False	False	False	1	1	0
Amorim1928:6-1:145:145	3	asú	sú	AUX	4	4	aux	aux	True	True	True	False	False	False	1	1	0
Amorim1928:6-1:145:145	4	ayuuka	yuuka	VERB	0	0	root	root	True	True	True	False	False	False	4	4	0
Amorim1928:6-1:145:145	5	aé	aé	PRON	4	4	obj	obj	True	True	True	False	False	False	1	1	0
Amorim1928:6-1:145:145	6	,	,	PUNCT	9	9	punct	punct	True	True	True	False	False	False	3	3	0
Amorim1928:6-1:145:145	7	nhaã	nhaã	PRON	9	9	obl	obl	True	True	True	False	False	False	2	2	0
Amorim1928:6-1:145:145	8	renundé	renundé	ADP	7	7	case	case	True	True	True	False	False	False	1	1	0
Amorim1928:6-1:145:145	9	amumaã	mumaã	VERB	4	4	parataxis	parataxis	True	True	True	False	False	False	5	5	0
Amorim1928:6-1:145:145	10	ti	ti	PART	14	11	advmod	advmod	False	True	False	True	False	False	4	1	-3
Amorim1928:6-1:145:145	11	awá	awá	PRON	14	9	nsubj	obj	False	False	False	False	False	True	3	2	-5
Amorim1928:6-1:145:145	12	penhẽ	penhẽ	PRON	11	9	nmod	obl	False	False	False	False	False	True	1	3	-2
Amorim1928:6-1:145:145	13	suí	suí	ADP	12	12	case	case	True	True	True	False	False	False	1	1	0
Amorim1928:6-1:145:145	14	usaisú	saisú	VERB	9	9	ccomp	ccomp	True	True	True	False	False	False	5	5	0
Amorim1928:6-1:145:145	15	kurí	kurí	PART	14	14	advmod	advmod	True	True	True	False	False	False	1	1	0
Amorim1928:6-1:145:145	16	aé	aé	PRON	14	14	obj	obj	True	True	True	False	False	False	2	2	0
Amorim1928:6-1:145:145	17	,	,	PUNCT	19	19	punct	punct	True	True	True	False	False	False	2	2	0
Amorim1928:6-1:145:145	18	maãresé	maãresé	SCONJ	19	19	mark	mark	True	True	True	False	False	False	1	1	0
Amorim1928:6-1:145:145	19	pemukanhemu	mukanhemu	VERB	14	14	advcl	advcl	True	True	True	False	False	False	5	5	0
Amorim1928:6-1:145:145	20	kwáu	kwáu	AUX	19	19	aux	aux	True	True	True	False	False	False	1	1	0
Amorim1928:6-1:145:145	21	aé	aé	PRON	19	19	obj	obj	True	True	True	False	False	False	2	2	0
Amorim1928:6-1:145:145	22	.	.	PUNCT	4	4	punct	punct	True	True	True	False	False	False	18	18	0
Amorim1928:8-1:9:3009	1	Mairamé	mairamé	SCONJ	5	5	mark	mark	True	True	True	False	False	False	4	4	0
Amorim1928:8-1:9:3009	2	ara	ara	NOUN	5	5	nsubj	nsubj	True	True	True	False	False	False	3	3	0
Amorim1928:8-1:9:3009	3	uikú	ikú	AUX	5	5	cop	aux	True	False	False	False	True	False	2	2	0
Amorim1928:8-1:9:3009	4	ana	ana	PART	5	5	advmod	advmod	True	True	True	False	False	False	1	1	0
Amorim1928:8-1:9:3009	5	sasiára	sasiára	ADJ	7	7	advcl	advcl	True	True	True	False	False	False	2	2	0
Amorim1928:8-1:9:3009	6	aintá	aintá	PRON	7	7	nsubj	nsubj	True	True	True	False	False	False	1	1	0
Amorim1928:8-1:9:3009	7	umaã	maã	VERB	0	0	root	root	True	True	True	False	False	False	7	7	0
Amorim1928:8-1:9:3009	8	yepé	yepé	DET	9	9	det	det	True	True	True	False	False	False	1	1	0
Amorim1928:8-1:9:3009	9	iwawasú	iwa	NOUN	7	7	obl	obl	True	True	True	False	False	False	2	2	0
Amorim1928:8-1:9:3009	10	pe	upé	ADP	9	9	case	case	True	True	True	False	False	False	1	1	0
Amorim1928:8-1:9:3009	11	wirá	wirá	NOUN	7	13	obj	obj	False	True	False	True	False	False	4	2	6
Amorim1928:8-1:9:3009	12	siiya	siiya	DET	11	11	det	det	True	True	True	False	False	False	1	1	0
Amorim1928:8-1:9:3009	13	umbaú	mbaú	VERB	7	7	xcomp	parataxis	True	False	False	False	True	False	6	6	0
Amorim1928:8-1:9:3009	14	i	i	PRON	15	15	nmod:poss	nmod:poss	True	True	True	False	False	False	1	1	0
Amorim1928:8-1:9:3009	15	iwá	iwá	NOUN	13	13	obj	obj	True	True	True	False	False	False	2	2	0
Amorim1928:8-1:9:3009	16	,	,	PUNCT	18	18	punct	punct	True	True	True	False	False	False	2	2	0
Amorim1928:8-1:9:3009	17	yeperesé	yeperesé	ADV	18	18	advmod	advmod	True	True	True	False	False	False	1	1	0
Amorim1928:8-1:9:3009	18	umunhã	munhã	VERB	7	13	parataxis	parataxis	False	True	False	True	False	False	11	5	6
Amorim1928:8-1:9:3009	19	:	:	PUNCT	21	21	punct	punct	True	True	True	False	False	False	2	2	0
Amorim1928:8-1:9:3009	20	—	—	PUNCT	21	21	punct	punct	True	True	True	False	False	False	1	1	0
Amorim1928:8-1:9:3009	21	Hã	hã	INTJ	18	18	ccomp	ccomp	True	True	True	False	False	False	3	3	0
Amorim1928:8-1:9:3009	22	…	…	PUNCT	7	7	punct	punct	True	True	True	False	False	False	15	15	0
Amorim1928:8-1:30:3033	1	Mairamé	mairamé	SCONJ	5	3	mark	mark	False	True	False	True	False	False	4	2	-2
Amorim1928:8-1:30:3033	2	ara	ara	NOUN	5	3	nsubj	nsubj	False	True	False	True	False	False	3	1	-2
Amorim1928:8-1:30:3033	3	sasiára	sasiára	ADJ	5	5	xcomp	advcl	True	False	False	False	True	False	2	2	0
Amorim1928:8-1:30:3033	4	ana	ana	PART	5	3	advmod	advmod	False	True	False	True	False	False	1	1	-2
Amorim1928:8-1:30:3033	5	upitá	pitá	VERB	7	0	advcl	root	False	False	False	False	False	True	2	5	-7
Amorim1928:8-1:30:3033	6	suasú-itá	suasú	NOUN	7	7	nsubj	nsubj	True	True	True	False	False	False	1	1	0
Amorim1928:8-1:30:3033	7	usú	sú	VERB	0	5	root	parataxis	False	False	False	False	False	True	7	2	5
Amorim1928:8-1:30:3033	8	ana	ana	PART	7	7	advmod	advmod	True	True	True	False	False	False	1	1	0
Amorim1928:8-1:30:3033	9	,	,	PUNCT	12	12	punct	punct	True	True	True	False	False	False	3	3	0
Amorim1928:8-1:30:3033	10	aintá	aintá	PRON	12	12	nsubj	nsubj	True	True	True	False	False	False	2	2	0
Amorim1928:8-1:30:3033	11	yuíri	yuíri	ADV	10	12	advmod	advmod	False	True	False	True	False	False	1	1	2
Amorim1928:8-1:30:3033	12	uwiyé	wiyé	VERB	7	7	parataxis	parataxis	True	True	True	False	False	False	5	5	0
Amorim1928:8-1:30:3033	13	iwa	iwa	NOUN	12	12	obl	obl	True	True	True	False	False	False	1	1	0
Amorim1928:8-1:30:3033	14	suí	suí	ADP	13	13	case	case	True	True	True	False	False	False	1	1	0
Amorim1928:8-1:30:3033	15	,	,	PUNCT	16	16	punct	punct	True	True	True	False	False	False	1	1	0
Amorim1928:8-1:30:3033	16	uwiké	wiké	VERB	12	12	parataxis	parataxis	True	True	True	False	False	False	4	4	0
Amorim1928:8-1:30:3033	17	yeperesé	yeperesé	ADV	16	16	advmod	advmod	True	True	True	False	False	False	1	1	0
Amorim1928:8-1:30:3033	18	itakwara	itakwara	NOUN	16	16	obl	obl	True	True	True	False	False	False	2	2	0
Amorim1928:8-1:30:3033	19	pupé	pupé	ADP	18	18	case	case	True	True	True	False	False	False	1	1	0
Amorim1928:8-1:30:3033	20	.	.	PUNCT	7	5	punct	punct	False	True	False	True	False	False	13	15	-2
Amorim1928:9:6:6	1	Mairamé	mairamé	SCONJ	4	4	mark	mark	True	True	True	False	False	False	3	3	0
Amorim1928:9:6:6	2	Kwarasí	kwarasí	NOUN	4	4	nsubj	nsubj	True	True	True	False	False	False	2	2	0
Amorim1928:9:6:6	3	usú	sú	AUX	4	4	aux	aux	True	True	True	False	False	False	1	1	0
Amorim1928:9:6:6	4	ukanhemu	kanhemu	VERB	11	11	advcl	advcl	True	True	True	False	False	False	7	7	0
Amorim1928:9:6:6	5	amú	amú	DET	7	6	det	det	False	True	False	True	False	False	2	1	-1
Amorim1928:9:6:6	6	iwaka	iwaka	NOUN	7	4	nmod:poss	obj	False	False	False	False	False	True	1	2	-3
Amorim1928:9:6:6	7	suaxara	suaxara	NOUN	4	4	obl	obl	True	True	True	False	False	False	3	3	0
Amorim1928:9:6:6	8	kití	kití	ADP	7	7	case	case	True	True	True	False	False	False	1	1	0
Amorim1928:9:6:6	9	Tupana	tupana	NOUN	10	10	nmod:poss	nmod:poss	True	True	True	False	False	False	1	1	0
Amorim1928:9:6:6	10	pirera	pirera	NOUN	11	11	nsubj	nsubj	True	True	True	False	False	False	1	1	0
Amorim1928:9:6:6	11	uwari	wari	VERB	0	0	root	root	True	True	True	False	False	False	11	11	0
Amorim1928:9:6:6	12	i	i	PRON	13	13	nmod:poss	nmod:poss	True	True	True	False	False	False	1	1	0
Amorim1928:9:6:6	13	pira	pira	NOUN	11	11	obl	obl	True	True	True	False	False	False	2	2	0
Amorim1928:9:6:6	14	suí	suí	ADP	13	13	case	case	True	True	True	False	False	False	1	1	0
Amorim1928:9:6:6	15	,	,	PUNCT	16	16	punct	punct	True	True	True	False	False	False	1	1	0
Amorim1928:9:6:6	16	uyusikí	yusikí	VERB	11	11	parataxis	parataxis	True	True	True	False	False	False	5	5	0
Amorim1928:9:6:6	17	ií	ií	NOUN	18	18	nmod:poss	nmod:poss	True	True	True	False	False	False	1	1	0
Amorim1928:9:6:6	18	ara	ara	NOUN	16	16	obl	obl	True	True	True	False	False	False	2	2	0
Amorim1928:9:6:6	19	rupí	rupí	ADP	18	18	case	case	True	True	True	False	False	False	1	1	0
Amorim1928:9:6:6	20	upitá	pitá	VERB	16	16	advcl	advcl	True	True	True	False	False	False	4	4	0
Amorim1928:9:6:6	21	arama	arama	SCONJ	20	20	mark	mark	True	True	True	False	False	False	1	1	0
Amorim1928:9:6:6	22	ana	ana	PART	20	20	advmod	advmod	True	True	True	False	False	False	2	2	0
Amorim1928:9:6:6	23	iwiwasú	iwí	NOUN	20	20	xcomp	nsubj	True	False	False	False	True	False	3	3	0
Amorim1928:9:6:6	24	.	.	PUNCT	11	11	punct	punct	True	True	True	False	False	False	13	13	0
Amorim1928:2:1:1	1	Upanhẽ	upanhẽ	DET	2	2	det	det	True	True	True	False	False	False	1	1	0
Amorim1928:2:1:1	2	mira	mira	NOUN	3	3	nsubj	nsubj	True	True	True	False	False	False	1	1	0
Amorim1928:2:1:1	3	umanduári	manduári	VERB	0	0	root	root	True	True	True	False	False	False	3	3	0
Amorim1928:2:1:1	4	raẽ	raẽ	PART	3	3	advmod	advmod	True	True	True	False	False	False	1	1	0
Amorim1928:2:1:1	5	,	,	PUNCT	8	8	punct	punct	True	True	True	False	False	False	3	3	0
Amorim1928:2:1:1	6	mayawé	mayawé	ADV	8	8	advmod	advmod	True	True	True	False	False	False	2	2	0
Amorim1928:2:1:1	7	Taria-etá	taria	NOUN	8	8	nsubj	nsubj	True	True	True	False	False	False	1	1	0
Amorim1928:2:1:1	8	umaramunha	maramunha	VERB	3	3	ccomp	parataxis	True	False	False	False	True	False	5	5	0
Amorim1928:2:1:1	9	upanhẽ	upanhẽ	DET	10	10	det	det	True	True	True	False	False	False	1	1	0
Amorim1928:2:1:1	10	mira-etá	mira	NOUN	8	8	obj	obj	True	True	True	False	False	False	2	2	0
Amorim1928:2:1:1	11	kwá	kwá	DET	12	12	det	det	True	True	True	False	False	False	1	1	0
Amorim1928:2:1:1	12	paraná	paraná	NOUN	10	8	nmod	obl	False	False	False	False	False	True	2	4	-2
Amorim1928:2:1:1	13	wara	wara	ADP	12	12	case	case	True	True	True	False	False	False	1	1	0
Amorim1928:2:1:1	14	resé	resé	ADP	10	12	case	case	False	True	False	True	False	False	4	2	2
Amorim1928:2:1:1	15	.	.	PUNCT	3	3	punct	punct	True	True	True	False	False	False	12	12	0
Amorim1928:2:2-3:2	1	Buopé	buopé	PROPN	16	3	nsubj	nmod:poss	False	False	False	False	False	True	15	2	-13
Amorim1928:2:2-3:2	2	,	,	PUNCT	3	1	punct	punct	False	True	False	True	False	False	1	1	-2
Amorim1928:2:2-3:2	3	tuixawa	tuixawa	NOUN	1	7	appos	nsubj	False	False	False	False	False	True	2	4	6
Amorim1928:2:2-3:2	4	aramé	aramé	ADV	3	7	nmod	advmod	False	False	False	False	False	True	1	3	4
Amorim1928:2:2-3:2	5	wara	wara	ADP	4	4	case	case	True	True	True	False	False	False	1	1	0
Amorim1928:2:2-3:2	6	,	,	PUNCT	3	7	punct	punct	False	True	False	True	False	False	3	1	4
Amorim1928:2:2-3:2	7	urikú	rikú	VERB	3	0	acl:relcl	root	False	False	False	False	False	True	4	7	-3
Amorim1928:2:2-3:2	8	waá	waá	PRON	7	9	nsubj	nsubj	False	True	False	True	False	False	1	1	2
Amorim1928:2:2-3:2	9	mira	mira	NOUN	7	7	obj	obj	True	True	True	False	False	False	2	2	0
Amorim1928:2:2-3:2	10	,	,	PUNCT	11	11	punct	punct	True	True	True	False	False	False	1	1	0
Amorim1928:2:2-3:2	11	mira	mira	NOUN	9	7	conj	parataxis	False	False	False	False	False	True	2	4	-2
Amorim1928:2:2-3:2	12	i	i	PRON	13	13	nmod:poss	nmod:poss	True	True	True	False	False	False	1	1	0
Amorim1928:2:2-3:2	13	awa	awa	NOUN	7	11	obl	obl	False	True	False	True	False	False	6	2	4
Amorim1928:2:2-3:2	14	yawé	yawé	ADP	13	13	case	case	True	True	True	False	False	False	1	1	0
Amorim1928:2:2-3:2	15	,	,	PUNCT	7	16	punct	punct	False	True	False	True	False	False	8	1	9
Amorim1928:2:2-3:2	16	unheẽ	nheẽ	VERB	0	11	root	parataxis	False	False	False	False	False	True	16	5	11
Amorim1928:2:2-3:2	17	paá	paá	PART	16	16	advmod	advmod	True	True	True	False	False	False	1	1	0
Amorim1928:2:2-3:2	18	yepé	yepé	DET	19	19	det	det	True	True	True	False	False	False	1	1	0
Amorim1928:2:2-3:2	19	ara	ara	NOUN	16	16	obl	nsubj	True	False	False	False	True	False	3	3	0
Amorim1928:2:2-3:2	20	i	i	PRON	21	21	nmod:poss	nmod:poss	True	True	True	False	False	False	1	1	0
Amorim1928:2:2-3:2	21	apigawa-etá	apigawa	NOUN	16	16	iobj	iobj	True	True	True	False	False	False	5	5	0
Amorim1928:2:2-3:2	22	xupé	xupé	ADP	21	21	case	case	True	True	True	False	False	False	1	1	0
Amorim1928:2:2-3:2	23	:	:	PUNCT	43	27	punct	punct	False	True	False	True	False	False	20	4	-16
Amorim1928:2:2-3:2	24	—	—	PUNCT	43	27	punct	punct	False	True	False	True	False	False	19	3	-16
Amorim1928:2:2-3:2	25	Mayawé	mayawé	SCONJ	27	27	mark	mark	True	True	True	False	False	False	2	2	0
Amorim1928:2:2-3:2	26	intí	intí	PART	27	27	advmod	advmod	True	True	True	False	False	False	1	1	0
Amorim1928:2:2-3:2	27	yarikú	rikú	VERB	43	16	advcl	ccomp	False	False	False	False	False	True	16	11	-27
Amorim1928:2:2-3:2	28	siiya	siiya	DET	29	29	det	det	True	True	True	False	False	False	1	1	0
Amorim1928:2:2-3:2	29	kunhã-etá	kunhã	NOUN	27	30	obj	nmod:poss	False	False	False	False	False	True	2	1	3
Amorim1928:2:2-3:2	30	penhẽ	penhẽ	PRON	31	27	nmod:poss	obj	False	False	False	False	False	True	1	3	-4
Amorim1928:2:2-3:2	31	yawé-yawé	yawé	PRON	32	32	nsubj	nsubj	True	True	True	False	False	False	1	1	0
Amorim1928:2:2-3:2	32	urikú	rikú	VERB	27	27	advcl	advcl	True	True	True	False	False	False	5	5	0
Amorim1928:2:2-3:2	33	arama	arama	SCONJ	32	32	mark	mark	True	True	True	False	False	False	1	1	0
Amorim1928:2:2-3:2	34	i	i	PRON	35	35	nmod:poss	nmod:poss	True	True	True	False	False	False	1	1	0
Amorim1928:2:2-3:2	35	imirikú	imirikú	NOUN	32	32	obj	obj	True	True	True	False	False	False	3	3	0
Amorim1928:2:2-3:2	36	,	,	PUNCT	27	39	punct	punct	False	True	False	True	False	False	9	3	12
Amorim1928:2:2-3:2	37	upanhẽ	upanhẽ	DET	38	38	det	det	True	True	True	False	False	False	1	1	0
Amorim1928:2:2-3:2	38	penhẽ	penhẽ	PRON	39	39	nsubj	nsubj	True	True	True	False	False	False	1	1	0
Amorim1928:2:2-3:2	39	pepitá	pitá	VERB	43	27	advcl	parataxis	False	False	False	False	False	True	4	12	-16
Amorim1928:2:2-3:2	40	arama	arama	SCONJ	39	39	mark	mark	True	True	True	False	False	False	1	1	0
Amorim1928:2:2-3:2	41	piá	piá	NOUN	39	39	xcomp	obj	True	False	False	False	True	False	2	2	0
Amorim1928:2:2-3:2	42	seẽ	seẽ	ADJ	41	41	amod	amod	True	True	True	False	False	False	1	1	0
Amorim1928:2:2-3:2	43	pemendari	mendari	VERB	16	39	ccomp	obl	False	False	False	False	False	True	27	4	23
Amorim1928:2:2-3:2	44	kwáu	kwáu	AUX	43	43	aux	aux	True	True	True	False	False	False	1	1	0
Amorim1928:2:2-3:2	45	kunhã-etá	kunhã	NOUN	43	43	obl	obj	True	False	False	False	True	False	2	2	0
Amorim1928:2:2-3:2	46	amú	amú	DET	47	47	det	det	True	True	True	False	False	False	1	1	0
Amorim1928:2:2-3:2	47	tetama-etá	tetama	NOUN	45	43	nmod	obl	False	False	False	False	False	True	2	4	-2
Amorim1928:2:2-3:2	48	wara	wara	ADP	47	47	case	case	True	True	True	False	False	False	1	1	0
Amorim1928:2:2-3:2	49	irumu	irumu	ADP	45	43	case	case	False	True	False	True	False	False	4	6	-2
Amorim1928:2:2-3:2	50	.	.	PUNCT	16	7	punct	punct	False	True	False	True	False	False	34	43	-9
Amorim1928:2:84:8400	1	Mayawé	mayawé	SCONJ	5	5	mark	mark	True	True	True	False	False	False	4	4	0
Amorim1928:2:84:8400	2	intí	intí	PART	5	5	advmod	advmod	True	True	True	False	False	False	3	3	0
Amorim1928:2:84:8400	3	wana	wana	PART	5	5	advmod	advmod	True	True	True	False	False	False	2	2	0
Amorim1928:2:84:8400	4	Buopé	buopé	PROPN	5	5	nsubj	nsubj	True	True	True	False	False	False	1	1	0
Amorim1928:2:84:8400	5	urikú	rikú	VERB	11	8	advcl	advcl	False	True	False	True	False	False	6	3	-3
Amorim1928:2:84:8400	6	awá	awá	PRON	5	8	obl	obl	False	True	False	True	False	False	1	2	3
Amorim1928:2:84:8400	7	resé	resé	ADP	6	6	case	case	True	True	True	False	False	False	1	1	0
Amorim1928:2:84:8400	8	umaramunhã	maramunhã	VERB	6	0	acl:relcl	root	False	False	False	False	False	True	2	8	-6
Amorim1928:2:84:8400	9	,	,	PUNCT	5	11	punct	punct	False	True	False	True	False	False	4	2	6
Amorim1928:2:84:8400	10	aé	aé	PRON	11	11	nsubj	nsubj	True	True	True	False	False	False	1	1	0
Amorim1928:2:84:8400	11	usú	sú	VERB	0	8	root	parataxis	False	False	False	False	False	True	11	3	8
Amorim1928:2:84:8400	12	asuí	asuí	ADV	11	11	advmod	advmod	True	True	True	False	False	False	1	1	0
Amorim1928:2:84:8400	13	i	i	PRON	14	14	nmod:poss	nmod:poss	True	True	True	False	False	False	1	1	0
Amorim1928:2:84:8400	14	mira	mira	NOUN	11	11	obl	obl	True	True	True	False	False	False	3	3	0
Amorim1928:2:84:8400	15	irumu	irumu	ADP	14	14	case	case	True	True	True	False	False	False	1	1	0
Amorim1928:2:84:8400	16	.	.	PUNCT	11	8	punct	punct	False	True	False	True	False	False	5	8	-3
Amorim1928:2:178:178	1	Wanana-etá	wanana	NOUN	5	4	nmod:poss	nsubj	False	False	False	False	False	True	4	3	-1
Amorim1928:2:178:178	2	upitá	pitá	VERB	1	1	acl:relcl	acl:relcl	True	True	True	False	False	False	1	1	0
Amorim1928:2:178:178	3	waá	waá	PRON	2	2	nsubj	nsubj	True	True	True	False	False	False	1	1	0
Amorim1928:2:178:178	4	sikwé	rikwé	VERB	2	0	xcomp	root	False	False	False	False	False	True	2	4	-2
Amorim1928:2:178:178	5	setaíra	setá	PRON	6	6	nsubj	nsubj	True	True	True	False	False	False	1	1	0
Amorim1928:2:178:178	6	uwiké	wiké	VERB	0	4	root	parataxis	False	False	False	False	False	True	6	2	4
Amorim1928:2:178:178	7	kaaeté	kaaeté	NOUN	6	6	obl	obl	True	True	True	False	False	False	1	1	0
Amorim1928:2:178:178	8	kití	kití	ADP	7	7	case	case	True	True	True	False	False	False	1	1	0
Amorim1928:2:178:178	9	,	,	PUNCT	11	11	punct	punct	True	True	True	False	False	False	2	2	0
Amorim1928:2:178:178	10	amú-etá	amú	PRON	11	11	nsubj	nsubj	True	True	True	False	False	False	1	1	0
Amorim1928:2:178:178	11	uwiyé	wiyé	VERB	6	6	parataxis	parataxis	True	True	True	False	False	False	5	5	0
Amorim1928:2:178:178	12	kwá	kwá	DET	13	13	det	det	True	True	True	False	False	False	1	1	0
Amorim1928:2:178:178	13	paraná	paraná	NOUN	11	11	obj	obj	True	True	True	False	False	False	2	2	0
Amorim1928:2:178:178	14	.	.	PUNCT	6	4	punct	punct	False	True	False	True	False	False	8	10	-2
Amorim1928:3:2:2	1	Mayawé	mayawé	SCONJ	5	3	mark	mark	False	True	False	True	False	False	4	2	-2
Amorim1928:3:2:2	2	aé	aé	PRON	3	3	nmod:poss	nmod:poss	True	True	True	False	False	False	1	1	0
Amorim1928:3:2:2	3	pitera	pitera	NOUN	5	5	obl	obl	True	True	True	False	False	False	2	2	0
Amorim1928:3:2:2	4	upé	upé	ADP	3	3	case	case	True	True	True	False	False	False	1	1	0
Amorim1928:3:2:2	5	aikwé	aikwé	PART	15	0	advcl	root	False	False	False	False	False	True	10	5	-15
Amorim1928:3:2:2	6	siiya	siiya	DET	7	7	det	det	True	True	True	False	False	False	1	1	0
Amorim1928:3:2:2	7	kunhamirĩ	kunhã	NOUN	5	11	nsubj	nsubj	False	True	False	True	False	False	2	4	6
Amorim1928:3:2:2	8	intí	intí	PART	11	11	advmod	advmod	True	True	True	False	False	False	3	3	0
Amorim1928:3:2:2	9	raẽ	raẽ	PART	11	11	advmod	advmod	True	True	True	False	False	False	2	2	0
Amorim1928:3:2:2	10	waá	waá	PRON	11	9	nsubj	fixed	False	False	False	False	False	True	1	1	-2
Amorim1928:3:2:2	11	uyasí	yasí	VERB	7	5	acl:relcl	parataxis	False	False	False	False	False	True	4	6	-2
Amorim1928:3:2:2	12	,	,	PUNCT	5	15	punct	punct	False	True	False	True	False	False	7	3	10
Amorim1928:3:2:2	13	aintá	aintá	PRON	14	14	nmod:poss	nmod:poss	True	True	True	False	False	False	1	1	0
Amorim1928:3:2:2	14	manha	manha	NOUN	15	15	nsubj	nsubj	True	True	True	False	False	False	1	1	0
Amorim1928:3:2:2	15	umundutiwa	mundú	VERB	0	11	root	parataxis	False	False	False	False	False	True	15	4	11
Amorim1928:3:2:2	16	aintá	aintá	PRON	17	17	nsubj	nsubj	True	True	True	False	False	False	1	1	0
Amorim1928:3:2:2	17	umusaka	musaka	VERB	15	15	ccomp	ccomp	True	True	True	False	False	False	2	2	0
Amorim1928:3:2:2	18	ara	ara	NOUN	17	17	obl	obl	True	True	True	False	False	False	1	1	0
Amorim1928:3:2:2	19	pukusawa	pukusawa	ADP	18	18	case	case	True	True	True	False	False	False	1	1	0
Amorim1928:3:2:2	20	maniáka	maniáka	NOUN	17	21	obj	nmod:poss	False	False	False	False	False	True	3	1	4
Amorim1928:3:2:2	21	kupixá	kupixá	NOUN	17	17	obl	obl	True	True	True	False	False	False	4	4	0
Amorim1928:3:2:2	22	pe	upé	ADP	21	21	case	case	True	True	True	False	False	False	1	1	0
Amorim1928:3:2:2	23	.	.	PUNCT	15	5	punct	punct	False	True	False	True	False	False	8	18	-10
Amorim1928:12:50:50	1	Mayawé	mayawé	SCONJ	6	2	mark	mark	False	True	False	True	False	False	5	1	-4
Amorim1928:12:50:50	2	supisawa	supisawa	NOUN	6	6	obl	obl	True	True	True	False	False	False	4	4	0
Amorim1928:12:50:50	3	rupí	rupí	ADP	2	2	case	case	True	True	True	False	False	False	1	1	0
Amorim1928:12:50:50	4	nhaã	nhaã	DET	5	5	det	det	True	True	True	False	False	False	1	1	0
Amorim1928:12:50:50	5	apigawa	apigawa	NOUN	6	6	nsubj	nsubj	True	True	True	False	False	False	1	1	0
Amorim1928:12:50:50	6	upurungitatiwa	purungitá	VERB	11	0	advcl	root	False	False	False	False	False	True	5	6	-11
Amorim1928:12:50:50	7	se	se	PRON	6	6	obl	obl	True	True	True	False	False	False	1	1	0
Amorim1928:12:50:50	8	irumu	irumu	ADP	7	7	case	case	True	True	True	False	False	False	1	1	0
Amorim1928:12:50:50	9	,	,	PUNCT	6	11	punct	punct	False	True	False	True	False	False	3	2	5
Amorim1928:12:50:50	10	wirandé	wirandé	ADV	11	11	advmod	advmod	True	True	True	False	False	False	1	1	0
Amorim1928:12:50:50	11	remundú	mundú	VERB	0	6	root	parataxis	False	False	False	False	False	True	11	5	6
Amorim1928:12:50:50	12	awá	awá	PRON	11	13	obj	nsubj	False	False	False	False	False	True	1	1	2
Amorim1928:12:50:50	13	usikari	sikari	VERB	11	11	xcomp	ccomp	True	False	False	False	True	False	2	2	0
Amorim1928:12:50:50	14	se	se	PRON	15	15	nmod:poss	nmod:poss	True	True	True	False	False	False	1	1	0
Amorim1928:12:50:50	15	pusanga	pusanga	NOUN	13	13	obj	obj	True	True	True	False	False	False	2	2	0
Amorim1928:12:50:50	16	.	.	PUNCT	11	6	punct	punct	False	True	False	True	False	False	5	10	-5
Amorim1928:13:1:1	1	Aikwé	aikwé	PART	0	0	root	root	True	True	True	False	False	False	1	1	0
Amorim1928:13:1:1	2	paá	paá	PART	1	1	advmod	advmod	True	True	True	False	False	False	1	1	0
Amorim1928:13:1:1	3	iké	iké	ADV	1	1	advmod	advmod	True	True	True	False	False	False	2	2	0
Amorim1928:13:1:1	4	Mauhiti-Kuri	mauhiti-kuri	PROPN	5	5	nmod:poss	nmod:poss	True	True	True	False	False	False	1	1	0
Amorim1928:13:1:1	5	Kaxiwer	kaxiwera	NOUN	1	1	obl	obl	True	True	True	False	False	False	4	4	0
Amorim1928:13:1:1	6	upé	upé	ADP	5	5	case	case	True	True	True	False	False	False	1	1	0
Amorim1928:13:1:1	7	yepé	yepé	DET	8	8	det	det	True	True	True	False	False	False	1	1	0
Amorim1928:13:1:1	8	kurumĩwasú	kurumĩwasú	NOUN	1	1	nsubj	nsubj	True	True	True	False	False	False	7	7	0
Amorim1928:13:1:1	9	.	.	PUNCT	1	1	punct	punct	True	True	True	False	False	False	8	8	0
Amorim1928:13:37-38:37-38	1	Kurumĩwasú	kurumĩwasú	NOUN	2	2	nmod:poss	nmod:poss	True	True	True	False	False	False	1	1	0
Amorim1928:13:37-38:37-38	2	manha	manha	NOUN	3	3	nsubj	nsubj	True	True	True	False	False	False	1	1	0
Amorim1928:13:37-38:37-38	3	usuaxara	suaxara	VERB	0	0	root	root	True	True	True	False	False	False	3	3	0
Amorim1928:13:37-38:37-38	4	paá	paá	PART	3	3	advmod	advmod	True	True	True	False	False	False	1	1	0
Amorim1928:13:37-38:37-38	5	:	:	PUNCT	11	17	punct	punct	False	True	False	True	False	False	6	12	6
Amorim1928:13:37-38:37-38	6	—	—	PUNCT	11	17	punct	punct	False	True	False	True	False	False	5	11	6
Amorim1928:13:37-38:37-38	7	Aé	aé	PRON	11	11	nsubj	nsubj	True	True	True	False	False	False	4	4	0
Amorim1928:13:37-38:37-38	8	tenhẽ	tenhẽ	PART	7	7	advmod	advmod	True	True	True	False	False	False	1	1	0
Amorim1928:13:37-38:37-38	9	nhaã	nhaã	DET	11	11	det	det	True	True	True	False	False	False	2	2	0
Amorim1928:13:37-38:37-38	10	xe	xe	PRON	11	11	nmod:poss	nmod:poss	True	True	True	False	False	False	1	1	0
Amorim1928:13:37-38:37-38	11	mimbira	mimbira	NOUN	3	17	ccomp	nsubj	False	False	False	False	False	True	8	6	14
Amorim1928:13:37-38:37-38	12	intí	intí	PART	15	15	advmod	advmod	True	True	True	False	False	False	3	3	0
Amorim1928:13:37-38:37-38	13	waá	waá	PRON	15	15	dislocated	nsubj	True	False	False	False	True	False	2	2	0
Amorim1928:13:37-38:37-38	14	awá	awá	PRON	15	15	nsubj	nsubj	True	True	True	False	False	False	1	1	0
Amorim1928:13:37-38:37-38	15	ukwáu	kwáu	VERB	11	11	acl:relcl	acl:relcl	True	True	True	False	False	False	4	4	0
Amorim1928:13:37-38:37-38	16	putari	putari	AUX	15	17	aux	cop	False	False	False	False	False	True	1	1	2
Amorim1928:13:37-38:37-38	17	i	i	PRON	15	3	obl	ccomp	False	False	False	False	False	True	2	14	-12
Amorim1928:13:37-38:37-38	18	suí	suí	ADP	17	17	case	case	True	True	True	False	False	False	1	1	0
Amorim1928:13:37-38:37-38	19	.	.	PUNCT	3	3	punct	punct	True	True	True	False	False	False	16	16	0
Amorim1928:15:5:5	1	Tenhẽ	tenhẽ	PART	2	2	advmod	advmod	True	True	True	False	False	False	1	1	0
Amorim1928:15:5:5	2	pemunhã	munhã	VERB	0	0	root	root	True	True	True	False	False	False	2	2	0
Amorim1928:15:5:5	3	saruá	saruá	NOUN	2	2	obj	obj	True	True	True	False	False	False	1	1	0
Amorim1928:15:5:5	4	,	,	PUNCT	7	7	punct	punct	True	True	True	False	False	False	3	3	0
Amorim1928:15:5:5	5	kurumú	kurumú	SCONJ	7	7	mark	mark	True	True	True	False	False	False	2	2	0
Amorim1928:15:5:5	6	Buyawasú	buya	NOUN	7	7	nsubj	nsubj	True	True	True	False	False	False	1	1	0
Amorim1928:15:5:5	7	umbaú	mbaú	VERB	2	2	advcl	advcl	True	True	True	False	False	False	5	5	0
Amorim1928:15:5:5	8	yandé	yandé	PRON	7	7	obj	obj	True	True	True	False	False	False	1	1	0
Amorim1928:15:5:5	9	.	.	PUNCT	2	2	punct	punct	True	True	True	False	False	False	7	7	0
Amorim1928:15:57:57	1	Marama	marama	ADV	3	3	advmod	advmod	True	True	True	False	False	False	2	2	0
Amorim1928:15:57:57	2	intíu	intíu	PART	3	3	advmod	advmod	True	True	True	False	False	False	1	1	0
Amorim1928:15:57:57	3	resaisú	saisú	VERB	0	0	root	root	True	True	True	False	False	False	3	3	0
Amorim1928:15:57:57	4	yandé	yandé	PRON	3	3	obj	obj	True	True	True	False	False	False	1	1	0
Amorim1928:15:57:57	5	?	?	PUNCT	3	3	punct	punct	True	True	True	False	False	False	2	2	0
Amorim1928:18:26:26	1	Waturá	waturá	NOUN	11	9	obj	nmod:poss	False	False	False	False	False	True	10	8	-2
Amorim1928:18:26:26	2	,	,	PUNCT	3	3	punct	punct	True	True	True	False	False	False	1	1	0
Amorim1928:18:26:26	3	urupema	urupema	NOUN	1	1	conj	conj	True	True	True	False	False	False	2	2	0
Amorim1928:18:26:26	4	,	,	PUNCT	5	5	punct	punct	True	True	True	False	False	False	1	1	0
Amorim1928:18:26:26	5	apukuitawa	apukuitawa	NOUN	1	1	conj	conj	True	True	True	False	False	False	4	4	0
Amorim1928:18:26:26	6	,	,	PUNCT	7	7	punct	punct	True	True	True	False	False	False	1	1	0
Amorim1928:18:26:26	7	matapí	matapí	NOUN	1	1	conj	conj	True	True	True	False	False	False	6	6	0
Amorim1928:18:26:26	8	,	,	PUNCT	9	1	punct	punct	False	True	False	True	False	False	1	7	-8
Amorim1928:18:26:26	9	tarubá	tarubá	NOUN	1	11	conj	nsubj	False	False	False	False	False	True	8	2	10
Amorim1928:18:26:26	10	kurí	kurí	PART	11	11	advmod	advmod	True	True	True	False	False	False	1	1	0
Amorim1928:18:26:26	11	remusãi	musãi	VERB	0	0	root	root	True	True	True	False	False	False	11	11	0
Amorim1928:18:26:26	12	yuíri	yuíri	ADV	11	11	advmod	advmod	True	True	True	False	False	False	1	1	0
Amorim1928:18:26:26	13	.	.	PUNCT	11	11	punct	punct	True	True	True	False	False	False	2	2	0
Amorim1928:20:86-87:86-87	1	Duiruna	duiruna	PROPN	2	2	nmod:poss	nmod:poss	True	True	True	False	False	False	1	1	0
Amorim1928:20:86-87:86-87	2	suá	suá	NOUN	6	6	nsubj	nsubj	True	True	True	False	False	False	4	4	0
Amorim1928:20:86-87:86-87	3	,	,	PUNCT	4	4	punct	punct	True	True	True	False	False	False	1	1	0
Amorim1928:20:86-87:86-87	4	paá	paá	PART	6	6	advmod	advmod	True	True	True	False	False	False	2	2	0
Amorim1928:20:86-87:86-87	5	,	,	PUNCT	4	4	punct	punct	True	True	True	False	False	False	1	1	0
Amorim1928:20:86-87:86-87	6	upitá	pitá	VERB	0	0	root	root	True	True	True	False	False	False	6	6	0
Amorim1928:20:86-87:86-87	7	amurupí	amurupí	ADV	6	6	xcomp	advmod	True	False	False	False	True	False	1	1	0
Amorim1928:20:86-87:86-87	8	,	,	PUNCT	9	9	punct	punct	True	True	True	False	False	False	1	1	0
Amorim1928:20:86-87:86-87	9	unheẽ	nheẽ	VERB	6	6	parataxis	parataxis	True	True	True	False	False	False	3	3	0
Amorim1928:20:86-87:86-87	10	i	i	PRON	11	11	nsubj	expl	True	False	False	False	True	False	1	1	0
Amorim1928:20:86-87:86-87	11	piaíwa	piaíwa	VERB	9	9	advcl	ccomp	True	False	False	False	True	False	2	2	0
Amorim1928:20:86-87:86-87	12	i	i	PRON	13	13	nmod:poss	nmod:poss	True	True	True	False	False	False	1	1	0
Amorim1928:20:86-87:86-87	13	paya	paya	NOUN	9	11	iobj	obl	False	False	False	False	False	True	4	2	2
Amorim1928:20:86-87:86-87	14	xupé	xupé	ADP	13	13	case	case	True	True	True	False	False	False	1	1	0
Amorim1928:20:86-87:86-87	15	:	:	PUNCT	18	18	punct	punct	True	True	True	False	False	False	3	3	0
Amorim1928:20:86-87:86-87	16	—	—	PUNCT	18	18	punct	punct	True	True	True	False	False	False	2	2	0
Amorim1928:20:86-87:86-87	17	Indé	indé	PRON	18	18	nsubj	nsubj	True	True	True	False	False	False	1	1	0
Amorim1928:20:86-87:86-87	18	remumbeú	mumbeú	VERB	9	11	ccomp	parataxis	False	False	False	False	False	True	9	7	2
Amorim1928:20:86-87:86-87	19	yandé	yandé	PRON	20	18	nmod:poss	obj	False	False	False	False	False	True	1	1	-2
Amorim1928:20:86-87:86-87	20	yupirungawa	yupirungawa	NOUN	21	21	nsubj	nsubj	True	True	True	False	False	False	1	1	0
Amorim1928:20:86-87:86-87	21	uri	yuri	VERB	18	18	ccomp	parataxis	True	False	False	False	True	False	3	3	0
Amorim1928:20:86-87:86-87	22	iwitú	iwitú	NOUN	21	21	obl	obl	True	True	True	False	False	False	1	1	0
Amorim1928:20:86-87:86-87	23	aíwa	aíwa	ADJ	22	22	amod	amod	True	True	True	False	False	False	1	1	0
Amorim1928:20:86-87:86-87	24	suí	suí	ADP	22	22	case	case	True	True	True	False	False	False	2	2	0
Amorim1928:20:86-87:86-87	25	,	,	PUNCT	26	26	punct	punct	True	True	True	False	False	False	1	1	0
Amorim1928:20:86-87:86-87	26	kirimbáu	kirimbáu	ADJ	21	21	conj	parataxis	True	False	False	False	True	False	5	5	0
Amorim1928:20:86-87:86-87	27	yandé	yandé	PRON	26	26	nsubj	nsubj	True	True	True	False	False	False	1	1	0
Amorim1928:20:86-87:86-87	28	iwaka	iwaka	NOUN	29	29	nmod:poss	nmod:poss	True	True	True	False	False	False	1	1	0
Amorim1928:20:86-87:86-87	29	tiapusawa	tiapusawa	NOUN	26	26	obl	nsubj	True	False	False	False	True	False	3	3	0
Amorim1928:20:86-87:86-87	30	!	!	PUNCT	6	6	punct	punct	True	True	True	False	False	False	24	24	0
Seixas1853:0:0:100	1	Eẽ	eẽ	PART	2	2	advmod	advmod	True	True	True	False	False	False	1	1	0
Seixas1853:0:0:100	2	xipiaka	xipiaka	VERB	0	0	root	root	True	True	True	False	False	False	2	2	0
Seixas1853:0:0:100	3	mayé	mayé	ADV	4	4	advmod	advmod	True	True	True	False	False	False	1	1	0
Seixas1853:0:0:100	4	usú	sú	VERB	2	2	ccomp	ccomp	True	True	True	False	False	False	2	2	0
Seixas1853:0:0:100	5	sinipuka	rinipuka	VERB	4	4	parataxis	parataxis	True	True	True	False	False	False	1	1	0
Seixas1853:0:0:100	6	iwaka	iwaka	NOUN	4	5	obl	obl	False	True	False	True	False	False	2	1	1
Seixas1853:0:0:100	7	kití	kití	ADP	6	6	case	case	True	True	True	False	False	False	1	1	0
Seixas1853:0:0:100	8	!	!	PUNCT	2	5	punct	punct	False	True	False	True	False	False	6	3	3
Seixas1853:0:0:100	9	!	!	PUNCT	2	2	punct	punct	True	True	True	False	False	False	7	7	0
Seixas1853:0:0:100	10	!	!	PUNCT	2	2	punct	punct	True	True	True	False	False	False	8	8	0
Sympson1877:0:0:306	1	Yamaú	maú	VERB	0	0	root	root	True	True	True	False	False	False	1	1	0
Sympson1877:0:0:306	2	?	?	PUNCT	1	1	punct	punct	True	True	True	False	False	False	1	1	0
Sympson1877:0:0:675	1	Upuitá	puitá	VERB	0	0	root	root	True	True	True	False	False	False	1	1	0
Sympson1877:0:0:675	2	uka	uka	NOUN	1	1	obl	obl	True	True	True	False	False	False	1	1	0
Sympson1877:0:0:675	3	pupé	pupé	ADP	2	2	case	case	True	True	True	False	False	False	1	1	0
Sympson1877:0:0:675	4	.	.	PUNCT	1	1	punct	punct	True	True	True	False	False	False	3	3	0
Sympson1877:0:0:685	1	Meẽ	meẽ	VERB	0	0	root	root	True	True	True	False	False	False	1	1	0
Sympson1877:0:0:685	2	aé	aé	PRON	1	1	iobj	iobj	True	True	True	False	False	False	1	1	0
Sympson1877:0:0:685	3	supé	supé	ADP	2	2	case	case	True	True	True	False	False	False	1	1	0
Sympson1877:0:0:685	4	nhaã	nhaã	DET	5	5	det	det	True	True	True	False	False	False	1	1	0
Sympson1877:0:0:685	5	pirá	pirá	NOUN	1	1	obj	obj	True	True	True	False	False	False	4	4	0
Sympson1877:0:0:685	6	.	.	PUNCT	1	1	punct	punct	True	True	True	False	False	False	5	5	0
Hartt1938:0:0:6	1	Rerikú	rikú	VERB	0	0	root	root	True	True	True	False	False	False	1	1	0
Hartt1938:0:0:6	2	será	será	PART	1	1	advmod	advmod	True	True	True	False	False	False	1	1	0
Hartt1938:0:0:6	3	sapukaya	sapukaya	NOUN	4	4	nmod:poss	nmod:poss	True	True	True	False	False	False	1	1	0
Hartt1938:0:0:6	4	rupiá	supiá	NOUN	1	1	obj	obj	True	True	True	False	False	False	3	3	0
Hartt1938:0:0:6	5	?	?	PUNCT	1	1	punct	punct	True	True	True	False	False	False	4	4	0
Hartt1938:0:0:7	1	Intí	intí	PART	2	2	advmod	advmod	True	True	True	False	False	False	1	1	0
Hartt1938:0:0:7	2	xasenú	senú	VERB	0	0	root	root	True	True	True	False	False	False	2	2	0
Hartt1938:0:0:7	3	katú	katú	ADV	2	2	advmod	advmod	True	True	True	False	False	False	1	1	0
Hartt1938:0:0:7	4	.	.	PUNCT	2	2	punct	punct	True	True	True	False	False	False	2	2	0
Hartt1938:0:0:10	1	Tenhẽ	tenhẽ	PART	4	4	advmod	advmod	True	True	True	False	False	False	3	3	0
Hartt1938:0:0:10	2	intí	intí	PART	4	4	advmod	advmod	True	True	True	False	False	False	2	2	0
Hartt1938:0:0:10	3	se	se	PRON	4	4	obj	obj	True	True	True	False	False	False	1	1	0
Hartt1938:0:0:10	4	mukweré	mukweré	VERB	0	0	root	root	True	True	True	False	False	False	4	4	0
Hartt1938:0:0:10	5	iné	iné	PRON	4	4	nsubj	nsubj	True	True	True	False	False	False	1	1	0
Hartt1938:0:0:10	6	.	.	PUNCT	4	4	punct	punct	True	True	True	False	False	False	2	2	0
Hartt1938:0:0:35	1	Se	se	PRON	2	2	obj	obj	True	True	True	False	False	False	1	1	0
Hartt1938:0:0:35	2	muapisí	muapisí	VERB	0	0	root	root	True	True	True	False	False	False	2	2	0
Hartt1938:0:0:35	3	.	.	PUNCT	2	2	punct	punct	True	True	True	False	False	False	1	1	0
Hartt1938:0:0:37	1	Se	se	PRON	2	2	nmod:poss	nmod:poss	True	True	True	False	False	False	1	1	0
Hartt1938:0:0:37	2	mimbira	mimbira	NOUN	3	3	nsubj	nsubj	True	True	True	False	False	False	1	1	0
Hartt1938:0:0:37	3	uyawáu	yawáu	VERB	0	0	root	root	True	True	True	False	False	False	3	3	0
Hartt1938:0:0:37	4	se	se	PRON	3	3	obl	obl	True	True	True	False	False	False	1	1	0
Hartt1938:0:0:37	5	suí	suí	ADP	4	4	case	case	True	True	True	False	False	False	1	1	0
Hartt1938:0:0:37	6	.	.	PUNCT	3	3	punct	punct	True	True	True	False	False	False	3	3	0
Hartt1938:0:0:71	1	I	i	PRON	2	2	nsubj	nsubj	True	True	True	False	False	False	1	1	0
Hartt1938:0:0:71	2	katú	katú	VERB	0	0	root	root	True	True	True	False	False	False	2	2	0
Hartt1938:0:0:71	3	será	será	PART	2	2	advmod	advmod	True	True	True	False	False	False	1	1	0
Hartt1938:0:0:71	4	uikú	ikú	AUX	2	2	aux	aux	True	True	True	False	False	False	2	2	0
Hartt1938:0:0:71	5	?	?	PUNCT	2	2	punct	punct	True	True	True	False	False	False	3	3	0
Hartt1938:0:0:79	1	Ne	ne	PRON	2	2	nmod:poss	nmod:poss	True	True	True	False	False	False	1	1	0
Hartt1938:0:0:79	2	renira	tenira	NOUN	4	0	nsubj	root	False	False	False	False	False	True	2	2	-4
Hartt1938:0:0:79	3	taá	taá	PART	4	2	advmod	advmod	False	True	False	True	False	False	1	1	-2
Hartt1938:0:0:79	4	muíri	muíri	DET	0	2	root	nsubj	False	False	False	False	False	True	4	2	2
Hartt1938:0:0:79	5	?	?	PUNCT	4	2	punct	punct	False	True	False	True	False	False	1	3	-2
Hartt1938:0:0:86	1	Uyana	yana	VERB	0	0	root	root	True	True	True	False	False	False	1	1	0
Hartt1938:0:0:86	2	reté	reté	ADV	1	1	advmod	advmod	True	True	True	False	False	False	1	1	0
Hartt1938:0:0:86	3	será	será	PART	1	1	advmod	advmod	True	True	True	False	False	False	2	2	0
Hartt1938:0:0:86	4	kuité	kuité	ADV	1	1	advmod	advmod	True	True	True	False	False	False	3	3	0
Hartt1938:0:0:86	5	ií	ií	NOUN	1	1	nsubj	nsubj	True	True	True	False	False	False	4	4	0
Hartt1938:0:0:86	6	?	?	PUNCT	1	1	punct	punct	True	True	True	False	False	False	5	5	0
Hartt1938:0:0:88	1	Intí	intí	PART	2	2	advmod	advmod	True	True	True	False	False	False	1	1	0
Hartt1938:0:0:88	2	xawatá	watá	VERB	0	0	root	root	True	True	True	False	False	False	2	2	0
Hartt1938:0:0:88	3	kwáu	kwáu	AUX	2	2	aux	aux	True	True	True	False	False	False	1	1	0
Hartt1938:0:0:88	4	i	i	PRON	2	2	obl	obl	True	True	True	False	False	False	2	2	0
Hartt1938:0:0:88	5	rũ	irũ	ADP	4	4	case	case	True	True	True	False	False	False	1	1	0
Hartt1938:0:0:88	6	maãresé	maãresé	SCONJ	7	7	mark	mark	True	True	True	False	False	False	1	1	0
Hartt1938:0:0:88	7	xarikú	rikú	VERB	2	2	advcl	advcl	True	True	True	False	False	False	5	5	0
Hartt1938:0:0:88	8	setá	setá	DET	10	10	det	det	True	True	True	False	False	False	2	2	0
Hartt1938:0:0:88	9	reté	reté	ADV	8	8	advmod	advmod	True	True	True	False	False	False	1	1	0
Hartt1938:0:0:88	10	maã	maã	NOUN	7	7	obj	obj	True	True	True	False	False	False	3	3	0
Hartt1938:0:0:88	11	xamunhã	munhã	VERB	10	7	acl	advcl	False	False	False	False	False	True	1	4	-3
Hartt1938:0:0:88	12	arama	arama	SCONJ	11	11	mark	mark	True	True	True	False	False	False	1	1	0
Hartt1938:0:0:88	13	.	.	PUNCT	2	2	punct	punct	True	True	True	False	False	False	11	11	0
Hartt1938:0:0:93	1	Yawara	yawara	NOUN	2	2	nsubj	nsubj	True	True	True	False	False	False	1	1	0
Hartt1938:0:0:93	2	uyusuú	suú	VERB	0	0	root	root	True	True	True	False	False	False	2	2	0
Hartt1938:0:0:93	3	.	.	PUNCT	2	2	punct	punct	True	True	True	False	False	False	1	1	0
Hartt1938:0:0:99	1	Maã	maã	DET	0	0	root	root	True	True	True	False	False	False	1	1	0
Hartt1938:0:0:99	2	taá	taá	PART	1	1	advmod	advmod	True	True	True	False	False	False	1	1	0
Hartt1938:0:0:99	3	ne	ne	PRON	4	4	nmod:poss	nmod:poss	True	True	True	False	False	False	1	1	0
Hartt1938:0:0:99	4	mimbira	mimbira	NOUN	1	1	nsubj	nsubj	True	True	True	False	False	False	3	3	0
Hartt1938:0:0:99	5	?	?	PUNCT	1	1	punct	punct	True	True	True	False	False	False	4	4	0
Hartt1938:0:0:108-2	1	I	i	PRON	2	2	expl	expl	True	True	True	False	False	False	1	1	0
Hartt1938:0:0:108-2	2	puséi	puséi	VERB	0	0	root	root	True	True	True	False	False	False	2	2	0
Hartt1938:0:0:108-2	3	aité	aité	DET	4	4	det	det	True	True	True	False	False	False	1	1	0
Hartt1938:0:0:108-2	4	maã	maã	PRON	2	2	nsubj	nsubj	True	True	True	False	False	False	2	2	0
Hartt1938:0:0:108-2	5	xarasú	rasú	VERB	4	4	acl:relcl	acl:relcl	True	True	True	False	False	False	1	1	0
Hartt1938:0:0:108-2	6	waá	waá	PRON	5	5	obj	obj	True	True	True	False	False	False	1	1	0
Hartt1938:0:0:108-2	7	se	se	PRON	8	8	nmod:poss	nmod:poss	True	True	True	False	False	False	1	1	0
Hartt1938:0:0:108-2	8	atiiwa	atiiwa	NOUN	9	9	nmod:poss	nmod:poss	True	True	True	False	False	False	1	1	0
Hartt1938:0:0:108-2	9	ara	ara	NOUN	5	5	obl	obl	True	True	True	False	False	False	4	4	0
Hartt1938:0:0:108-2	10	upé	upé	ADP	9	9	case	case	True	True	True	False	False	False	1	1	0
Hartt1938:0:0:108-2	11	.	.	PUNCT	2	2	punct	punct	True	True	True	False	False	False	9	9	0
Hartt1938:0:0:130	1	Xaxipiá	xipiá	VERB	0	0	root	root	True	True	True	False	False	False	1	1	0
Hartt1938:0:0:130	2	yepé	yepé	PRON	1	3	obj	nsubj	False	False	False	False	False	True	1	1	2
Hartt1938:0:0:130	3	upuãmu	puãmu	VERB	2	1	acl	ccomp	False	False	False	False	False	True	1	2	-1
Hartt1938:0:0:130	4	uikú	ikú	AUX	3	3	aux	aux	True	True	True	False	False	False	1	1	0
Hartt1938:0:0:130	5	.	.	PUNCT	1	1	punct	punct	True	True	True	False	False	False	4	4	0
Hartt1938:0:0:142	1	Intí	intí	PART	2	2	advmod	advmod	True	True	True	False	False	False	1	1	0
Hartt1938:0:0:142	2	xaputari	putari	VERB	0	0	root	root	True	True	True	False	False	False	2	2	0
Hartt1938:0:0:142	3	kwaá	kwaá	DET	4	4	det	det	True	True	True	False	False	False	1	1	0
Hartt1938:0:0:142	4	kisé	kisé	NOUN	2	2	obj	obj	True	True	True	False	False	False	2	2	0
Hartt1938:0:0:142	5	amú	amú	DET	7	7	obj	det	True	False	False	False	True	False	2	2	0
Hartt1938:0:0:142	6	tenhẽ	tenhẽ	PART	7	5	advmod	advmod	False	True	False	True	False	False	1	1	-2
Hartt1938:0:0:142	7	xaputari	putari	VERB	2	2	parataxis	parataxis	True	True	True	False	False	False	5	5	0
Hartt1938:0:0:142	8	.	.	PUNCT	2	2	punct	punct	True	True	True	False	False	False	6	6	0
Hartt1938:0:0:143	1	Itá	itá	NOUN	2	2	nsubj	nsubj	True	True	True	False	False	False	1	1	0
Hartt1938:0:0:143	2	uari	ari	VERB	0	0	root	root	True	True	True	False	False	False	2	2	0
Hartt1938:0:0:143	3	putari	putari	AUX	2	2	aux	aux	True	True	True	False	False	False	1	1	0
Hartt1938:0:0:143	4	.	.	PUNCT	2	2	punct	punct	True	True	True	False	False	False	2	2	0
Hartt1938:0:0:144	1	Tupana	tupana	NOUN	2	2	nsubj	nsubj	True	True	True	False	False	False	1	1	0
Hartt1938:0:0:144	2	putari	putari	VERB	0	0	root	root	True	True	True	False	False	False	2	2	0
Hartt1938:0:0:144	3	ramé	ramé	SCONJ	2	2	mark	mark	True	True	True	False	False	False	1	1	0
Hartt1938:0:0:144	4	.	.	PUNCT	2	2	punct	punct	True	True	True	False	False	False	2	2	0
Hartt1938:0:0:165	1	Intí	intí	PART	3	3	advmod	advmod	True	True	True	False	False	False	2	2	0
Hartt1938:0:0:165	2	maã	maã	PRON	3	3	nsubj	nsubj	True	True	True	False	False	False	1	1	0
Hartt1938:0:0:165	3	ukaíma	kaíma	VERB	0	0	root	root	True	True	True	False	False	False	3	3	0
Hartt1938:0:0:165	4	ixé	ixé	PRON	3	3	obl	obl	True	True	True	False	False	False	1	1	0
Hartt1938:0:0:165	5	suí	suí	ADP	4	4	case	case	True	True	True	False	False	False	1	1	0
Hartt1938:0:0:165	6	.	.	PUNCT	3	3	punct	punct	True	True	True	False	False	False	3	3	0
Hartt1938:0:0:167	1	Tupana	tupana	NOUN	0	0	root	root	True	True	True	False	False	False	1	1	0
Hartt1938:0:0:167	2	resé	resé	ADP	1	1	case	case	True	True	True	False	False	False	1	1	0
Hartt1938:0:0:167	3	katú	katú	PART	1	1	advmod	advmod	True	True	True	False	False	False	2	2	0
Hartt1938:0:0:167	4	!	!	PUNCT	1	1	punct	punct	True	True	True	False	False	False	3	3	0
Hartt1938:0:0:168	1	Intí	intí	PART	2	2	advmod	advmod	True	True	True	False	False	False	1	1	0
Hartt1938:0:0:168	2	xakwá	kwá	VERB	0	0	root	root	True	True	True	False	False	False	2	2	0
Hartt1938:0:0:168	3	.	.	PUNCT	2	2	punct	punct	True	True	True	False	False	False	1	1	0
Hartt1938:0:0:170	1	Aé	aé	PRON	4	4	nsubj	nsubj	True	True	True	False	False	False	3	3	0
Hartt1938:0:0:170	2	kurutẽiwara	kurutẽiwara	ADV	4	4	advmod	advmod	True	True	True	False	False	False	2	2	0
Hartt1938:0:0:170	3	i	i	PRON	4	4	expl	expl	True	True	True	False	False	False	1	1	0
Hartt1938:0:0:170	4	maasí	maasí	VERB	0	0	root	root	True	True	True	False	False	False	4	4	0
Hartt1938:0:0:170	5	.	.	PUNCT	4	4	punct	punct	True	True	True	False	False	False	1	1	0
Hartt1938:0:0:176	1	Kupĩ	kupĩ	NOUN	2	2	nsubj	nsubj	True	True	True	False	False	False	1	1	0
Hartt1938:0:0:176	2	uú	ú	VERB	0	0	root	root	True	True	True	False	False	False	2	2	0
Hartt1938:0:0:176	3	páu	páu	PART	2	2	advmod	advmod	True	True	True	False	False	False	1	1	0
Hartt1938:0:0:176	4	se	se	PRON	5	5	nmod:poss	nmod:poss	True	True	True	False	False	False	1	1	0
Hartt1938:0:0:176	5	maã-itá	maã	NOUN	2	2	obj	obj	True	True	True	False	False	False	3	3	0
Hartt1938:0:0:176	6	.	.	PUNCT	2	2	punct	punct	True	True	True	False	False	False	4	4	0
Hartt1938:0:0:189	1	Ixé	ixé	PRON	4	2	nsubj	nsubj	False	True	False	True	False	False	3	1	-2
Hartt1938:0:0:189	2	nhũ	nhũ	ADV	1	4	advmod	advmod	False	True	False	True	False	False	1	2	3
Hartt1938:0:0:189	3	intí	intí	PART	4	4	advmod	advmod	True	True	True	False	False	False	1	1	0
Hartt1938:0:0:189	4	xapitá	pitá	VERB	0	0	root	root	True	True	True	False	False	False	4	4	0
Hartt1938:0:0:189	5	;	;	PUNCT	6	6	punct	punct	True	True	True	False	False	False	1	1	0
Hartt1938:0:0:189	6	xasikié	sikié	VERB	4	4	parataxis	parataxis	True	True	True	False	False	False	2	2	0
Hartt1938:0:0:189	7	.	.	PUNCT	4	4	punct	punct	True	True	True	False	False	False	3	3	0
Hartt1938:0:0:202-2	1	Intí	intí	PART	3	3	advmod	advmod	True	True	True	False	False	False	2	2	0
Hartt1938:0:0:202-2	2	umbaá	umbaá	PART	3	3	advmod	advmod	True	True	True	False	False	False	1	1	0
Hartt1938:0:0:202-2	3	hamunhã	munhã	VERB	0	0	root	root	True	True	True	False	False	False	3	3	0
Hartt1938:0:0:202-2	4	kwáu	kwáu	AUX	3	3	aux	aux	True	True	True	False	False	False	1	1	0
Hartt1938:0:0:202-2	5	.	.	PUNCT	3	3	punct	punct	True	True	True	False	False	False	2	2	0
Hartt1938:0:0:225	1	Xarikú	rikú	VERB	5	5	advcl	advcl	True	True	True	False	False	False	4	4	0
Hartt1938:0:0:225	2	ramé	ramé	SCONJ	1	1	mark	mark	True	True	True	False	False	False	1	1	0
Hartt1938:0:0:225	3	amú	amú	PART	1	1	advmod	advmod	True	True	True	False	False	False	2	2	0
Hartt1938:0:0:225	4	,	,	PUNCT	1	1	punct	punct	True	True	True	False	False	False	3	3	0
Hartt1938:0:0:225	5	xameẽ	meẽ	VERB	0	0	root	root	True	True	True	False	False	False	5	5	0
Hartt1938:0:0:225	6	amú	amú	PART	5	5	advmod	advmod	True	True	True	False	False	False	1	1	0
Hartt1938:0:0:225	7	inéu	inéu	PRON	5	5	iobj	iobj	True	True	True	False	False	False	2	2	0
Hartt1938:0:0:225	8	.	.	PUNCT	5	5	punct	punct	True	True	True	False	False	False	3	3	0
Hartt1938:0:0:227	1	Yasú	sú	VERB	0	0	root	root	True	True	True	False	False	False	1	1	0
Hartt1938:0:0:227	2	kurutẽi	kurutẽi	ADV	1	1	advmod	advmod	True	True	True	False	False	False	1	1	0
Hartt1938:0:0:227	3	.	.	PUNCT	1	1	punct	punct	True	True	True	False	False	False	2	2	0
Hartt1938:0:0:233	1	Yiãma	yiãma	NOUN	3	3	nsubj	nsubj	True	True	True	False	False	False	2	2	0
Hartt1938:0:0:233	2	se	se	PRON	3	3	obj	obj	True	True	True	False	False	False	1	1	0
Hartt1938:0:0:233	3	mukaú	mukaú	VERB	0	0	root	root	True	True	True	False	False	False	3	3	0
Hartt1938:0:0:233	4	.	.	PUNCT	3	3	punct	punct	True	True	True	False	False	False	1	1	0
Hartt1938:0:0:264	1	Apigawa	apigawa	NOUN	2	2	nsubj	nsubj	True	True	True	False	False	False	1	1	0
Hartt1938:0:0:264	2	ukwáu	kwáu	VERB	0	0	root	root	True	True	True	False	False	False	2	2	0
Hartt1938:0:0:264	3	reté	reté	ADV	2	2	advmod	advmod	True	True	True	False	False	False	1	1	0
Hartt1938:0:0:264	4	.	.	PUNCT	2	2	punct	punct	True	True	True	False	False	False	2	2	0
Hartt1938:0:0:269	1	Xarikú	rikú	VERB	0	0	root	root	True	True	True	False	False	False	1	1	0
Hartt1938:0:0:269	2	ne	ne	PRON	3	3	nmod:poss	nmod:poss	True	True	True	False	False	False	1	1	0
Hartt1938:0:0:269	3	pitima	pitima	NOUN	1	1	obj	obj	True	True	True	False	False	False	2	2	0
Hartt1938:0:0:269	4	katú	katú	ADJ	3	3	amod	amod	True	True	True	False	False	False	1	1	0
Hartt1938:0:0:269	5	.	.	PUNCT	1	1	punct	punct	True	True	True	False	False	False	4	4	0
Hartt1938:0:0:272	1	Xamunhã	munhã	VERB	0	0	root	root	True	True	True	False	False	False	1	1	0
Hartt1938:0:0:272	2	se	se	PRON	3	3	nmod:poss	nmod:poss	True	True	True	False	False	False	1	1	0
Hartt1938:0:0:272	3	igasawa	igasawa	NOUN	1	1	obj	obj	True	True	True	False	False	False	2	2	0
Hartt1938:0:0:272	4	tuyuka	tuyuka	NOUN	1	1	obl	obl	True	True	True	False	False	False	3	3	0
Hartt1938:0:0:272	5	suiwara	suiwara	ADP	4	4	case	case	True	True	True	False	False	False	1	1	0
Hartt1938:0:0:272	6	.	.	PUNCT	1	1	punct	punct	True	True	True	False	False	False	5	5	0
Hartt1938:0:0:281	1	Kwaá	kwaá	DET	2	2	det	det	True	True	True	False	False	False	1	1	0
Hartt1938:0:0:281	2	apigawa	apigawa	NOUN	4	4	nsubj	nsubj	True	True	True	False	False	False	2	2	0
Hartt1938:0:0:281	3	i	i	PRON	4	4	expl	expl	True	True	True	False	False	False	1	1	0
Hartt1938:0:0:281	4	xirĩ	xirĩ	VERB	0	0	root	root	True	True	True	False	False	False	4	4	0
Hartt1938:0:0:281	5	reté	reté	ADV	4	4	advmod	advmod	True	True	True	False	False	False	1	1	0
Hartt1938:0:0:281	6	.	.	PUNCT	4	4	punct	punct	True	True	True	False	False	False	2	2	0
Hartt1938:0:0:285	1	Xasú	sú	AUX	2	2	aux	aux	True	True	True	False	False	False	1	1	0
Hartt1938:0:0:285	2	xayapukúi	yapukúi	VERB	0	0	root	root	True	True	True	False	False	False	2	2	0
Hartt1938:0:0:285	3	se	se	PRON	4	4	nmod:poss	nmod:poss	True	True	True	False	False	False	1	1	0
Hartt1938:0:0:285	4	uí	uí	NOUN	2	2	obj	obj	True	True	True	False	False	False	2	2	0
Hartt1938:0:0:285	5	.	.	PUNCT	2	2	punct	punct	True	True	True	False	False	False	3	3	0
Hartt1938:0:0:286	1	Ekũi	sú	AUX	2	2	aux	aux	True	True	True	False	False	False	1	1	0
Hartt1938:0:0:286	2	eyuuka	yuuka	VERB	0	0	root	root	True	True	True	False	False	False	2	2	0
Hartt1938:0:0:286	3	paka	paka	NOUN	2	2	obj	obj	True	True	True	False	False	False	1	1	0
Hartt1938:0:0:286	4	mundé	mundé	NOUN	2	2	obl	obl	True	True	True	False	False	False	2	2	0
Hartt1938:0:0:286	5	suí	suí	ADP	4	4	case	case	True	True	True	False	False	False	1	1	0
Hartt1938:0:0:286	6	,	,	PUNCT	8	8	punct	punct	True	True	True	False	False	False	2	2	0
Hartt1938:0:0:286	7	tenhẽ	tenhẽ	PART	8	8	advmod	advmod	True	True	True	False	False	False	1	1	0
Hartt1938:0:0:286	8	emuyawáu	muyawáu	VERB	2	2	parataxis	parataxis	True	True	True	False	False	False	6	6	0
Hartt1938:0:0:286	9	!	!	PUNCT	2	2	punct	punct	True	True	True	False	False	False	7	7	0
Hartt1938:0:0:291	1	Xasú	sú	AUX	2	2	aux	aux	True	True	True	False	False	False	1	1	0
Hartt1938:0:0:291	2	xayuuka	yuuka	VERB	0	0	root	root	True	True	True	False	False	False	2	2	0
Hartt1938:0:0:291	3	tarakayá	tarakayá	NOUN	4	4	nmod:poss	nmod:poss	True	True	True	False	False	False	1	1	0
Hartt1938:0:0:291	4	rupiá	supiá	NOUN	2	2	obj	obj	True	True	True	False	False	False	2	2	0
Hartt1938:0:0:291	5	.	.	PUNCT	2	2	punct	punct	True	True	True	False	False	False	3	3	0
Hartt1938:0:0:295	1	Ixé	ixé	PRON	2	2	nsubj	nsubj	True	True	True	False	False	False	1	1	0
Hartt1938:0:0:295	2	xasenú	senú	VERB	0	0	root	root	True	True	True	False	False	False	2	2	0
Hartt1938:0:0:295	3	maã	maã	NOUN	2	2	obj	obj	True	True	True	False	False	False	1	1	0
Hartt1938:0:0:295	4	puxí	puxí	ADJ	3	3	amod	amod	True	True	True	False	False	False	1	1	0
Hartt1938:0:0:295	5	tiapú	tiapú	VERB	3	2	xcomp	xcomp	False	True	False	True	False	False	2	3	-1
Hartt1938:0:0:295	6	.	.	PUNCT	2	2	punct	punct	True	True	True	False	False	False	4	4	0
Hartt1938:0:0:302	1	Tapiira	tapiira	NOUN	3	3	nsubj	nsubj	True	True	True	False	False	False	2	2	0
Hartt1938:0:0:302	2	kaawara	kaawara	ADJ	1	1	amod	amod	True	True	True	False	False	False	1	1	0
Hartt1938:0:0:302	3	uyuyumimi	yumimi	VERB	0	0	root	root	True	True	True	False	False	False	3	3	0
Hartt1938:0:0:302	4	kaá	kaá	NOUN	3	3	obl	obl	True	True	True	False	False	False	1	1	0
Hartt1938:0:0:302	5	pe	upé	ADP	4	4	case	case	True	True	True	False	False	False	1	1	0
Hartt1938:0:0:302	6	.	.	PUNCT	3	3	punct	punct	True	True	True	False	False	False	3	3	0
Hartt1938:0:0:310	1	Maã	maã	PRON	4	4	obl	obl	True	True	True	False	False	False	3	3	0
Hartt1938:0:0:310	2	resé	resé	ADP	1	1	case	case	True	True	True	False	False	False	1	1	0
Hartt1938:0:0:310	3	intí	intí	PART	4	4	advmod	advmod	True	True	True	False	False	False	1	1	0
Hartt1938:0:0:310	4	reyapí	yapí	VERB	0	0	root	root	True	True	True	False	False	False	4	4	0
Hartt1938:0:0:310	5	?	?	PUNCT	4	4	punct	punct	True	True	True	False	False	False	1	1	0
Hartt1938:0:0:318	1	Awá	awá	PRON	3	3	nsubj	nsubj	True	True	True	False	False	False	2	2	0
Hartt1938:0:0:318	2	taá	taá	PART	3	3	advmod	advmod	True	True	True	False	False	False	1	1	0
Hartt1938:0:0:318	3	urikú	rikú	VERB	0	0	root	root	True	True	True	False	False	False	3	3	0
Hartt1938:0:0:318	4	mukawa	mukawa	NOUN	3	3	obj	obj	True	True	True	False	False	False	1	1	0
Hartt1938:0:0:318	5	?	?	PUNCT	3	3	punct	punct	True	True	True	False	False	False	2	2	0
Hartt1938:0:0:337	1	Ne	ne	PRON	2	2	nsubj	nsubj	True	True	True	False	False	False	1	1	0
Hartt1938:0:0:337	2	resarái	resarái	VERB	0	0	root	root	True	True	True	False	False	False	2	2	0
Hartt1938:0:0:337	3	wã	wã	PART	2	2	advmod	advmod	True	True	True	False	False	False	1	1	0
Hartt1938:0:0:337	4	.	.	PUNCT	2	2	punct	punct	True	True	True	False	False	False	2	2	0
Hartt1938:0:0:357	1	Emumuri	mumuri	VERB	0	0	root	root	True	True	True	False	False	False	1	1	0
Hartt1938:0:0:357	2	nhaã	nhaã	DET	3	3	det	det	True	True	True	False	False	False	1	1	0
Hartt1938:0:0:357	3	tupé	tupé	NOUN	1	1	obj	obj	True	True	True	False	False	False	2	2	0
Hartt1938:0:0:357	4	iwí	iwí	NOUN	1	1	obl	obl	True	True	True	False	False	False	3	3	0
Hartt1938:0:0:357	5	pe	upé	ADP	4	4	case	case	True	True	True	False	False	False	1	1	0
Hartt1938:0:0:357	6	.	.	PUNCT	1	1	punct	punct	True	True	True	False	False	False	5	5	0
Hartt1938:0:0:369	1	Maramé	mairamé	ADV	2	2	advmod	advmod	True	True	True	False	False	False	1	1	0
Hartt1938:0:0:369	2	rewari	wari	VERB	0	0	root	root	True	True	True	False	False	False	2	2	0
Hartt1938:0:0:369	3	?	?	PUNCT	2	2	punct	punct	True	True	True	False	False	False	1	1	0
Hartt1938:0:0:374	1	Muíri	muíri	DET	2	2	det	det	True	True	True	False	False	False	1	1	0
Hartt1938:0:0:374	2	akayú	akayú	NOUN	3	3	obj	obj	True	True	True	False	False	False	1	1	0
Hartt1938:0:0:374	3	rerikú	rikú	VERB	0	0	root	root	True	True	True	False	False	False	3	3	0
Hartt1938:0:0:374	4	?	?	PUNCT	3	3	punct	punct	True	True	True	False	False	False	1	1	0
Hartt1938:0:0:385	1	Akutí	akutí	NOUN	2	2	nsubj	nsubj	True	True	True	False	False	False	1	1	0
Hartt1938:0:0:385	2	uú	ú	VERB	0	0	root	root	True	True	True	False	False	False	2	2	0
Hartt1938:0:0:385	3	reté	reté	ADV	2	2	advmod	advmod	True	True	True	False	False	False	1	1	0
Hartt1938:0:0:385	4	se	se	PRON	5	5	nmod:poss	nmod:poss	True	True	True	False	False	False	1	1	0
Hartt1938:0:0:385	5	maniáka	maniáka	NOUN	2	2	obj	obj	True	True	True	False	False	False	3	3	0
Hartt1938:0:0:385	6	.	.	PUNCT	2	2	punct	punct	True	True	True	False	False	False	4	4	0
Hartt1938:0:0:392	1	Muíri	muíri	PRON	0	0	root	root	True	True	True	False	False	False	1	1	0
Hartt1938:0:0:392	2	taá	taá	PART	1	1	advmod	advmod	True	True	True	False	False	False	1	1	0
Hartt1938:0:0:392	3	ne	ne	PRON	4	4	nmod:poss	nmod:poss	True	True	True	False	False	False	1	1	0
Hartt1938:0:0:392	4	kiwira	kiwira	NOUN	1	1	nsubj	nsubj	True	True	True	False	False	False	3	3	0
Hartt1938:0:0:392	5	?	?	PUNCT	1	1	punct	punct	True	True	True	False	False	False	4	4	0
Hartt1938:0:0:410	1	Apigawa	apigawa	NOUN	2	2	nsubj	nsubj	True	True	True	False	False	False	1	1	0
Hartt1938:0:0:410	2	usika	sika	VERB	5	0	advcl	root	False	False	False	False	False	True	3	2	-5
Hartt1938:0:0:410	3	iké	iké	ADV	2	2	advmod	advmod	True	True	True	False	False	False	1	1	0
Hartt1938:0:0:410	4	renuné	renuné	SCONJ	2	5	mark	mark	False	True	False	True	False	False	2	1	3
Hartt1938:0:0:410	5	usú	sú	VERB	0	2	root	advcl	False	False	False	False	False	True	5	3	2
Hartt1938:0:0:410	6	suka	uka	NOUN	5	5	obl	obl	True	True	True	False	False	False	1	1	0
Hartt1938:0:0:410	7	upé	upé	ADP	6	6	case	case	True	True	True	False	False	False	1	1	0
Hartt1938:0:0:410	8	unheẽ	nheẽ	VERB	5	5	advcl	advcl	True	True	True	False	False	False	3	3	0
Hartt1938:0:0:410	9	arama	arama	SCONJ	8	8	mark	mark	True	True	True	False	False	False	1	1	0
Hartt1938:0:0:410	10	ximirikú	simirikú	NOUN	8	8	obl	iobj	True	False	False	False	True	False	2	2	0
Hartt1938:0:0:410	11	supé	supé	ADP	10	10	case	case	True	True	True	False	False	False	1	1	0
Hartt1938:0:0:410	12	.	.	PUNCT	5	2	punct	punct	False	True	False	True	False	False	7	10	-3
Hartt1938:0:0:426	1	Xasikié	sikié	VERB	0	0	root	root	True	True	True	False	False	False	1	1	0
Hartt1938:0:0:426	2	.	.	PUNCT	1	1	punct	punct	True	True	True	False	False	False	1	1	0
Hartt1938:0:0:430	1	Pixana	pixana	NOUN	2	2	nsubj	nsubj	True	True	True	False	False	False	1	1	0
Hartt1938:0:0:430	2	upisika	pisika	VERB	0	0	root	root	True	True	True	False	False	False	2	2	0
Hartt1938:0:0:430	3	putari	putari	AUX	2	2	aux	aux	True	True	True	False	False	False	1	1	0
Hartt1938:0:0:430	4	wawirú	wawirú	NOUN	2	2	obj	obj	True	True	True	False	False	False	2	2	0
Hartt1938:0:0:430	5	.	.	PUNCT	2	2	punct	punct	True	True	True	False	False	False	3	3	0
Hartt1938:0:0:435	1	Se	se	PRON	2	2	nsubj	nsubj	True	True	True	False	False	False	1	1	0
Hartt1938:0:0:435	2	yumasí	yumasí	VERB	0	0	root	root	True	True	True	False	False	False	2	2	0
Hartt1938:0:0:435	3	xaikú	ikú	AUX	2	2	aux	aux	True	True	True	False	False	False	1	1	0
Hartt1938:0:0:435	4	.	.	PUNCT	2	2	punct	punct	True	True	True	False	False	False	2	2	0
Hartt1938:0:0:452	1	Xasú	sú	VERB	0	0	root	root	True	True	True	False	False	False	1	1	0
Hartt1938:0:0:452	2	paraná	paraná	NOUN	3	3	nmod:poss	nmod:poss	True	True	True	False	False	False	1	1	0
Hartt1938:0:0:452	3	igapira	igapira	NOUN	1	1	obl	obl	True	True	True	False	False	False	2	2	0
Hartt1938:0:0:452	4	kití	kití	ADP	3	3	case	case	True	True	True	False	False	False	1	1	0
Hartt1938:0:0:452	5	.	.	PUNCT	1	1	punct	punct	True	True	True	False	False	False	4	4	0
Hartt1938:0:0:457	1	Se	se	PRON	2	2	obj	obj	True	True	True	False	False	False	1	1	0
Hartt1938:0:0:457	2	pitimú	pitimú	VERB	0	0	root	root	True	True	True	False	False	False	2	2	0
Hartt1938:0:0:457	3	iné	iné	PRON	2	2	nsubj	nsubj	True	True	True	False	False	False	1	1	0
Hartt1938:0:0:457	4	,	,	PUNCT	5	5	punct	punct	True	True	True	False	False	False	1	1	0
Hartt1938:0:0:457	5	kurutẽi	kurutẽi	ADV	2	2	advmod	advmod	True	True	True	False	False	False	3	3	0
Hartt1938:0:0:457	6	!	!	PUNCT	5	2	punct	punct	False	True	False	True	False	False	1	4	-3
Hartt1938:0:0:459	1	Pesikí	sikí	VERB	0	0	root	root	True	True	True	False	False	False	1	1	0
Hartt1938:0:0:459	2	!	!	PUNCT	1	1	punct	punct	True	True	True	False	False	False	1	1	0
Hartt1938:0:0:479-1	1	Xayupeé	yupeé	VERB	0	0	root	root	True	True	True	False	False	False	1	1	0
Hartt1938:0:0:479-1	2	xaikú	ikú	AUX	1	1	aux	aux	True	True	True	False	False	False	1	1	0
Hartt1938:0:0:479-1	3	.	.	PUNCT	1	1	punct	punct	True	True	True	False	False	False	2	2	0
Hartt1938:0:0:482	1	Xasú	sú	AUX	2	2	aux	aux	True	True	True	False	False	False	1	1	0
Hartt1938:0:0:482	2	xamupuãmu	mupuãmu	VERB	0	0	root	root	True	True	True	False	False	False	2	2	0
Hartt1938:0:0:482	3	taína	taína	NOUN	2	2	obj	obj	True	True	True	False	False	False	1	1	0
Hartt1938:0:0:482	4	.	.	PUNCT	2	2	punct	punct	True	True	True	False	False	False	2	2	0
Hartt1938:0:0:488-1	1	Apigawa	apigawa	NOUN	2	2	nsubj	nsubj	True	True	True	False	False	False	1	1	0
Hartt1938:0:0:488-1	2	uri	yuri	VERB	0	0	root	root	True	True	True	False	False	False	2	2	0
Hartt1938:0:0:488-1	3	Piauí	piauí	PROPN	2	2	obl	obl	True	True	True	False	False	False	1	1	0
Hartt1938:0:0:488-1	4	suí	suí	ADP	3	3	case	case	True	True	True	False	False	False	1	1	0
Hartt1938:0:0:488-1	5	.	.	PUNCT	2	2	punct	punct	True	True	True	False	False	False	3	3	0
Hartt1938:0:0:493	1	Xasapí	sapí	VERB	0	0	root	root	True	True	True	False	False	False	1	1	0
Hartt1938:0:0:493	2	se	se	PRON	3	3	nmod:poss	nmod:poss	True	True	True	False	False	False	1	1	0
Hartt1938:0:0:493	3	pí	pí	NOUN	1	1	obj	obj	True	True	True	False	False	False	2	2	0
Hartt1938:0:0:493	4	,	,	PUNCT	5	5	punct	punct	True	True	True	False	False	False	1	1	0
Hartt1938:0:0:493	5	uri	yuri	VERB	1	1	parataxis	parataxis	True	True	True	False	False	False	4	4	0
Hartt1938:0:0:493	6	ií	ií	NOUN	5	5	nsubj	obj	True	False	False	False	True	False	1	1	0
Hartt1938:0:0:493	7	upupuri	pupuri	VERB	5	5	parataxis	xcomp	True	False	False	False	True	False	2	2	0
Hartt1938:0:0:493	8	i	i	PRON	7	7	obl	obl	True	True	True	False	False	False	1	1	0
Hartt1938:0:0:493	9	pupé	pupé	ADP	8	8	case	case	True	True	True	False	False	False	1	1	0
Hartt1938:0:0:493	10	.	.	PUNCT	1	1	punct	punct	True	True	True	False	False	False	9	9	0
Hartt1938:0:0:519	1	Xasú	sú	AUX	2	2	aux	aux	True	True	True	False	False	False	1	1	0
Hartt1938:0:0:519	2	xayumumeú	mumeú	VERB	0	0	root	root	True	True	True	False	False	False	2	2	0
Hartt1938:0:0:519	3	paí	paí	NOUN	2	2	obl	obl	True	True	True	False	False	False	1	1	0
Hartt1938:0:0:519	4	irũ	irũ	ADP	3	3	case	case	True	True	True	False	False	False	1	1	0
Hartt1938:0:0:519	5	xayari	yari	VERB	2	2	advcl	advcl	True	True	True	False	False	False	3	3	0
Hartt1938:0:0:519	6	arama	arama	SCONJ	5	5	mark	mark	True	True	True	False	False	False	1	1	0
Hartt1938:0:0:519	7	tupana	tupana	NOUN	5	5	obj	obj	True	True	True	False	False	False	2	2	0
Hartt1938:0:0:519	8	.	.	PUNCT	2	2	punct	punct	True	True	True	False	False	False	6	6	0
Hartt1938:0:0:541	1	Maã	maã	DET	2	2	det	det	True	True	True	False	False	False	1	1	0
Hartt1938:0:0:541	2	ara	ara	NOUN	0	0	root	root	True	True	True	False	False	False	2	2	0
Hartt1938:0:0:541	3	taá	taá	PART	2	2	advmod	advmod	True	True	True	False	False	False	1	1	0
Hartt1938:0:0:541	4	kwaá	kwaá	DET	2	2	nsubj	nsubj	True	True	True	False	False	False	2	2	0
Hartt1938:0:0:541	5	?	?	PUNCT	2	2	punct	punct	True	True	True	False	False	False	3	3	0
Hartt1938:0:0:553	1	Adéu	adéu	INTJ	3	3	discourse	discourse	True	True	True	False	False	False	2	2	0
Hartt1938:0:0:553	2	uka	uka	NOUN	3	3	nmod:poss	nmod:poss	True	True	True	False	False	False	1	1	0
Hartt1938:0:0:553	3	yara	yara	NOUN	0	0	root	root	True	True	True	False	False	False	3	3	0
Hartt1938:0:0:553	4	!	!	PUNCT	3	3	punct	punct	True	True	True	False	False	False	1	1	0
Hartt1938:0:0:566	1	Se	se	PRON	2	2	nmod:poss	nmod:poss	True	True	True	False	False	False	1	1	0
Hartt1938:0:0:566	2	pakúa	pakúa	NOUN	4	4	nsubj	nsubj	True	True	True	False	False	False	2	2	0
Hartt1938:0:0:566	3	i	i	PRON	4	4	expl	expl	True	True	True	False	False	False	1	1	0
Hartt1938:0:0:566	4	yuka	yuka	VERB	0	0	root	root	True	True	True	False	False	False	4	4	0
Hartt1938:0:0:566	5	ã	ã	PART	4	4	advmod	advmod	True	True	True	False	False	False	1	1	0
Hartt1938:0:0:566	6	.	.	PUNCT	4	4	punct	punct	True	True	True	False	False	False	2	2	0
Hartt1938:0:0:569	1	Xaú	ú	VERB	0	0	root	root	True	True	True	False	False	False	1	1	0
Hartt1938:0:0:569	2	kawĩ	kawĩ	NOUN	3	3	nmod:poss	nmod:poss	True	True	True	False	False	False	1	1	0
Hartt1938:0:0:569	3	mangarataya	mangarataya	NOUN	1	1	obj	obj	True	True	True	False	False	False	2	2	0
Hartt1938:0:0:569	4	.	.	PUNCT	1	1	punct	punct	True	True	True	False	False	False	3	3	0
Hartt1938:0:0:577	1	Ekũi	sú	AUX	2	2	aux	aux	True	True	True	False	False	False	1	1	0
Hartt1938:0:0:577	2	ememúi	memúi	VERB	0	0	root	root	True	True	True	False	False	False	2	2	0
Hartt1938:0:0:577	3	yané	yané	PRON	4	4	nmod:poss	nmod:poss	True	True	True	False	False	False	1	1	0
Hartt1938:0:0:577	4	rimiú	timiú	NOUN	2	2	obj	obj	True	True	True	False	False	False	2	2	0
Hartt1938:0:0:577	5	.	.	PUNCT	2	2	punct	punct	True	True	True	False	False	False	3	3	0
Hartt1938:0:0:579	1	Xamukaẽ	mukaẽ	VERB	0	0	root	root	True	True	True	False	False	False	1	1	0
Hartt1938:0:0:579	2	xaikú	ikú	AUX	1	1	aux	aux	True	True	True	False	False	False	1	1	0
Hartt1938:0:0:579	3	tatú	tatú	NOUN	1	1	obj	obj	True	True	True	False	False	False	2	2	0
Hartt1938:0:0:579	4	.	.	PUNCT	1	1	punct	punct	True	True	True	False	False	False	3	3	0
Hartt1938:0:0:586	1	Kwaá	kwaá	DET	2	2	det	det	True	True	True	False	False	False	1	1	0
Hartt1938:0:0:586	2	timiú	timiú	NOUN	4	4	nsubj	nsubj	True	True	True	False	False	False	2	2	0
Hartt1938:0:0:586	3	intí	intí	PART	4	4	advmod	advmod	True	True	True	False	False	False	1	1	0
Hartt1938:0:0:586	4	usika	sika	VERB	0	0	root	root	True	True	True	False	False	False	4	4	0
Hartt1938:0:0:586	5	yaú	ú	VERB	4	4	advcl	advcl	True	True	True	False	False	False	1	1	0
Hartt1938:0:0:586	6	arama	arama	SCONJ	5	5	mark	mark	True	True	True	False	False	False	1	1	0
Hartt1938:0:0:586	7	.	.	PUNCT	4	4	punct	punct	True	True	True	False	False	False	3	3	0
Hartt1938:0:0:588	1	Xasú	sú	AUX	2	2	aux	aux	True	True	True	False	False	False	1	1	0
Hartt1938:0:0:588	2	xamaú	maú	VERB	0	0	root	root	True	True	True	False	False	False	2	2	0
Hartt1938:0:0:588	3	,	,	PUNCT	5	5	punct	punct	True	True	True	False	False	False	2	2	0
Hartt1938:0:0:588	4	se	se	PRON	5	5	nsubj	nsubj	True	True	True	False	False	False	1	1	0
Hartt1938:0:0:588	5	yumasí	yumasí	VERB	2	2	parataxis	parataxis	True	True	True	False	False	False	3	3	0
Hartt1938:0:0:588	6	xaikú	ikú	AUX	5	5	aux	aux	True	True	True	False	False	False	1	1	0
Hartt1938:0:0:588	7	.	.	PUNCT	2	2	punct	punct	True	True	True	False	False	False	5	5	0
Hartt1938:0:0:589	1	Yasú	sú	AUX	2	2	aux	aux	True	True	True	False	False	False	1	1	0
Hartt1938:0:0:589	2	yasusuka	suka	VERB	0	0	root	root	True	True	True	False	False	False	2	2	0
Hartt1938:0:0:589	3	awatií	awatií	NOUN	2	2	obj	obj	True	True	True	False	False	False	1	1	0
Hartt1938:0:0:589	4	.	.	PUNCT	2	2	punct	punct	True	True	True	False	False	False	2	2	0
Hartt1938:0:0:596-2	1	Kurasí	kurasí	NOUN	2	2	nsubj	nsubj	True	True	True	False	False	False	1	1	0
Hartt1938:0:0:596-2	2	yasendí	rendí	VERB	0	0	root	root	True	True	True	False	False	False	2	2	0
Hartt1938:0:0:596-2	3	wã	wã	PART	2	2	advmod	advmod	True	True	True	False	False	False	1	1	0
Hartt1938:0:0:596-2	4	.	.	PUNCT	2	2	punct	punct	True	True	True	False	False	False	2	2	0
Hartt1938:0:0:613	1	Usika	sika	VERB	0	0	root	root	True	True	True	False	False	False	1	1	0
Hartt1938:0:0:613	2	se	se	PRON	1	1	obl	obl	True	True	True	False	False	False	1	1	0
Hartt1938:0:0:613	3	rakakwera	rakakwera	ADP	2	2	case	case	True	True	True	False	False	False	1	1	0
Hartt1938:0:0:613	4	.	.	PUNCT	1	1	punct	punct	True	True	True	False	False	False	3	3	0
Hartt1938:0:0:632	1	Usika	sika	VERB	0	0	root	root	True	True	True	False	False	False	1	1	0
Hartt1938:0:0:632	2	iké	iké	ADV	1	1	advmod	advmod	True	True	True	False	False	False	1	1	0
Hartt1938:0:0:632	3	yepé	yepé	DET	4	4	det	det	True	True	True	False	False	False	1	1	0
Hartt1938:0:0:632	4	kariwa	kariwa	NOUN	1	5	nsubj	nsubj	False	True	False	True	False	False	3	1	4
Hartt1938:0:0:632	5	suai	suaiwara	ADJ	4	1	amod	parataxis	False	False	False	False	False	True	1	4	-3
Hartt1938:0:0:632	6	wara	_	X	5	5	goeswith	goeswith	True	True	True	False	False	False	1	1	0
Hartt1938:0:0:632	7	ururi	ruri	VERB	1	5	parataxis	parataxis	False	True	False	True	False	False	6	2	4
Hartt1938:0:0:632	8	pana	pana	NOUN	7	7	obj	obj	True	True	True	False	False	False	1	1	0
Hartt1938:0:0:632	9	uvenderi	venderi	VERB	7	7	advcl	advcl	True	True	True	False	False	False	2	2	0
Hartt1938:0:0:632	10	arama	arama	SCONJ	9	9	mark	mark	True	True	True	False	False	False	1	1	0
Hartt1938:0:0:632	11	.	.	PUNCT	1	1	punct	punct	True	True	True	False	False	False	10	10	0
Hartt1938:0:0:655	1	Maã	maã	PRON	5	5	obl	obl	True	True	True	False	False	False	4	4	0
Hartt1938:0:0:655	2	resé	resé	ADP	1	1	case	case	True	True	True	False	False	False	1	1	0
Hartt1938:0:0:655	3	taá	taá	PART	5	5	advmod	advmod	True	True	True	False	False	False	2	2	0
Hartt1938:0:0:655	4	kuité	kuité	ADV	5	5	advmod	advmod	True	True	True	False	False	False	1	1	0
Hartt1938:0:0:655	5	renheẽ	nheẽ	VERB	0	0	root	root	True	True	True	False	False	False	5	5	0
Hartt1938:0:0:655	6	yawé	yawé	ADV	5	5	advmod	advmod	True	True	True	False	False	False	1	1	0
Hartt1938:0:0:655	7	?	?	PUNCT	5	5	punct	punct	True	True	True	False	False	False	2	2	0
Hartt1938:0:0:664	1	Se	se	PRON	2	2	nsubj	nsubj	True	True	True	False	False	False	1	1	0
Hartt1938:0:0:664	2	rurí	rurí	VERB	0	0	root	root	True	True	True	False	False	False	2	2	0
Hartt1938:0:0:664	3	xaikú	ikú	AUX	2	2	aux	aux	True	True	True	False	False	False	1	1	0
Hartt1938:0:0:664	4	.	.	PUNCT	2	2	punct	punct	True	True	True	False	False	False	2	2	0
Hartt1938:0:0:675	1	Mairamé	marama	ADV	2	2	advmod	advmod	True	True	True	False	False	False	1	1	0
Hartt1938:0:0:675	2	reputari	putari	VERB	0	0	root	root	True	True	True	False	False	False	2	2	0
Hartt1938:0:0:675	3	yané	yané	PRON	4	4	nmod:poss	nmod:poss	True	True	True	False	False	False	1	1	0
Hartt1938:0:0:675	4	nheenga	nheenga	NOUN	2	2	obj	obj	True	True	True	False	False	False	2	2	0
Hartt1938:0:0:675	5	?	?	PUNCT	2	2	punct	punct	True	True	True	False	False	False	3	3	0
Hartt1938:0:0:676-2	1	Ixé	ixé	PRON	2	2	nsubj	nsubj	True	True	True	False	False	False	1	1	0
Hartt1938:0:0:676-2	2	xamué	mué	VERB	0	0	root	root	True	True	True	False	False	False	2	2	0
Hartt1938:0:0:676-2	3	putari	putari	AUX	2	2	aux	aux	True	True	True	False	False	False	1	1	0
Hartt1938:0:0:676-2	4	se	se	PRON	5	5	nmod:poss	nmod:poss	True	True	True	False	False	False	1	1	0
Hartt1938:0:0:676-2	5	kamarara-itá	kamarara	NOUN	2	2	obj	obj	True	True	True	False	False	False	3	3	0
Hartt1938:0:0:676-2	6	.	.	PUNCT	2	2	punct	punct	True	True	True	False	False	False	4	4	0
Hartt1938:0:0:692	1	Iné	iné	PRON	3	3	nsubj	nsubj	True	True	True	False	False	False	2	2	0
Hartt1938:0:0:692	2	ne	ne	PRON	3	3	expl	expl	True	True	True	False	False	False	1	1	0
Hartt1938:0:0:692	3	kirimawa	kirimawa	ADJ	0	0	root	root	True	True	True	False	False	False	3	3	0
Hartt1938:0:0:692	4	piri	piri	ADV	3	3	advmod	advmod	True	True	True	False	False	False	1	1	0
Hartt1938:0:0:692	5	amú-itá	amú	PRON	3	3	obl	obl	True	True	True	False	False	False	2	2	0
Hartt1938:0:0:692	6	suí	suí	ADP	5	5	case	case	True	True	True	False	False	False	1	1	0
Hartt1938:0:0:692	7	.	.	PUNCT	3	3	punct	punct	True	True	True	False	False	False	4	4	0
Hartt1938:0:0:704	1	Ekũi	sú	VERB	0	0	root	root	True	True	True	False	False	False	1	1	0
Hartt1938:0:0:704	2	tatapunha	tatapunha	NOUN	1	1	obj	obj	True	True	True	False	False	False	1	1	0
Hartt1938:0:0:704	3	ixéu	ixéu	PRON	1	1	iobj	iobj	True	True	True	False	False	False	2	2	0
Hartt1938:0:0:704	4	.	.	PUNCT	1	1	punct	punct	True	True	True	False	False	False	3	3	0
Hartt1938:0:0:705	1	Se	se	PRON	2	2	nsubj	nsubj	True	True	True	False	False	False	1	1	0
Hartt1938:0:0:705	2	arasí	arasí	VERB	0	0	root	root	True	True	True	False	False	False	2	2	0
Hartt1938:0:0:705	3	reté	reté	ADV	2	2	advmod	advmod	True	True	True	False	False	False	1	1	0
Hartt1938:0:0:705	4	intí	intí	PART	6	6	advmod	advmod	True	True	True	False	False	False	2	2	0
Hartt1938:0:0:705	5	resé	resé	SCONJ	6	6	mark	mark	True	True	True	False	False	False	1	1	0
Hartt1938:0:0:705	6	xasú	sú	VERB	2	2	advcl	advcl	True	True	True	False	False	False	4	4	0
Hartt1938:0:0:705	7	kwáu	kwáu	AUX	6	6	aux	aux	True	True	True	False	False	False	1	1	0
Hartt1938:0:0:705	8	.	.	PUNCT	2	2	punct	punct	True	True	True	False	False	False	6	6	0
Hartt1938:0:0:709	1	Nhaã	nhaã	DET	2	2	det	det	True	True	True	False	False	False	1	1	0
Hartt1938:0:0:709	2	apigawa	apigawa	NOUN	5	5	nsubj	nsubj	True	True	True	False	False	False	3	3	0
Hartt1938:0:0:709	3	nhũ	nhũ	ADV	2	5	advmod	advmod	False	True	False	True	False	False	1	2	3
Hartt1938:0:0:709	4	tenhẽ	tenhẽ	PART	2	5	advmod	advmod	False	True	False	True	False	False	2	1	3
Hartt1938:0:0:709	5	uyasaisú	saisú	VERB	0	0	root	root	True	True	True	False	False	False	5	5	0
Hartt1938:0:0:709	6	.	.	PUNCT	5	5	punct	punct	True	True	True	False	False	False	1	1	0
Hartt1938:0:0:721	1	Intí	intí	PART	2	2	advmod	advmod	True	True	True	False	False	False	1	1	0
Hartt1938:0:0:721	2	xayumusarái	yumusarái	VERB	0	0	root	root	True	True	True	False	False	False	2	2	0
Hartt1938:0:0:721	3	ne	ne	PRON	2	2	obl	obl	True	True	True	False	False	False	1	1	0
Hartt1938:0:0:721	4	rũ	irũ	ADP	3	3	case	case	True	True	True	False	False	False	1	1	0
Hartt1938:0:0:721	5	.	.	PUNCT	2	2	punct	punct	True	True	True	False	False	False	3	3	0
Hartt1938:0:0:729	1	Eparawaka	parawaka	VERB	0	0	root	root	True	True	True	False	False	False	1	1	0
Hartt1938:0:0:729	2	ã	ã	PART	1	1	advmod	advmod	True	True	True	False	False	False	1	1	0
Hartt1938:0:0:729	3	mukũi	mukũi	NUM	4	4	nummod	nummod	True	True	True	False	False	False	1	1	0
Hartt1938:0:0:729	4	imirá	imirá	NOUN	1	1	obj	obj	True	True	True	False	False	False	3	3	0
Hartt1938:0:0:729	5	.	.	PUNCT	1	1	punct	punct	True	True	True	False	False	False	4	4	0
Costa1909:1:12:12	1	Ti	ti	PART	2	2	advmod	advmod	True	True	True	False	False	False	1	1	0
Costa1909:1:12:12	2	apurakí	purakí	VERB	0	0	root	root	True	True	True	False	False	False	2	2	0
Costa1909:1:12:12	3	putari	putari	AUX	2	2	aux	aux	True	True	True	False	False	False	1	1	0
Costa1909:1:12:12	4	kurasí	kurasí	NOUN	5	2	nmod:poss	obj	False	False	False	False	False	True	1	2	-3
Costa1909:1:12:12	5	ara	ara	NOUN	2	2	obl	obl	True	True	True	False	False	False	3	3	0
Costa1909:1:12:12	6	ramé	ramé	ADP	5	5	case	case	True	True	True	False	False	False	1	1	0
Costa1909:1:12:12	7	,	,	PUNCT	10	12	punct	punct	False	True	False	True	False	False	3	5	2
Costa1909:1:12:12	8	ti	ti	PART	10	12	advmod	advmod	False	True	False	True	False	False	2	4	2
Costa1909:1:12:12	9	maã	maã	DET	8	8	fixed	fixed	True	True	True	False	False	False	1	1	0
Costa1909:1:12:12	10	pusanga	pusanga	NOUN	2	12	parataxis	obj	False	False	False	False	False	True	8	2	10
Costa1909:1:12:12	11	kuíri	kuíri	ADV	10	12	advmod	advmod	False	True	False	True	False	False	1	1	2
Costa1909:1:12:12	12	ayururéu	yururéu	VERB	10	2	parataxis	parataxis	False	True	False	True	False	False	2	10	-8
Costa1909:1:12:12	13	ti	ti	PART	15	15	advmod	advmod	True	True	True	False	False	False	2	2	0
Costa1909:1:12:12	14	arama	arama	SCONJ	15	15	mark	mark	True	True	True	False	False	False	1	1	0
Costa1909:1:12:12	15	amanú	manú	VERB	12	12	advcl	advcl	True	True	True	False	False	False	3	3	0
Costa1909:1:12:12	16	.	.	PUNCT	2	2	punct	punct	True	True	True	False	False	False	14	14	0
Aguiar1898:1:10:10	1	―	―	PUNCT	2	2	punct	punct	True	True	True	False	False	False	1	1	0
Aguiar1898:1:10:10	2	Awá	awá	DET	0	0	root	root	True	True	True	False	False	False	2	2	0
Aguiar1898:1:10:10	3	taá	taá	PART	2	2	advmod	advmod	True	True	True	False	False	False	1	1	0
Aguiar1898:1:10:10	4	aé	aé	DET	2	5	det	det	False	True	False	True	False	False	2	1	3
Aguiar1898:1:10:10	5	Tupana	tupana	NOUN	2	2	nsubj	nsubj	True	True	True	False	False	False	3	3	0
Aguiar1898:1:10:10	6	?	?	PUNCT	2	2	punct	punct	True	True	True	False	False	False	4	4	0
Aguiar1898:2:8:19	1	―	―	PUNCT	5	5	punct	punct	True	True	True	False	False	False	4	4	0
Aguiar1898:2:8:19	2	Aé	aré	PART	5	5	advmod	advmod	True	True	True	False	False	False	3	3	0
Aguiar1898:2:8:19	3	;	;	PUNCT	5	5	punct	punct	True	True	True	False	False	False	2	2	0
Aguiar1898:2:8:19	4	Taíra	taíra	NOUN	5	5	nsubj	nsubj	True	True	True	False	False	False	1	1	0
Aguiar1898:2:8:19	5	Tupana	tupana	NOUN	0	0	root	root	True	True	True	False	False	False	5	5	0
Aguiar1898:2:8:19	6	.	.	PUNCT	5	5	punct	punct	True	True	True	False	False	False	1	1	0
Aguiar1898:3:8:36	1	―	―	PUNCT	2	2	punct	punct	True	True	True	False	False	False	1	1	0
Aguiar1898:3:8:36	2	Upitá	pitá	VERB	0	0	root	root	True	True	True	False	False	False	2	2	0
Aguiar1898:3:8:36	3	.	.	PUNCT	2	2	punct	punct	True	True	True	False	False	False	1	1	0
Aguiar1898:4:6:50	1	―	―	PUNCT	3	3	punct	punct	True	True	True	False	False	False	2	2	0
Aguiar1898:4:6:50	2	Yané	yané	PRON	3	3	obj	nsubj	True	False	False	False	True	False	1	1	0
Aguiar1898:4:6:50	3	pisirú	pisirú	VERB	0	0	root	root	True	True	True	False	False	False	3	3	0
Aguiar1898:4:6:50	4	,	,	PUNCT	5	5	punct	punct	True	True	True	False	False	False	1	1	0
Aguiar1898:4:6:50	5	salvari	salvari	VERB	3	3	conj	advcl	True	False	False	False	True	False	2	2	0
Aguiar1898:4:6:50	6	arama	arama	SCONJ	3	5	mark	mark	False	True	False	True	False	False	3	1	2
Aguiar1898:4:6:50	7	.	.	PUNCT	3	3	punct	punct	True	True	True	False	False	False	4	4	0
Aguiar1898:11:5:79	1	Teẽ	teẽ	PART	2	2	advmod	advmod	True	True	True	False	False	False	1	1	0
Aguiar1898:11:5:79	2	reyuká	yuká	VERB	0	0	root	root	True	True	True	False	False	False	2	2	0
Aguiar1898:11:5:79	3	.	.	PUNCT	2	2	punct	punct	True	True	True	False	False	False	1	1	0
Aguiar1898:21-1:3:147	1	Unheẽ	nheẽ	VERB	0	0	root	root	True	True	True	False	False	False	1	1	0
Aguiar1898:21-1:3:147	2	Tupana	tupana	NOUN	1	1	nsubj	obj	True	False	False	False	True	False	1	1	0
Aguiar1898:21-1:3:147	3	:	:	PUNCT	5	5	punct	punct	True	True	True	False	False	False	2	2	0
Aguiar1898:21-1:3:147	4	—	—	PUNCT	5	5	punct	punct	True	True	True	False	False	False	1	1	0
Aguiar1898:21-1:3:147	5	Yumunhã	munhã	VERB	1	1	ccomp	parataxis	True	False	False	False	True	False	4	4	0
Aguiar1898:21-1:3:147	6	kandéa	kandéa	NOUN	5	5	nsubj	obj	True	False	False	False	True	False	1	1	0
Aguiar1898:21-1:3:147	7	;	;	PUNCT	9	9	punct	punct	True	True	True	False	False	False	2	2	0
Aguiar1898:21-1:3:147	8	kandéa	kandéa	NOUN	9	9	nsubj	nsubj	True	True	True	False	False	False	1	1	0
Aguiar1898:21-1:3:147	9	yumunhã	munhã	VERB	5	5	parataxis	parataxis	True	True	True	False	False	False	4	4	0
Aguiar1898:21-1:3:147	10	.	.	PUNCT	1	1	punct	punct	True	True	True	False	False	False	9	9	0
Aguiar1898:21-6:2:542	1	Kwá	kwá	PRON	3	3	obl	obl	True	True	True	False	False	False	2	2	0
Aguiar1898:21-6:2:542	2	yawé	yawé	ADP	1	1	case	case	True	True	True	False	False	False	1	1	0
Aguiar1898:21-6:2:542	3	yumunhã	munhã	VERB	0	0	root	root	True	True	True	False	False	False	3	3	0
Aguiar1898:21-6:2:542	4	.	.	PUNCT	3	3	punct	punct	True	True	True	False	False	False	1	1	0
Aguiar1898:21-7:2:183	1	Tupana	tupana	NOUN	2	2	nsubj	nsubj	True	True	True	False	False	False	1	1	0
Aguiar1898:21-7:2:183	2	upáu	páu	VERB	0	0	root	root	True	True	True	False	False	False	2	2	0
Aguiar1898:21-7:2:183	3	ana	ana	PART	2	2	advmod	advmod	True	True	True	False	False	False	1	1	0
Aguiar1898:21-7:2:183	4	i	i	PRON	5	5	nmod:poss	nmod:poss	True	True	True	False	False	False	1	1	0
Aguiar1898:21-7:2:183	5	munhãsawa	munhãsawa	NOUN	2	2	obj	obj	True	True	True	False	False	False	3	3	0
Aguiar1898:21-7:2:183	6	umunhã	munhã	VERB	5	5	acl:relcl	acl:relcl	True	True	True	False	False	False	1	1	0
Aguiar1898:21-7:2:183	7	waá	waá	PRON	6	6	obj	nsubj	True	False	False	False	True	False	1	1	0
Aguiar1898:21-7:2:183	8	ara	ara	NOUN	2	6	obl	obj	False	False	False	False	False	True	6	2	4
Aguiar1898:21-7:2:183	9	pú-mukũi	pú-mukũi	NUM	8	6	nummod	obl	False	False	False	False	False	True	1	3	-2
Aguiar1898:21-7:2:183	10	upé	upé	ADP	8	9	case	case	False	True	False	True	False	False	2	1	1
Aguiar1898:21-7:2:183	11	.	.	PUNCT	2	2	punct	punct	True	True	True	False	False	False	9	9	0
Aguiar1898:21-8:19:219	1	Aé	aé	PRON	2	2	nsubj	nsubj	True	True	True	False	False	False	1	1	0
Aguiar1898:21-8:19:219	2	umukururi	mukuruí	VERB	0	0	root	root	True	True	True	False	False	False	2	2	0
Aguiar1898:21-8:19:219	3	kurí	kurí	PART	2	2	advmod	advmod	True	True	True	False	False	False	1	1	0
Aguiar1898:21-8:19:219	4	ne	ne	PRON	5	5	nmod:poss	nmod:poss	True	True	True	False	False	False	1	1	0
Aguiar1898:21-8:19:219	5	akã	akã	NOUN	2	2	obj	obj	True	True	True	False	False	False	3	3	0
Aguiar1898:21-8:19:219	6	.	.	PUNCT	2	2	punct	punct	True	True	True	False	False	False	4	4	0
Studart1926:0:0:2810	1	Maã	maã	PRON	3	3	obj	obj	True	True	True	False	False	False	2	2	0
Studart1926:0:0:2810	2	taá	taá	PART	3	3	advmod	advmod	True	True	True	False	False	False	1	1	0
Studart1926:0:0:2810	3	remunhã	munhã	VERB	0	0	root	root	True	True	True	False	False	False	3	3	0
Studart1926:0:0:2810	4	reikú	ikú	AUX	3	3	aux	aux	True	True	True	False	False	False	1	1	0
Studart1926:0:0:2810	5	?	?	PUNCT	3	3	punct	punct	True	True	True	False	False	False	2	2	0
Studart1926:0:0:3590	1	Ekũi	sú	VERB	0	0	root	root	True	True	True	False	False	False	1	1	0
Studart1926:0:0:3590	2	ipiama	piama	VERB	1	1	xcomp	ccomp	True	False	False	False	True	False	1	1	0
Studart1926:0:0:3590	3	ií	ií	NOUN	2	2	obj	obj	True	True	True	False	False	False	1	1	0
Studart1926:0:0:3590	4	.	.	PUNCT	1	1	punct	punct	True	True	True	False	False	False	3	3	0
Avila2021:0:0:731	1	Mi	mi	ADV	5	3	advmod	advmod	False	True	False	True	False	False	4	2	-2
Avila2021:0:0:731	2	iwitera	iwitera	NOUN	3	3	nmod:poss	nmod:poss	True	True	True	False	False	False	1	1	0
Avila2021:0:0:731	3	ara	ara	NOUN	1	5	obl	obl	False	True	False	True	False	False	2	2	4
Avila2021:0:0:731	4	suí	suí	ADP	3	3	case	case	True	True	True	False	False	False	1	1	0
Avila2021:0:0:731	5	yamaã	maã	VERB	0	0	root	root	True	True	True	False	False	False	5	5	0
Avila2021:0:0:731	6	ne	ne	PRON	7	7	nmod:poss	nmod:poss	True	True	True	False	False	False	1	1	0
Avila2021:0:0:731	7	ruka	uka	NOUN	8	8	nmod:poss	nmod:poss	True	True	True	False	False	False	1	1	0
Avila2021:0:0:731	8	kwera	kwera	NOUN	5	5	obj	obj	True	True	True	False	False	False	3	3	0
Avila2021:0:0:731	9	.	.	PUNCT	5	5	punct	punct	True	True	True	False	False	False	4	4	0
