{
  "Parsing sum": {
    "UAS": [
      74.36,
      76.23,
      75.05,
      73.62,
      74.1,
      73.98,
      75.76,
      73.71,
      75.71,
      75.44
    ],
    "LAS": [
      68.5,
      70.44,
      70.15,
      69.08,
      69.41,
      69.09,
      70.6,
      68.12,
      70.79,
      69.45
    ]
  },
  "Parsing average": {
    "UAS": 74.796,
    "LAS": 69.56300000000002
  },
  "Parsing std": {
    "UAS": 0.9546983234974753,
    "LAS": 0.9067653132610072
  },
  "Tokenizer tokens sum": {
    "f1": [
      93.49,
      95.3,
      93.75,
      94.49,
      94.29,
      93.17,
      94.68,
      93.83,
      94.14,
      95.29
    ]
  },
  "Tokenizer tokens average f1": 94.243,
  "Tokenizer tokens std": 0.7157133193923091,
  "Tokenizer multiword sum": {
    "f1": [
      88.31,
      85.42,
      80.0,
      87.64,
      92.31,
      86.96,
      89.19,
      90.2,
      88.31,
      88.61
    ]
  },
  "Tokenizer multiword tokens average f1": 87.695,
  "Tokenizer multiword tokens std": 3.2716602988560894,
  "Tokenizer words sum": {
    "f1": [
      93.42,
      94.99,
      93.52,
      94.38,
      94.23,
      92.99,
      94.49,
      93.71,
      94.01,
      95.11
    ]
  },
  "Tokenizer words average f1": 94.085,
  "Tokenizer words std": 0.6870589494359274,
  "Tokenizer sentences sum": {
    "f1": [
      62.7,
      67.38,
      59.79,
      63.1,
      64.77,
      52.86,
      64.39,
      61.23,
      63.77,
      65.47
    ]
  },
  "Tokenizer sentences average f1": 62.54600000000001,
  "Tokenizer sentences std": 4.017166497254832,
  "Tagging sum": {
    "upostag": [
      88.29,
      90.53,
      89.0,
      90.37,
      89.38,
      88.65,
      89.71,
      88.52,
      90.48,
      90.24
    ],
    "xpostag": [
      87.14,
      89.78,
      88.2,
      89.33,
      89.12,
      87.78,
      89.21,
      87.8,
      89.47,
      89.47
    ],
    "feats": [
      83.89,
      87.44,
      85.5,
      86.36,
      86.75,
      85.12,
      86.2,
      85.25,
      86.91,
      86.29
    ],
    "lemmas": [
      89.36,
      91.97,
      90.94,
      90.87,
      91.56,
      89.02,
      91.37,
      90.88,
      90.77,
      92.12
    ]
  },
  "Tagging average f1": {
    "upostag": 89.51700000000001,
    "xpostag": 88.73,
    "feats": 85.97099999999999,
    "lemmas": 90.886
  },
  "Tagging std": {
    "upostag": 0.8678459924817685,
    "xpostag": 0.9138806146197526,
    "feats": 1.0407523987748255,
    "lemmas": 1.0117992774151312
  }
}